ID naselja,Naziv naselja,Eksterni ID naselja,ID općine,Naziv općine,Eksterni ID općine,ID županije,Naziv županije,Eksterni ID županije
19,Ada,19,6149,Šodolovci,6149,14,Osječko-baranjska,14
27,Adamovec,27,1333,Grad Zagreb,1333,22,Grad Zagreb,22
35,Adžamovci,35,3727,Rešetari,3727,12,Brodsko-posavska,12
43,Alaginci,43,3514,Požega,3514,11,Požeško-slavonska,11
51,Alan,51,3875,Senj,3875,9,Ličko-senjska,9
78,Aleksandrovac,78,4758,Velika,4758,11,Požeško-slavonska,11
86,Aleksinica,86,1309,Gospić,1309,9,Ličko-senjska,9
94,Alilovci,94,1775,Kaptol,1775,11,Požeško-slavonska,11
108,Aljmaš,108,1104,Erdut,1104,14,Osječko-baranjska,14
116,Amatovci,116,353,Brestovac,353,11,Požeško-slavonska,11
124,Andigola,124,639,Čazma,639,7,Bjelovarsko-bilogorska,7
132,Andraševec,132,3115,Oroslavje,3115,2,Krapinsko-zagorska,2
159,Andrijaševci,159,19,Andrijaševci,19,16,Vukovarsko-srijemska,16
35041,Andrijevac,35041,2054,Koška,2054,14,Osječko-baranjska,14
167,Andrilovec,167,1015,Dugo Selo,1015,1,Zagrebačka,1
175,Antenal,175,2917,Novigrad - Istarska ž.,2917,18,Istarska,18
183,Antin,183,4588,Tordinci,4588,16,Vukovarsko-srijemska,16
191,Antolovec,191,2275,Legrad,2275,6,Koprivničko-križevačka,6
205,Anton,205,2739,Mošćenička Draga,2739,8,Primorsko-goranska,8
213,Antonci,213,1384,Grožnjan,1384,18,Istarska,18
221,Antonci,221,3484,Poreč,3484,18,Istarska,18
230,Antovo,230,4880,Vinodolska Općina,4880,8,Primorsko-goranska,8
248,Antunovac,248,27,Antunovac,27,14,Osječko-baranjska,14
256,Antunovac,256,2313,Lipik,2313,11,Požeško-slavonska,11
76606,Antunovac,76591,4758,Velika,4758,11,Požeško-slavonska,11
264,Anžići,264,4979,Višnjan,4979,18,Istarska,18
272,Apatija,272,2445,Ludbreg,2445,5,Varaždinska,5
299,Apatovec,299,2143,Križevci,2143,6,Koprivničko-križevačka,6
302,Apševci,302,2950,Nijemci,2950,16,Vukovarsko-srijemska,16
329,Arapovac,329,4006,Slunj,4006,4,Karlovačka,4
337,Arbanija,337,4634,Trogir,4634,17,Splitsko-dalmatinska,17
345,Aržano,345,507,Cista Provo,507,17,Splitsko-dalmatinska,17
353,Ašikovci,353,3344,Pleternica,3344,11,Požeško-slavonska,11
361,Auguštanovec,361,5444,Pokupsko,5444,1,Zagrebačka,1
396,Babići,396,5975,Kaštelir - Labinci,5975,18,Istarska,18
388,Babići,388,4685,Umag,4685,18,Istarska,18
400,Babina Greda,400,35,Babina Greda,35,16,Vukovarsko-srijemska,16
418,Babina Rijeka,418,833,Donji Kukuruzari,833,3,Sisačko-moslavačka,3
426,Babinac,426,1619,Ivanska,1619,7,Bjelovarsko-bilogorska,7
434,Babinac,434,4782,Velika Pisanica,4782,7,Bjelovarsko-bilogorska,7
442,Babindub,442,5207,Zadar,5207,13,Zadarska,13
469,Babinec,469,485,Cestica,485,5,Varaždinska,5
477,Babino Polje,477,2682,Mljet,2682,19,Dubrovačko-neretvanska,19
493,Babotok,493,1767,Kapela,1767,7,Bjelovarsko-bilogorska,7
76317,Babudri,76317,4979,Višnjan,4979,18,Istarska,18
507,Bačevac,507,1368,Gradina,1368,10,Virovitičko-podravska,10
515,Bačići,515,4880,Vinodolska Općina,4880,8,Primorsko-goranska,8
523,Bačkovica,523,4782,Velika Pisanica,4782,7,Bjelovarsko-bilogorska,7
531,Bačva,531,4979,Višnjan,4979,18,Istarska,18
540,Baćin,540,1490,Hrvatska Dubica,1490,3,Sisačko-moslavačka,3
558,Baćin Dol,558,469,Cernik,469,12,Brodsko-posavska,12
566,Baćina,566,3352,Ploče,3352,19,Dubrovačko-neretvanska,19
574,Badanj,574,957,Drniš,957,15,Šibensko-kninska,15
582,Baderna,582,3484,Poreč,3484,18,Istarska,18
604,Badličan,604,6041,Gornji Mihaljevec,6041,20,Međimurska,20
612,Badljevina,612,3182,Pakrac,3182,11,Požeško-slavonska,11
639,Badovinci,639,3158,Ozalj,3158,4,Karlovačka,4
655,Badžula,655,5231,Zažablje,5231,19,Dubrovačko-neretvanska,19
647,Bađinec,647,973,Dubrava,973,1,Zagrebačka,1
698,Baići,698,2810,Netretić,2810,4,Karlovačka,4
663,Bair,663,2933,Novska,2933,3,Sisačko-moslavačka,3
671,Bajagić,671,3891,Sinj,3891,17,Splitsko-dalmatinska,17
680,Bajčići,680,2151,Krk,2151,8,Primorsko-goranska,8
701,Bajkini,701,4987,Vižinada,4987,18,Istarska,18
710,Bakar,710,43,Bakar,43,8,Primorsko-goranska,8
728,Bakarac,728,2097,Kraljevica,2097,8,Primorsko-goranska,8
74829,Bakar-Dio(Sveti Kuzam),74829,3735,Rijeka,3735,8,Primorsko-goranska,8
736,Bakić,736,3956,Slatina,3956,10,Virovitičko-podravska,10
744,Bakovac Kosinjski,744,3239,Perušić,3239,9,Ličko-senjska,9
752,Bakovčica,752,2011,Koprivnica,2011,6,Koprivničko-križevačka,6
779,Baldaši,779,4987,Vižinada,4987,18,Istarska,18
787,Bale,787,51,Bale,51,18,Istarska,18
795,Balići I,795,5312,Žminj,5312,18,Istarska,18
809,Balići Ii Dio,809,60,Barban,60,18,Istarska,18
817,Balinac,817,1210,Glina,1210,3,Sisačko-moslavačka,3
825,Balinci,825,2666,Mikleuš,2666,10,Virovitičko-podravska,10
833,Baljci,833,3778,Ružić,3778,15,Šibensko-kninska,15
841,Bandino Selo,841,4006,Slunj,4006,4,Karlovačka,4
850,Banfi,850,4529,Štrigova,4529,20,Međimurska,20
876,Baničevec,876,5363,Rakovec,5363,1,Zagrebačka,1
868,Banićevac,868,469,Cernik,469,12,Brodsko-posavska,12
884,Banići,884,5983,Dubrovačko Primorje,5983,19,Dubrovačko-neretvanska,19
1023,Banj,1023,3204,Pašman,3204,13,Zadarska,13
1031,Banja,1031,3352,Ploče,3352,19,Dubrovačko-neretvanska,19
1040,Banja,1040,5118,Vrgorac,5118,17,Splitsko-dalmatinska,17
1058,Banje Selo,1058,4294,Sveti Ivan Zelina,4294,1,Zagrebačka,1
1066,Banjevci,1066,4111,Stankovci,4111,13,Zadarska,13
1074,Banjol,1074,3638,Rab,3638,8,Primorsko-goranska,8
1082,Banjole,1082,2631,Medulin,2631,18,Istarska,18
1104,Banjsko Selo,1104,78,Barilovići,78,4,Karlovačka,4
892,Banki,892,3484,Poreč,3484,18,Istarska,18
906,Bankovci,906,3514,Požega,3514,11,Požeško-slavonska,11
914,Bankovci,914,5240,Zdenci,5240,10,Virovitičko-podravska,10
922,Banova Jaruga,922,2208,Kutina,2208,3,Sisačko-moslavačka,3
949,Banovci,949,108,Bebrina,108,12,Brodsko-posavska,12
63169,Banovci,63169,2950,Nijemci,2950,16,Vukovarsko-srijemska,16
957,Banovina,957,1171,Fužine,1171,8,Primorsko-goranska,8
965,Banovo,965,5088,Vrbovec,5088,1,Zagrebačka,1
973,Banska Gorica,973,4669,Tuhelj,4669,2,Krapinsko-zagorska,2
981,Banska Selnica,981,1791,Karlovac,1791,4,Karlovačka,4
990,Banski Kovačevac,990,2259,Lasinja,2259,4,Karlovačka,4
1007,Banski Moravci,1007,1791,Karlovac,1791,4,Karlovačka,4
71170,Bansko Vrpolje,71170,1023,Dvor,1023,3,Sisačko-moslavačka,3
1015,Banšćica,1015,1252,Gornja Stubica,1252,2,Krapinsko-zagorska,2
1112,Bapča,1112,5410,Velika Gorica,5410,1,Zagrebačka,1
1139,Bapska,1139,1546,Ilok,1546,16,Vukovarsko-srijemska,16
1147,Baranjsko Petrovo Selo,1147,3255,Petlovac,3255,14,Osječko-baranjska,14
1155,Barat,1155,1759,Kanfanar,1759,18,Istarska,18
1163,Barat,1163,4979,Višnjan,4979,18,Istarska,18
1171,Barban,1171,60,Barban,60,18,Istarska,18
1180,Barbarići Kravarski,1180,5452,Kravarsko,5452,1,Zagrebačka,1
1198,Barbat Na Rabu,1198,3638,Rab,3638,8,Primorsko-goranska,8
1201,Barbići,1201,3689,Raša,3689,18,Istarska,18
1210,Barci,1210,4880,Vinodolska Općina,4880,8,Primorsko-goranska,8
1228,Baredine,1228,426,Buje,426,18,Istarska,18
1236,Baredine,1236,434,Buzet,434,18,Istarska,18
1244,Baretići,1244,4880,Vinodolska Općina,4880,8,Primorsko-goranska,8
1279,Barica,1279,3905,Sirač,3905,7,Bjelovarsko-bilogorska,7
1287,Barić Draga,1287,1783,Karlobag,1783,9,Ličko-senjska,9
1295,Barići,1295,4979,Višnjan,4979,18,Istarska,18
1309,Barilović,1309,78,Barilovići,78,4,Karlovačka,4
1325,Barlabaševec,1325,4421,Sveti Petar Orehovec,4421,6,Koprivničko-križevačka,6
1333,Barlete,1333,1309,Gospić,1309,9,Ličko-senjska,9
1350,Barovka,1350,5339,Krašić,5339,1,Zagrebačka,1
1368,Bartići,1368,2224,Labin,2224,18,Istarska,18
1376,Bartolići,1376,434,Buzet,434,18,Istarska,18
1384,Bartolovci,1384,3883,Sibinj,3883,12,Brodsko-posavska,12
1392,Bartolovec,1392,4626,Trnovec Bartolovečki,4626,5,Varaždinska,5
1414,Barušići,1414,434,Buzet,434,18,Istarska,18
1422,Barušići,1422,2534,Malinska-Dubašnica,2534,8,Primorsko-goranska,8
1449,Basara,1449,3654,Rakovica,3654,4,Karlovačka,4
1457,Bast,1457,94,Baška Voda,94,17,Splitsko-dalmatinska,17
1465,Bastajski Brđani,1465,1058,Đulovac,1058,7,Bjelovarsko-bilogorska,7
1473,Bašanija,1473,4685,Umag,4685,18,Istarska,18
1481,Bašarinka,1481,3484,Poreč,3484,18,Istarska,18
1490,Baška,1490,86,Baška,86,8,Primorsko-goranska,8
1503,Baška Voda,1503,94,Baška Voda,94,17,Splitsko-dalmatinska,17
1511,Baške Oštarije,1511,1783,Karlobag,1783,9,Ličko-senjska,9
1520,Baškoti,1520,4979,Višnjan,4979,18,Istarska,18
1538,Baštijani,1538,1708,Jelenje,1708,8,Primorsko-goranska,8
1546,Bašunje Male,1546,4880,Vinodolska Općina,4880,8,Primorsko-goranska,8
1554,Bašunje Vele,1554,4880,Vinodolska Općina,4880,8,Primorsko-goranska,8
1562,Bater,1562,2909,Novi Vinodolski,2909,8,Primorsko-goranska,8
1589,Batina,1589,914,Draž,914,14,Osječko-baranjska,14
1597,Batina,1597,2208,Kutina,2208,3,Sisačko-moslavačka,3
1643,Batinjani,1643,1058,Đulovac,1058,7,Bjelovarsko-bilogorska,7
1651,Batinjani,1651,3182,Pakrac,3182,11,Požeško-slavonska,11
1627,Batinjska Rijeka,1627,1058,Đulovac,1058,7,Bjelovarsko-bilogorska,7
1619,Batinova Kosa,1619,4570,Topusko,4570,3,Sisačko-moslavačka,3
1635,Batinske,1635,5592,Kalinovac,5592,6,Koprivničko-križevačka,6
1660,Batlug,1660,1325,Gračišće,1325,18,Istarska,18
1678,Batnoga,1678,493,Cetingrad,493,4,Karlovačka,4
1686,Batomalj,1686,86,Baška,86,8,Primorsko-goranska,8
1694,Batrina,1694,2852,Nova Kapela,2852,12,Brodsko-posavska,12
4448,Baturi,4448,1210,Glina,1210,3,Sisačko-moslavačka,3
1708,Bazgalji,1708,1325,Gračišće,1325,18,Istarska,18
1716,Bazli,1716,558,Čabar,558,8,Primorsko-goranska,8
1724,Bebrina,1724,108,Bebrina,108,12,Brodsko-posavska,12
1732,Beč,1732,302,Bosiljevo,302,4,Karlovačka,4
1759,Bečic,1759,3093,Oriovac,3093,12,Brodsko-posavska,12
1767,Bedekovčina,1767,116,Bedekovčina,116,2,Krapinsko-zagorska,2
1775,Bedenec,1775,1562,Ivanec,1562,5,Varaždinska,5
1783,Bedenica,1783,5509,Bedenica,5509,1,Zagrebačka,1
1791,Bedenička,1791,4782,Velika Pisanica,4782,7,Bjelovarsko-bilogorska,7
1805,Bedenik,1805,2879,Nova Rača,2879,7,Bjelovarsko-bilogorska,7
1813,Beder,1813,3808,Samobor,3808,1,Zagrebačka,1
1821,Bednja,1821,124,Bednja,124,5,Varaždinska,5
1830,Bednjica,1830,2291,Lepoglava,2291,5,Varaždinska,5
1848,Begi,1848,4316,Sveti Lovreč,4316,18,Istarska,18
1856,Begluci,1856,1317,Gračac,1317,13,Zadarska,13
1864,Begovac,1864,3786,Saborsko,3786,4,Karlovačka,4
1872,Begovača,1872,183,Berek,183,7,Bjelovarsko-bilogorska,7
1899,Begovići,1899,3280,Petrinja,3280,3,Sisačko-moslavačka,3
1902,Begovo Brdo,1902,493,Cetingrad,493,4,Karlovačka,4
1929,Begovo Brdo Žumberačko,1929,5339,Krašić,5339,1,Zagrebačka,1
1937,Begovo Razdolje,1937,2755,Mrkopalj,2755,8,Primorsko-goranska,8
1945,Beketinci,1945,655,Čepin,655,14,Osječko-baranjska,14
1953,Beketinec,1953,2143,Križevci,2143,6,Koprivničko-križevačka,6
1961,Bektež,1961,2216,Kutjevo,2216,11,Požeško-slavonska,11
1970,Bela,1970,2895,Novi Marof,2895,5,Varaždinska,5
1988,Bela Gorica,1988,5398,Marija Gorica,5398,1,Zagrebačka,1
1996,Bela Loza,1996,3409,Podgorač,3409,14,Osječko-baranjska,14
2003,Bela Vodica,2003,698,Delnice,698,8,Primorsko-goranska,8
2011,Belaj,2011,78,Barilovići,78,4,Karlovačka,4
2020,Belaj,2020,477,Cerovlje,477,18,Istarska,18
2038,Belajska Vinica,2038,990,Duga Resa,990,4,Karlovačka,4
2046,Belajske Poljice,2046,78,Barilovići,78,4,Karlovačka,4
2054,Belajski Malinci,2054,78,Barilovići,78,4,Karlovačka,4
2062,Belanovo Selo,2062,3662,Rasinja,3662,6,Koprivničko-križevačka,6
2089,Belavići,2089,990,Duga Resa,990,4,Karlovačka,4
2097,Belavići,2097,2542,Marčana,2542,18,Istarska,18
2119,Belčići,2119,1694,Jastrebarsko,1694,1,Zagrebačka,1
2127,Belec,2127,5266,Zlatar,5266,2,Krapinsko-zagorska,2
2135,Belej,2135,2526,Mali Lošinj,2526,8,Primorsko-goranska,8
2143,Beletinec,2143,4383,Sveti Ilija,4383,5,Varaždinska,5
2151,Belgrad,2151,4880,Vinodolska Općina,4880,8,Primorsko-goranska,8
2160,Beli,2160,523,Cres,523,8,Primorsko-goranska,8
2178,Beli Manastir,2178,132,Beli Manastir,132,14,Osječko-baranjska,14
2186,Belica,2186,159,Belica,159,20,Međimurska,20
2194,Belinsko Selo,2194,3158,Ozalj,3158,4,Karlovačka,4
2208,Belišće,2208,167,Belišće,167,14,Osječko-baranjska,14
2305,Beljevina,2305,1066,Đurđenovac,1066,14,Osječko-baranjska,14
2216,Belo,2216,698,Delnice,698,8,Primorsko-goranska,8
2224,Belo Selo,2224,1171,Fužine,1171,8,Primorsko-goranska,8
2232,Belobrajići,2232,4880,Vinodolska Općina,4880,8,Primorsko-goranska,8
2259,Beloslavec,2259,5509,Bedenica,5509,1,Zagrebačka,1
2267,Belošići,2267,3158,Ozalj,3158,4,Karlovačka,4
2275,Belovar,2275,1333,Grad Zagreb,1333,22,Grad Zagreb,22
2283,Belovar Zlatarski,2283,116,Bedekovčina,116,2,Krapinsko-zagorska,2
2291,Belski Ravan,2291,3930,Skrad,3930,8,Primorsko-goranska,8
2313,Bencani,2313,3042,Oprtalj,3042,18,Istarska,18
2330,Benčani,2330,4979,Višnjan,4979,18,Istarska,18
2348,Benčići,2348,434,Buzet,434,18,Istarska,18
2356,Benčići,2356,5312,Žminj,5312,18,Istarska,18
2364,Beničanci,2364,5789,Magadenovac,5789,14,Osječko-baranjska,14
2372,Benići,2372,531,Crikvenica,531,8,Primorsko-goranska,8
2399,Benići Drivenički,2399,4880,Vinodolska Općina,4880,8,Primorsko-goranska,8
2402,Benkovac,2402,175,Benkovac,175,13,Zadarska,13
2429,Benkovac,2429,2992,Okučani,2992,12,Brodsko-posavska,12
2437,Benkovac Fužinski,2437,1171,Fužine,1171,8,Primorsko-goranska,8
2445,Benkovačko Selo,2445,175,Benkovac,175,13,Zadarska,13
2453,Benkovec,2453,124,Bednja,124,5,Varaždinska,5
2461,Benkovec Petrovski,2461,3298,Petrovsko,3298,2,Krapinsko-zagorska,2
2470,Benkovići,2470,4880,Vinodolska Općina,4880,8,Primorsko-goranska,8
2488,Benkovo,2488,3522,Pregrada,3522,2,Krapinsko-zagorska,2
2496,Berak,2496,4561,Tompojevci,4561,16,Vukovarsko-srijemska,16
2500,Beram,2500,3212,Pazin,3212,18,Istarska,18
2518,Beravci,2518,4766,Velika Kopanica,4766,12,Brodsko-posavska,12
2526,Berek,2526,183,Berek,183,7,Bjelovarsko-bilogorska,7
2534,Beretinec,2534,191,Beretinec,191,5,Varaždinska,5
2542,Berislavec,2542,4294,Sveti Ivan Zelina,4294,1,Zagrebačka,1
2569,Bertelovci,2569,1643,Jakšić,1643,11,Požeško-slavonska,11
2577,Bertoši,2577,3212,Pazin,3212,18,Istarska,18
2585,Bestovje,2585,4367,Sveta Nedelja,4367,1,Zagrebačka,1
2593,Bestrma,2593,4260,Sunja,4260,3,Sisačko-moslavačka,3
2607,Bešinci,2607,1775,Kaptol,1775,11,Požeško-slavonska,11
2615,Bešlinec,2615,1937,Kloštar Ivanić,1937,1,Zagrebačka,1
2623,Beter,2623,1902,Klinča Sela,1902,1,Zagrebačka,1
2631,Betina,2631,4545,Tisno,4545,15,Šibensko-kninska,15
2640,Bezavina,2640,4812,Veliko Trgovišće,4812,2,Krapinsko-zagorska,2
2658,Bibali,2658,426,Buje,426,18,Istarska,18
2666,Bibići,2666,4359,Svetvinčenat,4359,18,Istarska,18
2674,Bibinje,2674,205,Bibinje,205,13,Zadarska,13
2682,Bicko Selo,2682,1180,Garčin,1180,12,Brodsko-posavska,12
2704,Bičići,2704,60,Barban,60,18,Istarska,18
2712,Bićine,2712,3948,Skradin,3948,15,Šibensko-kninska,15
2739,Bijela,2739,3905,Sirač,3905,7,Bjelovarsko-bilogorska,7
2747,Bijela Stijena,2747,2992,Okučani,2992,12,Brodsko-posavska,12
2755,Bijele Vode,2755,1210,Glina,1210,3,Sisačko-moslavačka,3
2763,Bijele Zemlje,2763,1384,Grožnjan,1384,18,Istarska,18
2771,Bijeli Klanac,2771,2160,Krnjak,2160,4,Karlovačka,4
2780,Bijeli Vir,2780,5231,Zažablje,5231,19,Dubrovačko-neretvanska,19
2810,Bijeljevina Orahovička,2810,3077,Orahovica,3077,10,Virovitičko-podravska,10
2798,Bijelnik,2798,3280,Petrinja,3280,3,Sisačko-moslavačka,3
2801,Bijelo Brdo,2801,1104,Erdut,1104,14,Osječko-baranjska,14
2828,Bikovec,2828,2607,Maruševec,2607,5,Varaždinska,5
2836,Bila Vlaka,2836,4111,Stankovci,4111,13,Zadarska,13
2844,Bilaj,2844,1309,Gospić,1309,9,Ličko-senjska,9
2852,Bile,2852,2909,Novi Vinodolski,2909,8,Primorsko-goranska,8
2879,Bili Brig,2879,2852,Nova Kapela,2852,12,Brodsko-posavska,12
2887,Bilice,2887,3344,Pleternica,3344,11,Požeško-slavonska,11
2895,Bilice,2895,4448,Šibenik,4448,15,Šibensko-kninska,15
2909,Bilišane,2909,2968,Obrovac,2968,13,Zadarska,13
2925,Bilje,2925,213,Bilje,213,14,Osječko-baranjska,14
2933,Biljevec,2933,2607,Maruševec,2607,5,Varaždinska,5
2941,Biljevina,2941,698,Delnice,698,8,Primorsko-goranska,8
75779,Biljevina,75779,3786,Saborsko,3786,4,Karlovačka,4
2950,Biljevine,2950,3875,Senj,3875,9,Ličko-senjska,9
2917,Bilo,2917,493,Cetingrad,493,4,Karlovačka,4
2968,Biočić,2968,957,Drniš,957,15,Šibensko-kninska,15
2976,Biograd Na Moru,2976,221,Biograd Na Moru,221,13,Zadarska,13
2984,Biokovsko Selo,2984,5223,Zagvozd,5223,17,Splitsko-dalmatinska,17
2992,Biorine,2992,507,Cista Provo,507,17,Splitsko-dalmatinska,17
3000,Biovičino Selo,3000,1848,Kistanje,1848,15,Šibensko-kninska,15
3018,Birovača,3018,841,Donji Lapac,841,9,Ličko-senjska,9
3026,Bisag,3026,361,Breznica,361,5,Varaždinska,5
3034,Bisko,3034,4600,Trilj,4600,17,Splitsko-dalmatinska,17
3042,Biskupija,3042,3107,Orlić,3107,15,Šibensko-kninska,15
3069,Bistrač,3069,4260,Sunja,4260,3,Sisačko-moslavačka,3
3077,Bistrica,3077,3956,Slatina,3956,10,Virovitičko-podravska,10
3085,Bistrinci,3085,167,Belišće,167,14,Osječko-baranjska,14
3093,Bišćanovo,3093,1210,Glina,1210,3,Sisačko-moslavačka,3
3107,Biševo,3107,1970,Komiža,1970,17,Splitsko-dalmatinska,17
3115,Biškupci,3115,4758,Velika,4758,11,Požeško-slavonska,11
3123,Biškupec Zelinski,3123,4294,Sveti Ivan Zelina,4294,1,Zagrebačka,1
3131,Bitorajci,3131,302,Bosiljevo,302,4,Karlovačka,4
3140,Bizovac,3140,230,Bizovac,230,14,Osječko-baranjska,14
3158,Bjelajci,3158,3182,Pakrac,3182,11,Požeško-slavonska,11
3166,Bjelanovac,3166,2313,Lipik,2313,11,Požeško-slavonska,11
3174,Bjelina,3174,175,Benkovac,175,13,Zadarska,13
3182,Bjeliševac,3182,2216,Kutjevo,2216,11,Požeško-slavonska,11
3204,Bjelkovac,3204,2836,Nova Bukovica,2836,10,Virovitičko-podravska,10
3212,Bjelopolje,3212,4553,Plitvička Jezera,4553,9,Ličko-senjska,9
3239,Bjelovar,3239,248,Bjelovar,248,7,Bjelovarsko-bilogorska,7
3247,Blaca,3247,4065,Solin,4065,17,Splitsko-dalmatinska,17
3255,Blace,3255,3999,Slivno,3999,19,Dubrovačko-neretvanska,19
3263,Blacko,3263,3344,Pleternica,3344,11,Požeško-slavonska,11
74985,Blagaj,74985,4006,Slunj,4006,4,Karlovačka,4
3271,Blagdanići,3271,3484,Poreč,3484,18,Istarska,18
3280,Blagorodovac,3280,710,Dežanovac,710,7,Bjelovarsko-bilogorska,7
3298,Blaguša,3298,1333,Grad Zagreb,1333,22,Grad Zagreb,22
3301,Blanje,3301,4855,Viljevo,4855,14,Osječko-baranjska,14
3310,Blaškovec,3310,4294,Sveti Ivan Zelina,4294,1,Zagrebačka,1
3328,Blaškovići,3328,2178,Kršan,2178,18,Istarska,18
3336,Blaškovići,3336,4880,Vinodolska Općina,4880,8,Primorsko-goranska,8
3344,Blata,3344,3786,Saborsko,3786,4,Karlovačka,4
3352,Blatna Vas,3352,434,Buzet,434,18,Istarska,18
3379,Blatnica,3379,4502,Štefanje,4502,7,Bjelovarsko-bilogorska,7
3387,Blatnica Pokupska,3387,1791,Karlovac,1791,4,Karlovačka,4
3395,Blato,3395,256,Blato,256,19,Dubrovačko-neretvanska,19
3409,Blato,3409,2682,Mljet,2682,19,Dubrovačko-neretvanska,19
3417,Blato Na Cetini,3417,3000,Omiš,3000,17,Splitsko-dalmatinska,17
3425,Blatuša,3425,5100,Gvozd,5100,3,Sisačko-moslavačka,3
3433,Blaževci,3433,5096,Vrbovsko,5096,8,Primorsko-goranska,8
3441,Blaževdol,3441,4294,Sveti Ivan Zelina,4294,1,Zagrebačka,1
3450,Blažević  Dol,3450,4189,Staro Petrovo Selo,4189,12,Brodsko-posavska,12
3468,Blažići,3468,4880,Vinodolska Općina,4880,8,Primorsko-goranska,8
3476,Blinja,3476,3280,Petrinja,3280,3,Sisačko-moslavačka,3
3484,Blinjska Greda,3484,4260,Sunja,4260,3,Sisačko-moslavačka,3
3492,Blinjski Kut,3492,3913,Sisak,3913,3,Sisačko-moslavačka,3
3506,Blizna Donja,3506,2585,Marina,2585,17,Splitsko-dalmatinska,17
3514,Blizna Gornja,3514,2585,Marina,2585,17,Splitsko-dalmatinska,17
3522,Bobare,3522,2992,Okučani,2992,12,Brodsko-posavska,12
3549,Bobodol,3549,2984,Promina,2984,15,Šibensko-kninska,15
3557,Bobota,3557,4642,Trpinja,4642,16,Vukovarsko-srijemska,16
3565,Bobovac,3565,4260,Sunja,4260,3,Sisačko-moslavačka,3
3573,Bobovec Rozganski,3573,5495,Dubravica,5495,1,Zagrebačka,1
3581,Bobovec Tomaševečki,3581,1872,Klanjec,1872,2,Krapinsko-zagorska,2
3590,Bobovica,3590,3808,Samobor,3808,1,Zagrebačka,1
3603,Bobovišća,3603,2674,Milna,2674,17,Splitsko-dalmatinska,17
3611,Bobovje,3611,2119,Krapina,2119,2,Krapinsko-zagorska,2
3620,Bocanjevci,3620,167,Belišće,167,14,Osječko-baranjska,14
3638,Bockovac,3638,4855,Viljevo,4855,14,Osječko-baranjska,14
3646,Bočadir,3646,2003,Konjščina,2003,2,Krapinsko-zagorska,2
3654,Bočaki,3654,2003,Konjščina,2003,2,Krapinsko-zagorska,2
3662,Bočkinci,3662,2577,Marijanci,2577,14,Osječko-baranjska,14
3689,Bočkovec,3689,4421,Sveti Petar Orehovec,4421,6,Koprivničko-križevačka,6
3697,Bodegraj,3697,2992,Okučani,2992,12,Brodsko-posavska,12
3719,Bodovaljci,3719,5061,Vrbje,5061,12,Brodsko-posavska,12
3727,Bogačevo,3727,4421,Sveti Petar Orehovec,4421,6,Koprivničko-križevačka,6
3735,Bogačevo Riječko,3735,4421,Sveti Petar Orehovec,4421,6,Koprivničko-križevačka,6
3743,Bogatić,3743,957,Drniš,957,15,Šibensko-kninska,15
1252,Bogatić,1252,2984,Promina,2984,15,Šibensko-kninska,15
3751,Bogatnik,3751,2968,Obrovac,2968,13,Zadarska,13
3760,Bogdanovci,3760,264,Bogdanovci,264,16,Vukovarsko-srijemska,16
3778,Bogdanovec,3778,6041,Gornji Mihaljevec,6041,20,Međimurska,20
3786,Bogdanović,3786,5894,Prgomet,5894,17,Splitsko-dalmatinska,17
3794,Bogdašić,3794,353,Brestovac,353,11,Požeško-slavonska,11
3808,Bogomolje,3808,4235,Sućuraj,4235,17,Splitsko-dalmatinska,17
3816,Bogovci,3816,2810,Netretić,2810,4,Karlovačka,4
3824,Bogovići,3824,2534,Malinska-Dubašnica,2534,8,Primorsko-goranska,8
3832,Bogovolja,3832,493,Cetingrad,493,4,Karlovačka,4
3859,Bojačno,3859,5215,Zagorska Sela,5215,2,Krapinsko-zagorska,2
3867,Bojana,3867,639,Čazma,639,7,Bjelovarsko-bilogorska,7
3875,Bojna,3875,1210,Glina,1210,3,Sisačko-moslavačka,3
3883,Bojnikovec,3883,2143,Križevci,2143,6,Koprivničko-križevačka,6
3891,Bok Palanječki,3891,2593,Martinska Ves,2593,3,Sisačko-moslavačka,3
3905,Bokane,3905,4995,Voćin,4995,10,Virovitičko-podravska,10
76608,Bokići,76593,4979,Višnjan,4979,18,Istarska,18
3913,Bokordići,3913,4359,Svetvinčenat,4359,18,Istarska,18
3921,Bokšić,3921,1066,Đurđenovac,1066,14,Osječko-baranjska,14
3930,Bokšić,3930,4561,Tompojevci,4561,16,Vukovarsko-srijemska,16
3948,Bokšić Lug,3948,1066,Đurđenovac,1066,14,Osječko-baranjska,14
3956,Bol,3956,272,Bol,272,17,Splitsko-dalmatinska,17
3964,Bolč,3964,1147,Farkaševac,1147,1,Zagrebačka,1
3972,Bolfan,3972,2445,Ludbreg,2445,5,Varaždinska,5
4014,Boljenovići,4014,4197,Ston,4197,19,Dubrovačko-neretvanska,19
4022,Boljevići,4022,2178,Kršan,2178,18,Istarska,18
4049,Boljun,4049,2461,Lupoglav,2461,18,Istarska,18
4057,Boljunsko Polje,4057,2461,Lupoglav,2461,18,Istarska,18
3999,Bolman,3999,6092,Jagodnjak,6092,14,Osječko-baranjska,14
4006,Bolomače,4006,353,Brestovac,353,11,Požeško-slavonska,11
4065,Bonaci,4065,3484,Poreč,3484,18,Istarska,18
4073,Boraja,4073,4448,Šibenik,4448,15,Šibensko-kninska,15
4081,Borak,4081,3000,Omiš,3000,17,Splitsko-dalmatinska,17
4090,Borenec,4090,361,Breznica,361,5,Varaždinska,5
74888,Boričevac,74888,841,Donji Lapac,841,9,Ličko-senjska,9
4103,Boričevci,4103,353,Brestovac,353,11,Požeško-slavonska,11
4111,Boričevec Toplički,4111,4731,Varaždinske Toplice,4731,5,Varaždinska,5
47864,Borik,47864,2666,Mikleuš,2666,10,Virovitičko-podravska,10
75833,Borik,75833,3786,Saborsko,3786,4,Karlovačka,4
4120,Borinići,4120,60,Barban,60,18,Istarska,18
4138,Boriš,4138,1996,Končanica,1996,7,Bjelovarsko-bilogorska,7
4146,Borje,4146,5606,Kalnik,5606,6,Koprivničko-križevačka,6
4154,Borkovec,4154,5266,Zlatar,5266,2,Krapinsko-zagorska,2
4162,Borojevci,4162,2305,Levanjska Varoš,2305,14,Osječko-baranjska,14
4189,Borojevići,4189,833,Donji Kukuruzari,833,3,Sisačko-moslavačka,3
4197,Borova,4197,4243,Suhopolje,4243,10,Virovitičko-podravska,10
4219,Borova Kosa,4219,1058,Đulovac,1058,7,Bjelovarsko-bilogorska,7
4227,Borovac,4227,2933,Novska,2933,3,Sisačko-moslavačka,3
4235,Borovci,4235,2194,Kula Norinska,2194,19,Dubrovačko-neretvanska,19
4243,Borovik,4243,949,Drenje,949,14,Osječko-baranjska,14
4251,Borovik,4251,1970,Komiža,1970,17,Splitsko-dalmatinska,17
4260,Borovita,4260,1210,Glina,1210,3,Sisačko-moslavačka,3
4278,Borovljani,4278,2925,Novigrad Podravski,2925,6,Koprivničko-križevačka,6
4286,Borovo,4286,299,Borovo,299,16,Vukovarsko-srijemska,16
4294,Borut,4294,477,Cerovlje,477,18,Istarska,18
4308,Bosanci,4308,302,Bosiljevo,302,4,Karlovačka,4
75051,Bosanka,75051,981,Dubrovnik,981,19,Dubrovačko-neretvanska,19
4316,Bosiljevo,4316,302,Bosiljevo,302,4,Karlovačka,4
4324,Bosiljevo,4324,639,Čazma,639,7,Bjelovarsko-bilogorska,7
4332,Bosna,4332,5509,Bedenica,5509,1,Zagrebačka,1
4359,Bošana,4359,3166,Pag,3166,13,Zadarska,13
4367,Boševci,4367,3158,Ozalj,3158,4,Karlovačka,4
4375,Boškari,4375,4359,Svetvinčenat,4359,18,Istarska,18
4383,Bošnjaci,4383,329,Bošnjaci,329,16,Vukovarsko-srijemska,16
4391,Bošt,4391,990,Duga Resa,990,4,Karlovačka,4
4405,Botinac,4405,1767,Kapela,1767,7,Bjelovarsko-bilogorska,7
4413,Botinec,4413,1333,Grad Zagreb,1333,22,Grad Zagreb,22
4421,Botinovec,4421,2038,Koprivnički Ivanec,2038,6,Koprivničko-križevačka,6
4430,Botovo,4430,965,Drnje,965,6,Koprivničko-križevačka,6
4456,Bović,4456,5100,Gvozd,5100,3,Sisačko-moslavačka,3
4464,Božava,4464,3794,Sali,3794,13,Zadarska,13
4472,Božjakovina,4472,337,Brckovljani,337,1,Zagrebačka,1
4499,Bračak,4499,5193,Zabok,5193,2,Krapinsko-zagorska,2
4502,Bračevci,4502,949,Drenje,949,14,Osječko-baranjska,14
4529,Bračević,4529,876,Muć,876,17,Splitsko-dalmatinska,17
4537,Brajakovo Brdo,4537,2810,Netretić,2810,4,Karlovačka,4
4545,Brajdić Selo,4545,3654,Rakovica,3654,4,Karlovačka,4
4561,Brajkovići,4561,1759,Kanfanar,1759,18,Istarska,18
4553,Brajkovići,4553,3212,Pazin,3212,18,Istarska,18
4570,Bralići,4570,4316,Sveti Lovreč,4316,18,Istarska,18
4588,Branešci,4588,3182,Pakrac,3182,11,Požeško-slavonska,11
485,Branimirovac,485,2054,Koška,2054,14,Osječko-baranjska,14
4596,Branjin Vrh,4596,132,Beli Manastir,132,14,Osječko-baranjska,14
4600,Branjina,4600,3468,Popovac,3468,14,Osječko-baranjska,14
4618,Braslovje,4618,3808,Samobor,3808,1,Zagrebačka,1
75248,Brašina,75248,6025,Župa Dubrovačka,6025,19,Dubrovačko-neretvanska,19
4626,Brašljevica,4626,3158,Ozalj,3158,4,Karlovačka,4
4634,Bratelji,4634,3808,Samobor,3808,1,Zagrebačka,1
4642,Bratina,4642,3310,Pisarovina,3310,1,Zagrebačka,1
4669,Bratiškovci,4669,3948,Skradin,3948,15,Šibensko-kninska,15
4677,Bratkovec,4677,5215,Zagorska Sela,5215,2,Krapinsko-zagorska,2
4685,Bratovanci,4685,3158,Ozalj,3158,4,Karlovačka,4
4693,Bratovići,4693,3484,Poreč,3484,18,Istarska,18
4707,Bratovski Vrh,4707,1872,Klanjec,1872,2,Krapinsko-zagorska,2
4715,Bratulići,4715,2542,Marčana,2542,18,Istarska,18
4723,Bratuljevci,4723,4758,Velika,4758,11,Požeško-slavonska,11
4731,Brbinj,4731,3794,Sali,3794,13,Zadarska,13
4740,Brcković Draga,4740,1201,Generalski Stol,1201,4,Karlovačka,4
4758,Brckovljani,4758,337,Brckovljani,337,1,Zagrebačka,1
4766,Brčevec,4766,5088,Vrbovec,5088,1,Zagrebačka,1
4774,Brčići,4774,3484,Poreč,3484,18,Istarska,18
4782,Brčići,4782,4537,Tinjan,4537,18,Istarska,18
4804,Brčino,4804,3883,Sibinj,3883,12,Brodsko-posavska,12
4812,Brdce,4812,2615,Matulji,2615,8,Primorsko-goranska,8
75817,Brdine,75817,3786,Saborsko,3786,4,Karlovačka,4
4839,Brdo,4839,426,Buje,426,18,Istarska,18
4847,Brdo Cirkvensko,4847,4391,Sveti Ivan Žabno,4391,6,Koprivničko-križevačka,6
4855,Brdo Jesenjsko,4855,5525,Jesenje,5525,2,Krapinsko-zagorska,2
4863,Brdo Orehovečko,4863,4421,Sveti Petar Orehovec,4421,6,Koprivničko-križevačka,6
4871,Brdo Utinjsko,4871,5037,Vojnić,5037,4,Karlovačka,4
4880,Brdovec,4880,345,Brdovec,345,1,Zagrebačka,1
4898,Brđani,4898,3344,Pleternica,3344,11,Požeško-slavonska,11
4901,Brđani,4901,3727,Rešetari,3727,12,Brodsko-posavska,12
4910,Brđani Cesta,4910,4260,Sunja,4260,3,Sisačko-moslavačka,3
4936,Brđani Kosa,4936,4260,Sunja,4260,3,Sisačko-moslavačka,3
4944,Brđani Sokolovački,4944,4057,Sokolovac,4057,6,Koprivničko-križevačka,6
4979,Brebernica,4979,1333,Grad Zagreb,1333,22,Grad Zagreb,22
4987,Brebornica,4987,2160,Krnjak,2160,4,Karlovačka,4
4995,Brebrovac,4995,1694,Jastrebarsko,1694,1,Zagrebačka,1
5002,Brečevići,5002,4537,Tinjan,4537,18,Istarska,18
5029,Brečići,5029,3433,Pojezerje,3433,19,Dubrovačko-neretvanska,19
5037,Breg,5037,2224,Labin,2224,18,Istarska,18
5045,Breg Mokrički,5045,4294,Sveti Ivan Zelina,4294,1,Zagrebačka,1
5053,Bregana,5053,3808,Samobor,3808,1,Zagrebačka,1
5061,Bregana Pisarovinska,5061,3310,Pisarovina,3310,1,Zagrebačka,1
5070,Breganica,5070,3808,Samobor,3808,1,Zagrebačka,1
5088,Bregi,5088,2615,Matulji,2615,8,Primorsko-goranska,8
5096,Bregi Kostelski,5096,3522,Pregrada,3522,2,Krapinsko-zagorska,2
5100,Bregi Radobojski,5100,3646,Radoboj,3646,2,Krapinsko-zagorska,2
5118,Bregi Zabočki,5118,5193,Zabok,5193,2,Krapinsko-zagorska,2
5126,Bregovljana,5126,3620,Pušća,3620,1,Zagrebačka,1
5134,Brekinska,5134,2313,Lipik,2313,11,Požeško-slavonska,11
5142,Brela,5142,779,Brela,779,17,Splitsko-dalmatinska,17
5169,Bresnica,5169,3344,Pleternica,3344,11,Požeško-slavonska,11
5177,Brest,5177,2232,Lanišće,2232,18,Istarska,18
5185,Brest Pod Učkom,5185,2461,Lupoglav,2461,18,Istarska,18
5193,Brest Pokupski,5193,3280,Petrinja,3280,3,Sisačko-moslavačka,3
5207,Brestača,5207,2933,Novska,2933,3,Sisačko-moslavačka,3
5215,Brestik,5215,1210,Glina,1210,3,Sisačko-moslavačka,3
5223,Brestova Draga,5223,2755,Mrkopalj,2755,8,Primorsko-goranska,8
5231,Brestovac,5231,353,Brestovac,353,11,Požeško-slavonska,11
5266,Brestovačka Brda,5266,1996,Končanica,1996,7,Bjelovarsko-bilogorska,7
5274,Brestovec Orehovički,5274,116,Bedekovčina,116,2,Krapinsko-zagorska,2
5282,Brešca,5282,2615,Matulji,2615,8,Primorsko-goranska,8
5304,Breštane,5304,4677,Udbina,4677,9,Ličko-senjska,9
5312,Breštanovci,5312,540,Crnac,540,10,Virovitičko-podravska,10
5339,Breza,5339,248,Bjelovar,248,7,Bjelovarsko-bilogorska,7
5347,Breza,5347,1864,Klana,1864,8,Primorsko-goranska,8
5355,Brezakovec,5355,5215,Zagorska Sela,5215,2,Krapinsko-zagorska,2
5363,Brezani,5363,5363,Rakovec,5363,1,Zagrebačka,1
5371,Brezari,5371,1694,Jastrebarsko,1694,1,Zagrebačka,1
5380,Brezarić,5380,5339,Krašić,5339,1,Zagrebačka,1
5398,Breze,5398,2909,Novi Vinodolski,2909,8,Primorsko-goranska,8
5401,Brezik,5401,1309,Gospić,1309,9,Ličko-senjska,9
5410,Brezik,5410,2453,Lukač,2453,10,Virovitičko-podravska,10
5428,Brezik,5428,2836,Nova Bukovica,2836,10,Virovitičko-podravska,10
5436,Brezik Našički,5436,2780,Našice,2780,14,Osječko-baranjska,14
5444,Brezine,5444,1147,Farkaševac,1147,1,Zagrebačka,1
5452,Brezine,5452,2313,Lipik,2313,11,Požeško-slavonska,11
5479,Brezje,5479,973,Dubrava,973,1,Zagrebačka,1
5487,Brezje,5487,1252,Gornja Stubica,1252,2,Krapinsko-zagorska,2
5533,Brezje,5533,4367,Sveta Nedelja,4367,1,Zagrebačka,1
5495,Brezje,5495,4405,Sveti Juraj Na Bregu,4405,20,Međimurska,20
5509,Brezje Dobransko,5509,3930,Skrad,3930,8,Primorsko-goranska,8
5517,Brezje Dravsko,5517,485,Cestica,485,5,Varaždinska,5
5525,Brezje Miholečko,5525,4421,Sveti Petar Orehovec,4421,6,Koprivničko-križevačka,6
5541,Brezje Vivodinsko,5541,3158,Ozalj,3158,4,Karlovačka,4
5550,Breznica,5550,361,Breznica,361,5,Varaždinska,5
5568,Breznica Đakovačka,5568,2305,Levanjska Varoš,2305,14,Osječko-baranjska,14
5576,Breznica Našička,5576,2054,Koška,2054,14,Osječko-baranjska,14
24171,Breznički Hum,24171,1511,Breznički Hum,1511,5,Varaždinska,5
5584,Breznik,5584,3158,Ozalj,3158,4,Karlovačka,4
5592,Breznik Plešivički,5592,1694,Jastrebarsko,1694,1,Zagrebačka,1
5606,Breznik Žakanjski,5606,5304,Žakanje,5304,4,Karlovačka,4
5622,Brezno Gora,5622,1520,Hum Na Sutli,1520,2,Krapinsko-zagorska,2
5827,Brezova,5827,4308,Sveti Križ Začretje,4308,2,Krapinsko-zagorska,2
5649,Brezova Glava,5649,1791,Karlovac,1791,4,Karlovačka,4
5657,Brezova Gora,5657,124,Bednja,124,5,Varaždinska,5
5665,Brezovac,5665,248,Bjelovar,248,7,Bjelovarsko-bilogorska,7
5690,Brezovac,5690,2933,Novska,2933,3,Sisačko-moslavačka,3
5673,Brezovac,5673,3654,Rakovica,3654,4,Karlovačka,4
5681,Brezovac Dobroselski,5681,841,Donji Lapac,841,9,Ličko-senjska,9
5703,Brezovac Žumberački,5703,3808,Samobor,3808,1,Zagrebačka,1
5711,Brezovec,5711,4413,Sveti Martin Na Muri,4413,20,Međimurska,20
5720,Brezovec Zelinski,5720,4294,Sveti Ivan Zelina,4294,1,Zagrebačka,1
5738,Brezovica,5738,1333,Grad Zagreb,1333,22,Grad Zagreb,22
5746,Brezovica,5746,1368,Gradina,1368,10,Virovitičko-podravska,10
5754,Brezovica,5754,2577,Marijanci,2577,14,Osječko-baranjska,14
5762,Brezovica Petrovska,5762,3298,Petrovsko,3298,2,Krapinsko-zagorska,2
5789,Brezovica Žumberačka,5789,3158,Ozalj,3158,4,Karlovačka,4
5797,Brezovljani,5797,4391,Sveti Ivan Žabno,4391,6,Koprivničko-križevačka,6
5819,Brezovljani Vojlovički,5819,566,Čačinci,566,10,Virovitičko-podravska,10
5835,Brezovo Polje,5835,1210,Glina,1210,3,Sisačko-moslavačka,3
5851,Brežane Lekeničke,5851,2283,Lekenik,2283,3,Sisačko-moslavačka,3
5860,Brežani,5860,1791,Karlovac,1791,4,Karlovačka,4
5878,Brežani,5878,4421,Sveti Petar Orehovec,4421,6,Koprivničko-križevačka,6
75221,Brgat Donji,75221,6025,Župa Dubrovačka,6025,19,Dubrovačko-neretvanska,19
75230,Brgat Gornji,75230,6025,Župa Dubrovačka,6025,19,Dubrovačko-neretvanska,19
5886,Brgod,5886,3689,Raša,3689,18,Istarska,18
5894,Brgud,5894,175,Benkovac,175,13,Zadarska,13
5908,Brgudac,5908,2232,Lanišće,2232,18,Istarska,18
5916,Brgulje,5916,5207,Zadar,5207,13,Zadarska,13
5924,Bribir,5924,3948,Skradin,3948,15,Šibensko-kninska,15
5932,Bribir,5932,4880,Vinodolska Općina,4880,8,Primorsko-goranska,8
5959,Brič,5959,426,Buje,426,18,Istarska,18
5967,Bričanci,5967,4359,Svetvinčenat,4359,18,Istarska,18
5975,Brig,5975,4987,Vižinada,4987,18,Istarska,18
5983,Brihovo,5983,5304,Žakanje,5304,4,Karlovačka,4
5991,Brijest,5991,3123,Osijek,3123,14,Osječko-baranjska,14
6009,Brijesta,6009,4197,Ston,4197,19,Dubrovačko-neretvanska,19
6017,Briješće,6017,3123,Osijek,3123,14,Osječko-baranjska,14
6025,Brinjani,6025,2208,Kutina,2208,3,Sisačko-moslavačka,3
6033,Brinje,6033,370,Brinje,370,9,Ličko-senjska,9
6041,Brinjeva Draga,6041,558,Čabar,558,8,Primorsko-goranska,8
6050,Brist,6050,1341,Gradac,1341,17,Splitsko-dalmatinska,17
6068,Bristivica,6068,3824,Seget,3824,17,Splitsko-dalmatinska,17
6076,Briševo,6076,3450,Poličnik,3450,13,Zadarska,13
6084,Brištane,6084,957,Drniš,957,15,Šibensko-kninska,15
6092,Brkač,6092,2747,Motovun,2747,18,Istarska,18
6106,Brkiševina,6106,2283,Lekenik,2283,3,Sisačko-moslavačka,3
6114,Brlekovo,6114,2003,Konjščina,2003,2,Krapinsko-zagorska,2
6122,Brlenić,6122,5339,Krašić,5339,1,Zagrebačka,1
6149,Brlog,6149,3131,Otočac,3131,9,Ličko-senjska,9
6157,Brlog Ozaljski,6157,5304,Žakanje,5304,4,Karlovačka,4
6165,Brloška Dubrava,6165,3131,Otočac,3131,9,Ličko-senjska,9
6173,Brnaze,6173,3891,Sinj,3891,17,Splitsko-dalmatinska,17
6181,Brnčići,6181,1805,Kastav,1805,8,Primorsko-goranska,8
6190,Brnelići,6190,1708,Jelenje,1708,8,Primorsko-goranska,8
6220,Brnjavac,6220,5100,Gvozd,5100,3,Sisačko-moslavačka,3
6238,Brnjeuška,6238,1210,Glina,1210,3,Sisačko-moslavačka,3
6246,Brnjica,6246,4448,Šibenik,4448,15,Šibensko-kninska,15
6203,Brnobići,6203,434,Buzet,434,18,Istarska,18
6211,Brnobići,6211,5975,Kaštelir - Labinci,5975,18,Istarska,18
6254,Broce,6254,4197,Ston,4197,19,Dubrovačko-neretvanska,19
6289,Bročice,6289,2933,Novska,2933,3,Sisačko-moslavačka,3
6262,Broćanac,6262,3654,Rakovica,3654,4,Karlovačka,4
6297,Brod Moravice,6297,388,Brod Moravice,388,8,Primorsko-goranska,8
6319,Brod Na Kupi,6319,698,Delnice,698,8,Primorsko-goranska,8
76015,Brodarica,76015,4448,Šibenik,4448,15,Šibensko-kninska,15
6327,Brodarovec,6327,2607,Maruševec,2607,5,Varaždinska,5
6335,Brodić,6335,1155,Ferdinandovac,1155,6,Koprivničko-križevačka,6
6343,Brodski Stupnik,6343,396,Brodski Stupnik,396,12,Brodsko-posavska,12
6351,Brodski Varoš,6351,3964,Slavonski Brod,3964,12,Brodsko-posavska,12
6360,Brodski Zdenci,6360,3387,Podcrkavlje,3387,12,Brodsko-posavska,12
6378,Brođanci,6378,230,Bizovac,230,14,Osječko-baranjska,14
6386,Brođani,6386,1791,Karlovac,1791,4,Karlovačka,4
6394,Broskvari,6394,4979,Višnjan,4979,18,Istarska,18
6408,Brotnice,6408,1988,Konavle,1988,19,Dubrovačko-neretvanska,19
6416,Brotnja,6416,1317,Gračac,1317,13,Zadarska,13
6424,Brovinje,6424,3689,Raša,3689,18,Istarska,18
6432,Brseč,6432,2739,Mošćenička Draga,2739,8,Primorsko-goranska,8
6459,Brsečine,6459,981,Dubrovnik,981,19,Dubrovačko-neretvanska,19
6467,Bršadin,6467,4642,Trpinja,4642,16,Vukovarsko-srijemska,16
6475,Brštanovo,6475,1929,Klis,1929,17,Splitsko-dalmatinska,17
6483,Brtonigla,6483,400,Brtonigla,400,18,Istarska,18
6491,Brubno,6491,1210,Glina,1210,3,Sisačko-moslavačka,3
6505,Brusići,6505,2151,Krk,2151,8,Primorsko-goranska,8
6513,Brusje,6513,1538,Hvar,1538,17,Splitsko-dalmatinska,17
6521,Brusnik,6521,3182,Pakrac,3182,11,Požeško-slavonska,11
6530,Brušane,6530,1309,Gospić,1309,9,Ličko-senjska,9
6548,Bruška,6548,175,Benkovac,175,13,Zadarska,13
6556,Bruvno,6556,1317,Gračac,1317,13,Zadarska,13
6564,Brzac,6564,2151,Krk,2151,8,Primorsko-goranska,8
6572,Bubani,6572,1759,Kanfanar,1759,18,Istarska,18
6599,Bubnjarački Brod,6599,5304,Žakanje,5304,4,Karlovačka,4
6602,Bubnjarci,6602,5304,Žakanje,5304,4,Karlovačka,4
6629,Bucalovići,6629,4979,Višnjan,4979,18,Istarska,18
6637,Bučje,6637,3182,Pakrac,3182,11,Požeško-slavonska,11
6645,Bučje,6645,3344,Pleternica,3344,11,Požeško-slavonska,11
6653,Bučje Gorjansko,6653,949,Drenje,949,14,Osječko-baranjska,14
6661,Budačka Rijeka,6661,2160,Krnjak,2160,4,Karlovačka,4
6670,Budak,6670,1309,Gospić,1309,9,Ličko-senjska,9
6688,Budak,6688,4111,Stankovci,4111,13,Zadarska,13
6696,Budakovac,6696,1368,Gradina,1368,10,Virovitičko-podravska,10
6700,Budančevica,6700,1945,Kloštar Podravski,1945,6,Koprivničko-križevačka,6
6718,Budanica,6718,4243,Suhopolje,4243,10,Virovitičko-podravska,10
6726,Budaševo,6726,3913,Sisak,3913,3,Sisačko-moslavačka,3
6734,Budenec,6734,1333,Grad Zagreb,1333,22,Grad Zagreb,22
6742,Budim Vivodinski,6742,3158,Ozalj,3158,4,Karlovačka,4
6769,Budimci,6769,3409,Podgorač,3409,14,Osječko-baranjska,14
6777,Budimir,6777,4600,Trilj,4600,17,Splitsko-dalmatinska,17
6807,Budinjak,6807,3808,Samobor,3808,1,Zagrebačka,1
6785,Budinščak,6785,809,Donja Voća,809,5,Varaždinska,5
6793,Budinšćina,6793,418,Budinščina,418,2,Krapinsko-zagorska,2
6815,Budislavec,6815,4847,Vidovec,4847,5,Varaždinska,5
6823,Budrovac,6823,1074,Đurđevac,1074,6,Koprivničko-križevačka,6
6831,Budrovac Lukački,6831,2453,Lukač,2453,10,Virovitičko-podravska,10
6840,Budrovci,6840,1031,Đakovo,1031,14,Osječko-baranjska,14
6866,Buhača,6866,493,Cetingrad,493,4,Karlovačka,4
6874,Buići,6874,3484,Poreč,3484,18,Istarska,18
75256,Buići,75256,6025,Župa Dubrovačka,6025,19,Dubrovačko-neretvanska,19
6939,Buinja,6939,1023,Dvor,1023,3,Sisačko-moslavačka,3
55166,Buinjski Riječani,55166,1023,Dvor,1023,3,Sisačko-moslavačka,3
6882,Bujarići,6882,4979,Višnjan,4979,18,Istarska,18
6904,Bujavica,6904,2313,Lipik,2313,11,Požeško-slavonska,11
6912,Buje,6912,426,Buje,426,18,Istarska,18
6947,Buk,6947,3344,Pleternica,3344,11,Požeško-slavonska,11
6963,Bukevje,6963,5428,Orle,5428,1,Zagrebačka,1
6971,Bukevje,6971,4294,Sveti Ivan Zelina,4294,1,Zagrebačka,1
6980,Bukori,6980,4987,Vižinada,4987,18,Istarska,18
6998,Bukov Vrh,6998,3930,Skrad,3930,8,Primorsko-goranska,8
7005,Bukova,7005,4243,Suhopolje,4243,10,Virovitičko-podravska,10
7013,Bukovac Perjasički,7013,4006,Slunj,4006,4,Karlovačka,4
7021,Bukovac Perušićki,7021,3239,Perušić,3239,9,Ličko-senjska,9
7030,Bukovac Podvrški,7030,3930,Skrad,3930,8,Primorsko-goranska,8
7048,Bukovac Svetojanski,7048,1694,Jastrebarsko,1694,1,Zagrebačka,1
60,Bukovački Antunovac,60,2836,Nova Bukovica,2836,10,Virovitičko-podravska,10
7056,Bukovčak,7056,5410,Velika Gorica,5410,1,Zagrebačka,1
7064,Bukovčani,7064,2313,Lipik,2313,11,Požeško-slavonska,11
7072,Bukovec,7072,3859,Selnica,3859,20,Međimurska,20
7099,Bukovec Zelinski,7099,4294,Sveti Ivan Zelina,4294,1,Zagrebačka,1
7102,Bukovica,7102,3727,Rešetari,3727,12,Brodsko-posavska,12
7129,Bukovica,7129,4570,Topusko,4570,3,Sisačko-moslavačka,3
7137,Bukovica Prekriška,7137,5339,Krašić,5339,1,Zagrebačka,1
7145,Bukovica Utinjska,7145,5037,Vojnić,5037,4,Karlovačka,4
7153,Buković,7153,175,Benkovac,175,13,Zadarska,13
7161,Bukovje Bistransko,7161,5479,Bistra,5479,1,Zagrebačka,1
7170,Bukovje Križevačko,7170,2143,Križevci,2143,6,Koprivničko-križevačka,6
7188,Bukovje Netretićko,7188,2810,Netretić,2810,4,Karlovačka,4
7196,Bukovje Podvrško,7196,3808,Samobor,3808,1,Zagrebačka,1
7200,Bukovlje,7200,5673,Bukovlje,5673,12,Brodsko-posavska,12
76287,Bukovsko,76287,3913,Sisak,3913,3,Sisačko-moslavačka,3
7218,Bukvik,7218,566,Čačinci,566,10,Virovitičko-podravska,10
6955,Buk-Vlaka,6955,3069,Opuzen,3069,19,Dubrovačko-neretvanska,19
7226,Bulić,7226,175,Benkovac,175,13,Zadarska,13
7234,Bulići,7234,3158,Ozalj,3158,4,Karlovačka,4
7242,Bulinac,7242,2879,Nova Rača,2879,7,Bjelovarsko-bilogorska,7
76612,Bunica,76546,3875,Senj,3875,9,Ličko-senjska,9
7269,Bunić,7269,4677,Udbina,4677,9,Ličko-senjska,9
7277,Bunjak,7277,4294,Sveti Ivan Zelina,4294,1,Zagrebačka,1
7285,Bunjani,7285,2135,Križ,2135,1,Zagrebačka,1
7293,Bunjevci,7293,5096,Vrbovsko,5096,8,Primorsko-goranska,8
7307,Burić Selo,7307,2160,Krnjak,2160,4,Karlovačka,4
7315,Burići,7315,1759,Kanfanar,1759,18,Istarska,18
7323,Buroli,7323,426,Buje,426,18,Istarska,18
7331,Busnovi,7331,353,Brestovac,353,11,Požeško-slavonska,11
7340,Bušetina,7340,4499,Špišić Bukovica,4499,10,Virovitičko-podravska,10
7358,Buševec,7358,5410,Velika Gorica,5410,1,Zagrebačka,1
7366,Bušević,7366,841,Donji Lapac,841,9,Ličko-senjska,9
7374,Bušin,7374,3522,Pregrada,3522,2,Krapinsko-zagorska,2
7382,Butkovec,7382,1511,Breznički Hum,1511,5,Varaždinska,5
7404,Butkovići,7404,4359,Svetvinčenat,4359,18,Istarska,18
7412,Butoniga,7412,3212,Pazin,3212,18,Istarska,18
76325,Butori,76325,4979,Višnjan,4979,18,Istarska,18
7439,Buzadovac,7439,1350,Gradec,1350,1,Zagrebačka,1
7447,Buzdohanj,7447,612,Čavle,612,8,Primorsko-goranska,8
7455,Buzet,7455,434,Buzet,434,18,Istarska,18
7463,Buzeta,7463,1210,Glina,1210,3,Sisačko-moslavačka,3
7471,Buzin,7471,1333,Grad Zagreb,1333,22,Grad Zagreb,22
7480,Buzin,7480,3930,Skrad,3930,8,Primorsko-goranska,8
7498,Bužim,7498,1309,Gospić,1309,9,Ličko-senjska,9
7501,Bužinija,7501,2917,Novigrad - Istarska ž.,2917,18,Istarska,18
7510,Bzenica,7510,3344,Pleternica,3344,11,Požeško-slavonska,11
7528,Cabuna,7528,4243,Suhopolje,4243,10,Virovitičko-podravska,10
7536,Cage,7536,2992,Okučani,2992,12,Brodsko-posavska,12
7544,Caginec,7544,1589,Ivanić-Grad,1589,1,Zagrebačka,1
7552,Cancini,7552,3484,Poreč,3484,18,Istarska,18
7579,Careva Draga,7579,5339,Krašić,5339,1,Zagrebačka,1
7587,Carevdar,7587,2143,Križevci,2143,6,Koprivničko-križevačka,6
7595,Carevići,7595,5096,Vrbovsko,5096,8,Primorsko-goranska,8
7609,Carevo Polje,7609,1724,Josipdol,1724,4,Karlovačka,4
7617,Carevo Selo,7617,78,Barilovići,78,4,Karlovačka,4
9156,Cargovec,9156,4847,Vidovec,4847,5,Varaždinska,5
7625,Caska,7625,2887,Novalja,2887,9,Ličko-senjska,9
7633,Cavtat,7633,1988,Konavle,1988,19,Dubrovačko-neretvanska,19
7641,Cebovec,7641,2364,Lobor,2364,2,Krapinsko-zagorska,2
7650,Celine,7650,1694,Jastrebarsko,1694,1,Zagrebačka,1
74837,Celine,74837,3425,Podturen,3425,20,Međimurska,20
7668,Celine,7668,5088,Vrbovec,5088,1,Zagrebačka,1
7676,Celine Pušćanske,7676,5398,Marija Gorica,5398,1,Zagrebačka,1
7684,Celine Samoborske,7684,3808,Samobor,3808,1,Zagrebačka,1
7692,Cepeliš,7692,3280,Petrinja,3280,3,Sisačko-moslavačka,3
7706,Cepidlak,7706,4391,Sveti Ivan Žabno,4391,6,Koprivničko-križevačka,6
7714,Cera,7714,4693,Unešić,4693,15,Šibensko-kninska,15
7722,Cere,7722,4324,Sveta Nedelja,4324,18,Istarska,18
7749,Cere,7749,5312,Žminj,5312,18,Istarska,18
7757,Ceremošnjak,7757,2780,Našice,2780,14,Osječko-baranjska,14
7765,Cerić,7765,2941,Nuštar,2941,16,Vukovarsko-srijemska,16
7773,Cerik,7773,5088,Vrbovec,5088,1,Zagrebačka,1
7781,Cerina,7781,639,Čazma,639,7,Bjelovarsko-bilogorska,7
7790,Cerion,7790,4979,Višnjan,4979,18,Istarska,18
7803,Cerjani,7803,5975,Kaštelir - Labinci,5975,18,Istarska,18
7811,Cerje,7811,1333,Grad Zagreb,1333,22,Grad Zagreb,22
7820,Cerje,7820,5088,Vrbovec,5088,1,Zagrebačka,1
7838,Cerje Jesenjsko,7838,5525,Jesenje,5525,2,Krapinsko-zagorska,2
7846,Cerje Letovanićko,7846,2283,Lekenik,2283,3,Sisačko-moslavačka,3
7854,Cerje Nebojse,7854,2607,Maruševec,2607,5,Varaždinska,5
7862,Cerje Pokupsko,7862,5444,Pokupsko,5444,1,Zagrebačka,1
7889,Cerje Samoborsko,7889,3808,Samobor,3808,1,Zagrebačka,1
7897,Cerje Tužno,7897,1562,Ivanec,1562,5,Varaždinska,5
7919,Cerje Vivodinsko,7919,3158,Ozalj,3158,4,Karlovačka,4
7927,Cerna,7927,442,Cerna,442,16,Vukovarsko-srijemska,16
7935,Cernik,7935,469,Cernik,469,12,Brodsko-posavska,12
7943,Cernik,7943,612,Čavle,612,8,Primorsko-goranska,8
7951,Cernik,7951,5401,Žumberak,5401,1,Zagrebačka,1
7960,Cerovac,7960,230,Bizovac,230,14,Osječko-baranjska,14
7978,Cerovac,7978,1317,Gračac,1317,13,Zadarska,13
7986,Cerovac,7986,1643,Jakšić,1643,11,Požeško-slavonska,11
7994,Cerovac Barilovićki,7994,78,Barilovići,78,4,Karlovačka,4
8001,Cerovac Vukmanićki,8001,1791,Karlovac,1791,4,Karlovačka,4
8010,Cerovački Galovići,8010,990,Duga Resa,990,4,Karlovačka,4
8028,Cerovica,8028,3808,Samobor,3808,1,Zagrebačka,1
8036,Cerovići,8036,4880,Vinodolska Općina,4880,8,Primorsko-goranska,8
8044,Cerovlje,8044,477,Cerovlje,477,18,Istarska,18
8052,Cerovnik,8052,1724,Josipdol,1724,4,Karlovačka,4
8079,Cerovski Vrh,8079,5410,Velika Gorica,5410,1,Zagrebačka,1
8087,Cesarica,8087,1783,Karlobag,1783,9,Ličko-senjska,9
8095,Cesarska Ves,8095,1872,Klanjec,1872,2,Krapinsko-zagorska,2
8109,Cestica,8109,485,Cestica,485,5,Varaždinska,5
8125,Cetina,8125,515,Civljane,515,15,Šibensko-kninska,15
8117,Cetingrad,8117,493,Cetingrad,493,4,Karlovačka,4
8133,Cetinovec,8133,5266,Zlatar,5266,2,Krapinsko-zagorska,2
8141,Cetinski Varoš,8141,493,Cetingrad,493,4,Karlovačka,4
8150,Cicvare,8150,3182,Pakrac,3182,11,Požeško-slavonska,11
8168,Cicvare,8168,3948,Skradin,3948,15,Šibensko-kninska,15
8184,Ciglena,8184,248,Bjelovar,248,7,Bjelovarsko-bilogorska,7
8192,Ciglenica,8192,1198,Garešnica,1198,7,Bjelovarsko-bilogorska,7
8206,Ciglenica,8206,3476,Popovača,3476,3,Sisačko-moslavačka,3
8214,Ciglenica Zagorska,8214,4308,Sveti Križ Začretje,4308,2,Krapinsko-zagorska,2
8222,Ciglenik,8222,2216,Kutjevo,2216,11,Požeško-slavonska,11
8249,Ciglenik,8249,3093,Oriovac,3093,12,Brodsko-posavska,12
8257,Cigrovec,8257,3522,Pregrada,3522,2,Krapinsko-zagorska,2
8265,Cikote,8265,3182,Pakrac,3182,11,Požeško-slavonska,11
8273,Cirkovljan,8273,3557,Prelog,3557,20,Međimurska,20
8281,Cirkvena,8281,4391,Sveti Ivan Žabno,4391,6,Koprivničko-križevačka,6
8290,Cista Provo,8290,507,Cista Provo,507,17,Splitsko-dalmatinska,17
67679,Cista Velika,67679,507,Cista Provo,507,17,Splitsko-dalmatinska,17
8303,Civljane,8303,515,Civljane,515,15,Šibensko-kninska,15
8311,Cokuni,8311,2542,Marčana,2542,18,Istarska,18
8320,Colnari,8320,388,Brod Moravice,388,8,Primorsko-goranska,8
8338,Cremušina,8338,4804,Veliki Grđevac,4804,7,Bjelovarsko-bilogorska,7
8354,Cres,8354,523,Cres,523,8,Primorsko-goranska,8
8362,Cret Bizovački,8362,230,Bizovac,230,14,Osječko-baranjska,14
8389,Cret Viljevski,8389,4855,Viljevo,4855,14,Osječko-baranjska,14
8397,Crevarska Strana,8397,5100,Gvozd,5100,3,Sisačko-moslavačka,3
8419,Crikvenica,8419,531,Crikvenica,531,8,Primorsko-goranska,8
8427,Crivac,8427,876,Muć,876,17,Splitsko-dalmatinska,17
8435,Crklada,8435,4987,Vižinada,4987,18,Istarska,18
8443,Crkovec,8443,2291,Lepoglava,2291,5,Varaždinska,5
8451,Crkvari,8451,3077,Orahovica,3077,10,Virovitičko-podravska,10
8460,Crkveni Bok,8460,4260,Sunja,4260,3,Sisačko-moslavačka,3
8478,Crkveni Vrhovci,8478,3514,Požega,3514,11,Požeško-slavonska,11
8486,Crljenci,8486,353,Brestovac,353,11,Požeško-slavonska,11
8494,Crljenik,8494,4111,Stankovci,4111,13,Zadarska,13
8508,Crna Draga,8508,2259,Lasinja,2259,4,Karlovačka,4
8516,Crna Klada,8516,2780,Našice,2780,14,Osječko-baranjska,14
8524,Crna Mlaka,8524,1694,Jastrebarsko,1694,1,Zagrebačka,1
8532,Crnac,8532,540,Crnac,540,10,Virovitičko-podravska,10
8559,Crnac,8559,3913,Sisak,3913,3,Sisačko-moslavačka,3
8567,Crni,8567,3689,Raša,3689,18,Istarska,18
8575,Crni Dabar,8575,1783,Karlobag,1783,9,Ličko-senjska,9
8583,Crni Kal,8583,3875,Senj,3875,9,Ličko-senjska,9
8591,Crni Lazi,8591,558,Čabar,558,8,Primorsko-goranska,8
8605,Crni Lug,8605,698,Delnice,698,8,Primorsko-goranska,8
8613,Crni Potok,8613,3387,Podcrkavlje,3387,12,Brodsko-posavska,12
8621,Crni Potok,8621,4570,Topusko,4570,3,Sisačko-moslavačka,3
8630,Crno,8630,2909,Novi Vinodolski,2909,8,Primorsko-goranska,8
8648,Crno,8648,5207,Zadar,5207,13,Zadarska,13
8656,Crno Kamanje,8656,1201,Generalski Stol,1201,4,Karlovačka,4
8664,Crno Vrelo,8664,4006,Slunj,4006,4,Karlovačka,4
8672,Crveni Vrh,8672,4685,Umag,4685,18,Istarska,18
8699,Cubinec,8699,2143,Križevci,2143,6,Koprivničko-križevačka,6
8702,Cugovec,8702,1350,Gradec,1350,1,Zagrebačka,1
8729,Cukrići,8729,4359,Svetvinčenat,4359,18,Istarska,18
8737,Culibrki,8737,2810,Netretić,2810,4,Karlovačka,4
8745,Cunj,8745,434,Buzet,434,18,Istarska,18
8753,Curkovec,8753,4294,Sveti Ivan Zelina,4294,1,Zagrebačka,1
8761,Cvetišće,8761,3158,Ozalj,3158,4,Karlovačka,4
8770,Cvetkovec,8770,3662,Rasinja,3662,6,Koprivničko-križevačka,6
8788,Cvetković,8788,1694,Jastrebarsko,1694,1,Zagrebačka,1
8796,Cvetković Brdo,8796,5410,Velika Gorica,5410,1,Zagrebačka,1
8800,Cvetlin,8800,124,Bednja,124,5,Varaždinska,5
8818,Cvetnić Brdo,8818,5444,Pokupsko,5444,1,Zagrebačka,1
8826,Cvijanović Brdo,8826,4006,Slunj,4006,4,Karlovačka,4
8834,Cvitani,8834,4979,Višnjan,4979,18,Istarska,18
8842,Cvitići,8842,60,Barban,60,18,Istarska,18
8869,Cvitović,8869,4006,Slunj,4006,4,Karlovačka,4
8877,Čabar,8877,558,Čabar,558,8,Primorsko-goranska,8
8885,Čabdin,8885,1694,Jastrebarsko,1694,1,Zagrebačka,1
8893,Čabraji,8893,2143,Križevci,2143,6,Koprivničko-križevačka,6
8907,Čabrunići,8907,4359,Svetvinčenat,4359,18,Istarska,18
8915,Čačinci,8915,566,Čačinci,566,10,Virovitičko-podravska,10
8923,Čačvina,8923,4600,Trilj,4600,17,Splitsko-dalmatinska,17
8931,Čađavac,8931,4782,Velika Pisanica,4782,7,Bjelovarsko-bilogorska,7
8940,Čađavica,8940,574,Čađavica,574,10,Virovitičko-podravska,10
8958,Čađavički Lug,8958,574,Čađavica,574,10,Virovitičko-podravska,10
8966,Čaglin,8966,582,Čaglin,582,11,Požeško-slavonska,11
8974,Čaire,8974,2208,Kutina,2208,3,Sisačko-moslavačka,3
8982,Čajkovci,8982,5142,Vrpolje,5142,12,Brodsko-posavska,12
75060,Čajkovica,75060,981,Dubrovnik,981,19,Dubrovačko-neretvanska,19
75078,Čajkovići,75078,981,Dubrovnik,981,19,Dubrovačko-neretvanska,19
9008,Čakanec,9008,5452,Kravarsko,5452,1,Zagrebačka,1
9016,Čakovci,9016,4561,Tompojevci,4561,16,Vukovarsko-srijemska,16
9024,Čakovec,9024,604,Čakovec,604,20,Međimurska,20
9032,Čalinec,9032,2607,Maruševec,2607,5,Varaždinska,5
9059,Čamagajevci,9059,2577,Marijanci,2577,14,Osječko-baranjska,14
9067,Čambarelići,9067,2178,Kršan,2178,18,Istarska,18
9075,Čamerovac,9075,4006,Slunj,4006,4,Karlovačka,4
9083,Čanak,9083,4553,Plitvička Jezera,4553,9,Ličko-senjska,9
9091,Čandrli,9091,4880,Vinodolska Općina,4880,8,Primorsko-goranska,8
9105,Čanjevo,9105,4936,Visoko,4936,5,Varaždinska,5
9113,Čapljani,9113,4260,Sunja,4260,3,Sisačko-moslavačka,3
9121,Čaporice,9121,4600,Trilj,4600,17,Splitsko-dalmatinska,17
9130,Čaprginci,9130,2992,Okučani,2992,12,Brodsko-posavska,12
9148,Čara,9148,2046,Korčula,2046,19,Dubrovačko-neretvanska,19
9164,Čatrnja,9164,2160,Krnjak,2160,4,Karlovačka,4
9172,Čatrnja,9172,3654,Rakovica,3654,4,Karlovačka,4
9199,Čavle,9199,612,Čavle,612,8,Primorsko-goranska,8
9202,Čavlovica,9202,1023,Dvor,1023,3,Sisačko-moslavačka,3
9229,Čavoglave,9229,3778,Ružić,3778,15,Šibensko-kninska,15
9237,Čazma,9237,639,Čazma,639,7,Bjelovarsko-bilogorska,7
9245,Čečavac,9245,353,Brestovac,353,11,Požeško-slavonska,11
9253,Čečavački Vučjak,9253,353,Brestovac,353,11,Požeško-slavonska,11
9261,Čedanj,9261,698,Delnice,698,8,Primorsko-goranska,8
9270,Čeglje,9270,1694,Jastrebarsko,1694,1,Zagrebačka,1
9288,Čehići,9288,4316,Sveti Lovreč,4316,18,Istarska,18
9296,Čehovec,9296,3557,Prelog,3557,20,Međimurska,20
9300,Čelikovići,9300,3883,Sibinj,3883,12,Brodsko-posavska,12
9318,Čelina,9318,3000,Omiš,3000,17,Splitsko-dalmatinska,17
75264,Čelopeci,75264,6025,Župa Dubrovačka,6025,19,Dubrovačko-neretvanska,19
9326,Čemernica,9326,4910,Virovitica,4910,10,Virovitičko-podravska,10
9334,Čemernica Lonjska,9334,1937,Kloštar Ivanić,1937,1,Zagrebačka,1
9342,Čeminac,9342,647,Čeminac,647,14,Osječko-baranjska,14
9369,Čenkovo,9369,2305,Levanjska Varoš,2305,14,Osječko-baranjska,14
9377,Čepelovac,9377,1074,Đurđevac,1074,6,Koprivničko-križevačka,6
9385,Čepić,9385,3042,Oprtalj,3042,18,Istarska,18
9393,Čepikuće,9393,5983,Dubrovačko Primorje,5983,19,Dubrovačko-neretvanska,19
9407,Čepin,9407,655,Čepin,655,14,Osječko-baranjska,14
9415,Čepinski Martinci,9415,655,Čepin,655,14,Osječko-baranjska,14
9423,Čepljani,9423,4685,Umag,4685,18,Istarska,18
9458,Červari,9458,1759,Kanfanar,1759,18,Istarska,18
9440,Červar-Porat,9440,3484,Poreč,3484,18,Istarska,18
9466,Čestijanec,9466,4413,Sveti Martin Na Muri,4413,20,Međimurska,20
9474,Česvinica,9474,4197,Ston,4197,19,Dubrovačko-neretvanska,19
9482,Češljakovci,9482,1775,Kaptol,1775,11,Požeško-slavonska,11
9504,Četekovac,9504,2666,Mikleuš,2666,10,Virovitičko-podravska,10
9512,Četvrtkovac,9512,4260,Sunja,4260,3,Sisačko-moslavačka,3
75272,Čibača,75272,6025,Župa Dubrovačka,6025,19,Dubrovačko-neretvanska,19
9539,Čičkovina,9539,850,Donji Martijanec,850,5,Varaždinska,5
9547,Čigoč,9547,3913,Sisak,3913,3,Sisačko-moslavačka,3
9555,Čilipi,9555,1988,Konavle,1988,19,Dubrovačko-neretvanska,19
9563,Čingi-Lingi,9563,2704,Molve,2704,6,Koprivničko-križevačka,6
9571,Čiritež,9571,434,Buzet,434,18,Istarska,18
9580,Čisla,9580,3000,Omiš,3000,17,Splitsko-dalmatinska,17
9598,Čista Mala,9598,5002,Vodice,5002,15,Šibensko-kninska,15
9601,Čista Mlaka,9601,3760,Rugvica,3760,1,Zagrebačka,1
9610,Čista Velika,9610,5002,Vodice,5002,15,Šibensko-kninska,15
9628,Čitluk,9628,2984,Promina,2984,15,Šibensko-kninska,15
9636,Čitluk,9636,3891,Sinj,3891,17,Splitsko-dalmatinska,17
9644,Čižići,9644,744,Dobrinj,744,8,Primorsko-goranska,8
9652,Čojlug,9652,2666,Mikleuš,2666,10,Virovitičko-podravska,10
9679,Čojluk,9679,4677,Udbina,4677,9,Ličko-senjska,9
9687,Čokadinci,9687,655,Čepin,655,14,Osječko-baranjska,14
9709,Čovac,9709,2992,Okučani,2992,12,Brodsko-posavska,12
9717,Čovići,9717,3131,Otočac,3131,9,Ličko-senjska,9
9725,Črečan,9725,2798,Nedelišće,2798,20,Međimurska,20
9733,Črečan,9733,4294,Sveti Ivan Zelina,4294,1,Zagrebačka,1
8346,Čremušnica,8346,5100,Gvozd,5100,3,Sisačko-moslavačka,3
9741,Črešnjevec,9741,4669,Tuhelj,4669,2,Krapinsko-zagorska,2
9750,Črešnjevo,9750,191,Beretinec,191,5,Varaždinska,5
9768,Čret,9768,2127,Krapinske Toplice,2127,2,Krapinsko-zagorska,2
9776,Čret Bisaški,9776,361,Breznica,361,5,Varaždinska,5
9784,Čret Posavski,9784,5428,Orle,5428,1,Zagrebačka,1
9792,Črnčevec,9792,4421,Sveti Petar Orehovec,4421,6,Koprivničko-križevačka,6
9806,Črnec Biškupečki,9806,4723,Varaždin,4723,5,Varaždinska,5
9814,Črnec Dugoselski,9814,3760,Rugvica,3760,1,Zagrebačka,1
9822,Črnec Rugvički,9822,3760,Rugvica,3760,1,Zagrebačka,1
9849,Črnica,9849,434,Buzet,434,18,Istarska,18
9857,Črnile,9857,4731,Varaždinske Toplice,4731,5,Varaždinska,5
9865,Črnilovec,9865,1694,Jastrebarsko,1694,1,Zagrebačka,1
9873,Črnkovci,9873,2577,Marijanci,2577,14,Osječko-baranjska,14
9881,Črnkovec,9881,5410,Velika Gorica,5410,1,Zagrebačka,1
9890,Črvar,9890,3484,Poreč,3484,18,Istarska,18
9903,Čučak,9903,388,Brod Moravice,388,8,Primorsko-goranska,8
9911,Čučići,9911,5339,Krašić,5339,1,Zagrebačka,1
9938,Čujića Krčevina,9938,4553,Plitvička Jezera,4553,9,Ličko-senjska,9
9946,Čuki,9946,4987,Vižinada,4987,18,Istarska,18
9954,Čukovec,9954,2445,Ludbreg,2445,5,Varaždinska,5
9962,Čukovec,9962,3557,Prelog,3557,20,Međimurska,20
9989,Čukur,9989,1503,Hrvatska Kostajnica,1503,3,Sisačko-moslavačka,3
9997,Čunkova Draga,9997,5339,Krašić,5339,1,Zagrebačka,1
10006,Čurilovec,10006,4731,Varaždinske Toplice,4731,5,Varaždinska,5
10014,Čuši,10014,3484,Poreč,3484,18,Istarska,18
10022,Čvrljevo,10022,4448,Šibenik,4448,15,Šibensko-kninska,15
10049,Čvrljevo,10049,4693,Unešić,4693,15,Šibensko-kninska,15
10057,Ćelije,10057,4642,Trpinja,4642,16,Vukovarsko-srijemska,16
9431,Ćeralije,9431,4995,Voćin,4995,10,Virovitičko-podravska,10
10065,Ćikovići,10065,1805,Kastav,1805,8,Primorsko-goranska,8
10073,Ćore,10073,1023,Dvor,1023,3,Sisačko-moslavačka,3
75736,Ćorkova Uvala,75736,3786,Saborsko,3786,4,Karlovačka,4
10081,Ćosinci,10081,3344,Pleternica,3344,11,Požeško-slavonska,11
10090,Ćosine Laze,10090,3514,Požega,3514,11,Požeško-slavonska,11
9920,Ćuić Brdo,9920,3654,Rakovica,3654,4,Karlovačka,4
10103,Ćunski,10103,2526,Mali Lošinj,2526,8,Primorsko-goranska,8
10111,Ćurlovac,10111,4839,Veliko Trojstvo,4839,7,Bjelovarsko-bilogorska,7
10120,Ćusi,10120,477,Cerovlje,477,18,Istarska,18
10138,Dabar,10138,1481,Hrvace,1481,17,Splitsko-dalmatinska,17
10146,Dabar,10146,3131,Otočac,3131,9,Ličko-senjska,9
10154,Dabašnica,10154,1317,Gračac,1317,13,Zadarska,13
10162,Dabrina,10162,1210,Glina,1210,3,Sisačko-moslavačka,3
10189,Dajla,10189,2917,Novigrad - Istarska ž.,2917,18,Istarska,18
10197,Dalj,10197,1104,Erdut,1104,14,Osječko-baranjska,14
10219,Damalj,10219,5096,Vrbovsko,5096,8,Primorsko-goranska,8
10227,Danci,10227,4987,Vižinada,4987,18,Istarska,18
10235,Dančanje,10235,4197,Ston,4197,19,Dubrovačko-neretvanska,19
10243,Dančulovići,10243,3158,Ozalj,3158,4,Karlovačka,4
10251,Dane,10251,2232,Lanišće,2232,18,Istarska,18
10260,Dane,10260,3808,Samobor,3808,1,Zagrebačka,1
10278,Dani,10278,302,Bosiljevo,302,4,Karlovačka,4
10294,Danilo,10294,4448,Šibenik,4448,15,Šibensko-kninska,15
10286,Danilo Biranj,10286,4448,Šibenik,4448,15,Šibensko-kninska,15
10308,Danilo Kraljice,10308,4448,Šibenik,4448,15,Šibensko-kninska,15
10316,Dapci,10316,639,Čazma,639,7,Bjelovarsko-bilogorska,7
4928,Dapčevački Brđani,4928,1392,Grubišno Polje,1392,7,Bjelovarsko-bilogorska,7
10324,Daranovci,10324,353,Brestovac,353,11,Požeško-slavonska,11
10332,Darda,10332,663,Darda,663,14,Osječko-baranjska,14
10367,Darkovac,10367,582,Čaglin,582,11,Požeško-slavonska,11
10375,Daruvar,10375,671,Daruvar,671,7,Bjelovarsko-bilogorska,7
5240,Daruvarski Brestovac,5240,1996,Končanica,1996,7,Bjelovarsko-bilogorska,7
10383,Daruvarski Vinogradi,10383,671,Daruvar,671,7,Bjelovarsko-bilogorska,7
10391,Daskatica,10391,4502,Štefanje,4502,7,Bjelovarsko-bilogorska,7
10405,Dautan,10405,2879,Nova Rača,2879,7,Bjelovarsko-bilogorska,7
10413,Davor,10413,680,Davor,680,12,Brodsko-posavska,12
10421,Dazlina,10421,4545,Tisno,4545,15,Šibensko-kninska,15
10430,Deanovec,10430,1589,Ivanić-Grad,1589,1,Zagrebačka,1
10448,Deanovići,10448,3280,Petrinja,3280,3,Sisačko-moslavačka,3
10499,Debeljak,10499,4251,Sukošan,4251,13,Zadarska,13
10502,Debeljuhi,10502,5312,Žminj,5312,18,Istarska,18
10456,Debelo Brdo,10456,4677,Udbina,4677,9,Ličko-senjska,9
10464,Debelo Brdo I,10464,1309,Gospić,1309,9,Ličko-senjska,9
10472,Debelo Brdo Ii,10472,1309,Gospić,1309,9,Ličko-senjska,9
10529,Dedin,10529,698,Delnice,698,8,Primorsko-goranska,8
10537,Dedina,10537,4421,Sveti Petar Orehovec,4421,6,Koprivničko-križevačka,6
10545,Dekanovec,10545,6033,Dekanovec,6033,20,Međimurska,20
10553,Deklešanec,10553,4421,Sveti Petar Orehovec,4421,6,Koprivničko-križevačka,6
10561,Deklevi,10561,4979,Višnjan,4979,18,Istarska,18
10570,Deklići,10570,5975,Kaštelir - Labinci,5975,18,Istarska,18
10588,Dekovići,10588,3484,Poreč,3484,18,Istarska,18
10596,Delači,10596,388,Brod Moravice,388,8,Primorsko-goranska,8
10600,Delić Poljana,10600,493,Cetingrad,493,4,Karlovačka,4
10618,Delići,10618,4316,Sveti Lovreč,4316,18,Istarska,18
10626,Delkovec,10626,2488,Mače,2488,2,Krapinsko-zagorska,2
10634,Delnice,10634,698,Delnice,698,8,Primorsko-goranska,8
10642,Delovi,10642,2925,Novigrad Podravski,2925,6,Koprivničko-križevačka,6
10669,Demerje,10669,1333,Grad Zagreb,1333,22,Grad Zagreb,22
10677,Dereza,10677,639,Čazma,639,7,Bjelovarsko-bilogorska,7
10685,Dereza,10685,3182,Pakrac,3182,11,Požeško-slavonska,11
10693,Derežani,10693,1589,Ivanić-Grad,1589,1,Zagrebačka,1
10707,Deringaj,10707,1317,Gračac,1317,13,Zadarska,13
10715,Dervišaga,10715,3514,Požega,3514,11,Požeško-slavonska,11
10723,Desinić,10723,701,Desinić,701,2,Krapinsko-zagorska,2
10731,Desinić Gora,10731,701,Desinić,701,2,Krapinsko-zagorska,2
10740,Desmerice,10740,2976,Ogulin,2976,4,Karlovačka,4
10758,Desna Martinska Ves,10758,2593,Martinska Ves,2593,3,Sisačko-moslavačka,3
10766,Desne,10766,2194,Kula Norinska,2194,19,Dubrovačko-neretvanska,19
10774,Desni Degoj,10774,1210,Glina,1210,3,Sisačko-moslavačka,3
10782,Desni Dubrovčak,10782,2593,Martinska Ves,2593,3,Sisačko-moslavačka,3
10804,Desni Štefanki,10804,2259,Lasinja,2259,4,Karlovačka,4
10812,Desno Sredičko,10812,2259,Lasinja,2259,4,Karlovačka,4
10839,Desno Trebarjevo,10839,2593,Martinska Ves,2593,3,Sisačko-moslavačka,3
10847,Desno Željezno,10847,2593,Martinska Ves,2593,3,Sisačko-moslavačka,3
10855,Desprim,10855,1333,Grad Zagreb,1333,22,Grad Zagreb,22
10863,Detkovac,10863,1368,Gradina,1368,10,Virovitičko-podravska,10
10871,Dežanovac,10871,710,Dežanovac,710,7,Bjelovarsko-bilogorska,7
10880,Deževci,10880,353,Brestovac,353,11,Požeško-slavonska,11
10898,Dijakovac,10898,1392,Grubišno Polje,1392,7,Bjelovarsko-bilogorska,7
10901,Dijaneš,10901,5088,Vrbovec,5088,1,Zagrebačka,1
10910,Dijankovec,10910,2143,Križevci,2143,6,Koprivničko-križevačka,6
10936,Diklići,10936,4979,Višnjan,4979,18,Istarska,18
10952,Dinjevac,10952,3328,Pitomača,3328,10,Virovitičko-podravska,10
10979,Dinjiška,10979,3166,Pag,3166,13,Zadarska,13
10987,Dioš,10987,1996,Končanica,1996,7,Bjelovarsko-bilogorska,7
10995,Dišnik,10995,1198,Garešnica,1198,7,Bjelovarsko-bilogorska,7
11002,Divjake,11002,3930,Skrad,3930,8,Primorsko-goranska,8
11029,Divojevići,11029,5860,Lećevica,5860,17,Splitsko-dalmatinska,17
11037,Divoselo,11037,1309,Gospić,1309,9,Ličko-senjska,9
11045,Divoš,11045,1112,Ernestinovo,1112,14,Osječko-baranjska,14
11053,Divoševci,11053,4766,Velika Kopanica,4766,12,Brodsko-posavska,12
11061,Divšići,11061,2542,Marčana,2542,18,Istarska,18
11070,Divulje,11070,4634,Trogir,4634,17,Splitsko-dalmatinska,17
11088,Divuša,11088,1023,Dvor,1023,3,Sisačko-moslavačka,3
11096,Djedina Rijeka,11096,582,Čaglin,582,11,Požeško-slavonska,11
11100,Dnopolje,11100,841,Donji Lapac,841,9,Ličko-senjska,9
11118,Dobra Kuća,11118,1058,Đulovac,1058,7,Bjelovarsko-bilogorska,7
11134,Dobra Voda,11134,175,Benkovac,175,13,Zadarska,13
11126,Dobra Voda,11126,582,Čaglin,582,11,Požeško-slavonska,11
11142,Dobranje,11142,507,Cista Provo,507,17,Splitsko-dalmatinska,17
11169,Dobranje,11169,5231,Zažablje,5231,19,Dubrovačko-neretvanska,19
11177,Dobreć,11177,3026,Opatija,3026,8,Primorsko-goranska,8
11185,Dobrenići,11185,1201,Generalski Stol,1201,4,Karlovačka,4
11193,Dobri Zdenci,11193,1252,Gornja Stubica,1252,2,Krapinsko-zagorska,2
11207,Dobrić,11207,4995,Voćin,4995,10,Virovitičko-podravska,10
11215,Dobrinče,11215,2437,Lovreć,2437,17,Splitsko-dalmatinska,17
11223,Dobrinj,11223,744,Dobrinj,744,8,Primorsko-goranska,8
11231,Dobrodol,11231,1333,Grad Zagreb,1333,22,Grad Zagreb,22
11240,Dobrogošće,11240,582,Čaglin,582,11,Požeško-slavonska,11
11258,Dobropoljana,11258,3204,Pašman,3204,13,Zadarska,13
11266,Dobropoljci,11266,2348,Lišane Ostrovičke,2348,13,Zadarska,13
11274,Dobroselo,11274,841,Donji Lapac,841,9,Ličko-senjska,9
11282,Dobrovac,11282,2313,Lipik,2313,11,Požeško-slavonska,11
11304,Dobrović,11304,2836,Nova Bukovica,2836,10,Virovitičko-podravska,10
11312,Dodoši,11312,3280,Petrinja,3280,3,Sisačko-moslavačka,3
74730,Dograde,74730,2585,Marina,2585,17,Splitsko-dalmatinska,17
11339,Dojutrovica,11339,3158,Ozalj,3158,4,Karlovačka,4
11347,Dokmanovići,11347,5096,Vrbovsko,5096,8,Primorsko-goranska,8
11371,Dol,11371,5339,Krašić,5339,1,Zagrebačka,1
11355,Dol,11355,3506,Postira,3506,17,Splitsko-dalmatinska,17
11363,Dol,11363,4138,Stari Grad,4138,17,Splitsko-dalmatinska,17
11380,Dol Klanječki,11380,1872,Klanjec,1872,2,Krapinsko-zagorska,2
11398,Dolac,11398,353,Brestovac,353,11,Požeško-slavonska,11
11401,Dolac Crikvenički,11401,531,Crikvenica,531,8,Primorsko-goranska,8
11410,Dolanjski Jarak,11410,1694,Jastrebarsko,1694,1,Zagrebačka,1
11428,Dolci,11428,3077,Orahovica,3077,10,Virovitičko-podravska,10
11436,Dolec Podokićki,11436,3808,Samobor,3808,1,Zagrebačka,1
11444,Dolenci,11444,5096,Vrbovsko,5096,8,Primorsko-goranska,8
11452,Dolenja Vas,11452,2461,Lupoglav,2461,18,Istarska,18
11479,Doli,11479,5983,Dubrovačko Primorje,5983,19,Dubrovačko-neretvanska,19
11487,Dolica,11487,60,Barban,60,18,Istarska,18
11509,Dolića Draga,11509,5878,Lokvičići,5878,17,Splitsko-dalmatinska,17
11495,Dolići,11495,2119,Krapina,2119,2,Krapinsko-zagorska,2
11517,Dolina,11517,5061,Vrbje,5061,12,Brodsko-posavska,12
11525,Dolinci,11525,4880,Vinodolska Općina,4880,8,Primorsko-goranska,8
11568,Doljan,11568,4383,Sveti Ilija,4383,5,Varaždinska,5
11576,Doljanci,11576,4758,Velika,4758,11,Požeško-slavonska,11
11584,Doljanec,11584,2143,Križevci,2143,6,Koprivničko-križevačka,6
11592,Doljani,11592,671,Daruvar,671,7,Bjelovarsko-bilogorska,7
11606,Doljani,11606,841,Donji Lapac,841,9,Ličko-senjska,9
11614,Doljani,11614,3131,Otočac,3131,9,Ličko-senjska,9
11622,Doljani Žumberački,11622,3158,Ozalj,3158,4,Karlovačka,4
11649,Doljanovci,11649,1775,Kaptol,1775,11,Požeško-slavonska,11
11533,Dolnjaki,11533,1210,Glina,1210,3,Sisačko-moslavačka,3
11541,Dolovo,11541,744,Dobrinj,744,8,Primorsko-goranska,8
11550,Doluš,11550,388,Brod Moravice,388,8,Primorsko-goranska,8
11657,Domagović,11657,1694,Jastrebarsko,1694,1,Zagrebačka,1
11665,Domahovo,11665,4812,Veliko Trgovišće,4812,2,Krapinsko-zagorska,2
11673,Domaji,11673,4057,Sokolovac,4057,6,Koprivničko-križevačka,6
11681,Domankuš,11681,3751,Rovišće,3751,7,Bjelovarsko-bilogorska,7
11690,Domaslovec,11690,3808,Samobor,3808,1,Zagrebačka,1
11703,Domašinec,11703,752,Domašinec,752,20,Međimurska,20
11711,Domijanići,11711,5312,Žminj,5312,18,Istarska,18
11720,Dominkovica,11720,4839,Veliko Trojstvo,4839,7,Bjelovarsko-bilogorska,7
11738,Domitrovec,11738,4847,Vidovec,4847,5,Varaždinska,5
11746,Domovec,11746,1465,Hrašćina,1465,2,Krapinsko-zagorska,2
11754,Donja Bačuga,11754,3280,Petrinja,3280,3,Sisačko-moslavačka,3
11762,Donja Banda,11762,3085,Orebić,3085,19,Dubrovačko-neretvanska,19
11789,Donja Batina,11789,2003,Konjščina,2003,2,Krapinsko-zagorska,2
11797,Donja Batina,11797,5266,Zlatar,5266,2,Krapinsko-zagorska,2
11819,Donja Bebrina,11819,1856,Klakar,1856,12,Brodsko-posavska,12
11827,Donja Bistra,11827,5479,Bistra,5479,1,Zagrebačka,1
11835,Donja Brckovčina,11835,2143,Križevci,2143,6,Koprivničko-križevačka,6
11843,Donja Brusovača,11843,5037,Vojnić,5037,4,Karlovačka,4
11851,Donja Bučica,11851,1210,Glina,1210,3,Sisačko-moslavačka,3
11860,Donja Budičina,11860,3280,Petrinja,3280,3,Sisačko-moslavačka,3
11878,Donja Bukovica,11878,2836,Nova Bukovica,2836,10,Virovitičko-podravska,10
11886,Donja Čemernica,11886,4570,Topusko,4570,3,Sisačko-moslavačka,3
11894,Donja Dobra,11894,388,Brod Moravice,388,8,Primorsko-goranska,8
11908,Donja Drenova,11908,4294,Sveti Ivan Zelina,4294,1,Zagrebačka,1
11916,Donja Dubrava,11916,787,Donja Dubrava,787,20,Međimurska,20
11924,Donja Glina,11924,4006,Slunj,4006,4,Karlovačka,4
11932,Donja Glogovnica,11932,2143,Križevci,2143,6,Koprivničko-križevačka,6
11959,Donja Gračenica,11959,3476,Popovača,3476,3,Sisačko-moslavačka,3
11967,Donja Greda,11967,3760,Rugvica,3760,1,Zagrebačka,1
11975,Donja Jagodnja,11975,3441,Polača,3441,13,Zadarska,13
11983,Donja Jelenska,11983,3476,Popovača,3476,3,Sisačko-moslavačka,3
11991,Donja Konjščina,11991,2003,Konjščina,2003,2,Krapinsko-zagorska,2
12009,Donja Kovačica,12009,4804,Veliki Grđevac,4804,7,Bjelovarsko-bilogorska,7
12017,Donja Krašićevica,12017,698,Delnice,698,8,Primorsko-goranska,8
12025,Donja Kupčina,12025,3310,Pisarovina,3310,1,Zagrebačka,1
12033,Donja Lamana Draga,12033,388,Brod Moravice,388,8,Primorsko-goranska,8
12041,Donja Letina,12041,4260,Sunja,4260,3,Sisačko-moslavačka,3
12050,Donja Lomnica,12050,5410,Velika Gorica,5410,1,Zagrebačka,1
12068,Donja Mlinoga,12068,3280,Petrinja,3280,3,Sisačko-moslavačka,3
12076,Donja Motičina,12076,5762,Donja Motičina,5762,14,Osječko-baranjska,14
12084,Donja Obreška,12084,1937,Kloštar Ivanić,1937,1,Zagrebačka,1
12092,Donja Obrijež,12092,3182,Pakrac,3182,11,Požeško-slavonska,11
12106,Donja Oraovica,12106,1023,Dvor,1023,3,Sisačko-moslavačka,3
12114,Donja Pačetina,12114,4308,Sveti Križ Začretje,4308,2,Krapinsko-zagorska,2
12122,Donja Pastuša,12122,3280,Petrinja,3280,3,Sisačko-moslavačka,3
12149,Donja Perjasica,12149,78,Barilovići,78,4,Karlovačka,4
12157,Donja Petrička,12157,1619,Ivanska,1619,7,Bjelovarsko-bilogorska,7
12165,Donja Pištana,12165,3077,Orahovica,3077,10,Virovitičko-podravska,10
12173,Donja Plemenšćina,12173,3522,Pregrada,3522,2,Krapinsko-zagorska,2
12181,Donja Podgora,12181,795,Donja Stubica,795,2,Krapinsko-zagorska,2
12190,Donja Poljana,12190,4731,Varaždinske Toplice,4731,5,Varaždinska,5
12203,Donja Purgarija,12203,1902,Klinča Sela,1902,1,Zagrebačka,1
12211,Donja Pušća,12211,3620,Pušća,3620,1,Zagrebačka,1
12220,Donja Rašenica,12220,1392,Grubišno Polje,1392,7,Bjelovarsko-bilogorska,7
12238,Donja Reka,12238,1694,Jastrebarsko,1694,1,Zagrebačka,1
12246,Donja Rijeka,12246,4421,Sveti Petar Orehovec,4421,6,Koprivničko-križevačka,6
12254,Donja Selnica,12254,5266,Zlatar,5266,2,Krapinsko-zagorska,2
12262,Donja Stranica,12262,5568,Ribnik,5568,4,Karlovačka,4
12289,Donja Stubica,12289,795,Donja Stubica,795,2,Krapinsko-zagorska,2
12297,Donja Stupnica,12297,1023,Dvor,1023,3,Sisačko-moslavačka,3
12319,Donja Suvaja,12319,1317,Gračac,1317,13,Zadarska,13
12327,Donja Šemnica,12327,2119,Krapina,2119,2,Krapinsko-zagorska,2
12335,Donja Šumetlica,12335,3182,Pakrac,3182,11,Požeško-slavonska,11
12343,Donja Šušnjara,12343,4502,Štefanje,4502,7,Bjelovarsko-bilogorska,7
12351,Donja Tijarica,12351,4600,Trilj,4600,17,Splitsko-dalmatinska,17
12360,Donja Topličica,12360,4294,Sveti Ivan Zelina,4294,1,Zagrebačka,1
12378,Donja Trebinja,12378,1791,Karlovac,1791,4,Karlovačka,4
12386,Donja Trstenica,12386,1210,Glina,1210,3,Sisačko-moslavačka,3
12394,Donja Velešnja,12394,833,Donji Kukuruzari,833,3,Sisačko-moslavačka,3
12408,Donja Velika,12408,3565,Preseka,3565,1,Zagrebačka,1
12416,Donja Velika,12416,4057,Sokolovac,4057,6,Koprivničko-križevačka,6
12424,Donja Visočka,12424,4006,Slunj,4006,4,Karlovačka,4
12432,Donja Višnjica,12432,2291,Lepoglava,2291,5,Varaždinska,5
12459,Donja Vlahinićka,12459,3476,Popovača,3476,3,Sisačko-moslavačka,3
12467,Donja Voća,12467,809,Donja Voća,809,5,Varaždinska,5
12475,Donja Vrba,12475,5690,Gornja Vrba,5690,12,Brodsko-posavska,12
12483,Donja Vrijeska,12483,1058,Đulovac,1058,7,Bjelovarsko-bilogorska,7
12491,Donja Vrućica,12491,6017,Trpanj,6017,19,Dubrovačko-neretvanska,19
12505,Donja Zdenčina,12505,1902,Klinča Sela,1902,1,Zagrebačka,1
12513,Donja Zelina,12513,4294,Sveti Ivan Zelina,4294,1,Zagrebačka,1
12521,Donja Žrvnica,12521,493,Cetingrad,493,4,Karlovačka,4
12530,Donjara,12530,4057,Sokolovac,4057,6,Koprivničko-križevačka,6
12548,Donje Bazije,12548,574,Čađavica,574,10,Virovitičko-podravska,10
12556,Donje Biljane,12556,175,Benkovac,175,13,Zadarska,13
12564,Donje Brezno,12564,1520,Hum Na Sutli,1520,2,Krapinsko-zagorska,2
12572,Donje Bukovlje,12572,1201,Generalski Stol,1201,4,Karlovačka,4
12599,Donje Ceranje,12599,175,Benkovac,175,13,Zadarska,13
12602,Donje Cjepidlake,12602,1058,Đulovac,1058,7,Bjelovarsko-bilogorska,7
12629,Donje Dubrave,12629,2976,Ogulin,2976,4,Karlovačka,4
12637,Donje Dvorišće,12637,337,Brckovljani,337,1,Zagrebačka,1
12645,Donje Gnojnice,12645,493,Cetingrad,493,4,Karlovačka,4
12653,Donje Jame,12653,1210,Glina,1210,3,Sisačko-moslavačka,3
12661,Donje Jesenje,12661,5525,Jesenje,5525,2,Krapinsko-zagorska,2
12670,Donje Komarevo,12670,3913,Sisak,3913,3,Sisačko-moslavačka,3
12688,Donje Kusonje,12688,4995,Voćin,4995,10,Virovitičko-podravska,10
12696,Donje Ladanje,12696,2607,Maruševec,2607,5,Varaždinska,5
12700,Donje Makojišće,12700,2895,Novi Marof,2895,5,Varaždinska,5
12718,Donje Mekušje,12718,1791,Karlovac,1791,4,Karlovačka,4
12726,Donje Mokrice,12726,3280,Petrinja,3280,3,Sisačko-moslavačka,3
12734,Donje Mrzlo Polje Mrežn.,12734,990,Duga Resa,990,4,Karlovačka,4
12742,Donje Novo Selo,12742,2950,Nijemci,2950,16,Vukovarsko-srijemska,16
75086,Donje Obuljeno,75086,981,Dubrovnik,981,19,Dubrovačko-neretvanska,19
12769,Donje Ogorje,12769,876,Muć,876,17,Splitsko-dalmatinska,17
12777,Donje Orešje,12777,4294,Sveti Ivan Zelina,4294,1,Zagrebačka,1
12785,Donje Pazarište,12785,1309,Gospić,1309,9,Ličko-senjska,9
12793,Donje Planjane,12793,4693,Unešić,4693,15,Šibensko-kninska,15
12807,Donje Podotočje,12807,5410,Velika Gorica,5410,1,Zagrebačka,1
12815,Donje Polje,12815,4448,Šibenik,4448,15,Šibensko-kninska,15
12823,Donje Postinje,12823,876,Muć,876,17,Splitsko-dalmatinska,17
12831,Donje Predrijevo,12831,5240,Zdenci,5240,10,Virovitičko-podravska,10
12840,Donje Prekrižje,12840,5339,Krašić,5339,1,Zagrebačka,1
12858,Donje Prilišće,12858,2810,Netretić,2810,4,Karlovačka,4
12866,Donje Primišlje,12866,4006,Slunj,4006,4,Karlovačka,4
12874,Donje Psarjevo,12874,4294,Sveti Ivan Zelina,4294,1,Zagrebačka,1
12882,Donje Rašćane,12882,5118,Vrgorac,5118,17,Splitsko-dalmatinska,17
12904,Donje Raštane,12904,4286,Sveti Filip I Jakov,4286,13,Zadarska,13
12912,Donje Selište,12912,1210,Glina,1210,3,Sisačko-moslavačka,3
12939,Donje Selo,12939,4472,Šolta,4472,17,Splitsko-dalmatinska,17
12947,Donje Sitno,12947,4090,Split,4090,17,Splitsko-dalmatinska,17
12955,Donje Stative,12955,2810,Netretić,2810,4,Karlovačka,4
12963,Donje Taborište,12963,1210,Glina,1210,3,Sisačko-moslavačka,3
12971,Donje Taborište,12971,4006,Slunj,4006,4,Karlovačka,4
12980,Donje Tihovo,12980,698,Delnice,698,8,Primorsko-goranska,8
12998,Donje Utore,12998,4693,Unešić,4693,15,Šibensko-kninska,15
13005,Donje Vino,13005,2127,Krapinske Toplice,2127,2,Krapinsko-zagorska,2
13013,Donje Vinovo,13013,4693,Unešić,4693,15,Šibensko-kninska,15
75400,Donje Vratno,75400,3263,Petrijanec,3263,5,Varaždinska,5
75418,Donje Vratno,75418,4863,Vinica,4863,5,Varaždinska,5
13030,Donje Zagorje,13030,2976,Ogulin,2976,4,Karlovačka,4
13048,Donje Zdjelice,13048,4901,Virje,4901,6,Koprivničko-križevačka,6
13056,Donji Andrijevci,13056,817,Donji Andrijevci,817,12,Brodsko-posavska,12
13064,Donji Babin Potok,13064,4553,Plitvička Jezera,4553,9,Ličko-senjska,9
13072,Donji Bitelić,13072,1481,Hrvace,1481,17,Splitsko-dalmatinska,17
13099,Donji Bjelovac,13099,833,Donji Kukuruzari,833,3,Sisačko-moslavačka,3
13102,Donji Bogićevci,13102,5681,Dragalić,5681,12,Brodsko-posavska,12
13129,Donji Borki,13129,3905,Sirač,3905,7,Bjelovarsko-bilogorska,7
13137,Donji Budački,13137,2160,Krnjak,2160,4,Karlovačka,4
13145,Donji Bukovac Žakanjski,13145,5304,Žakanje,5304,4,Karlovačka,4
13153,Donji Cerovac,13153,4006,Slunj,4006,4,Karlovačka,4
13161,Donji Cerovljani,13161,1490,Hrvatska Dubica,1490,3,Sisačko-moslavačka,3
13170,Donji Crnogovci,13170,4189,Staro Petrovo Selo,4189,12,Brodsko-posavska,12
13188,Donji Čaglić,13188,2313,Lipik,2313,11,Požeško-slavonska,11
13196,Donji Čehi,13196,1333,Grad Zagreb,1333,22,Grad Zagreb,22
13200,Donji Čemehovec,13200,5495,Dubravica,5495,1,Zagrebačka,1
13218,Donji Daruvar,13218,671,Daruvar,671,7,Bjelovarsko-bilogorska,7
13226,Donji Desinec,13226,1694,Jastrebarsko,1694,1,Zagrebačka,1
13234,Donji Dobretin,13234,1023,Dvor,1023,3,Sisačko-moslavačka,3
13242,Donji Dolac,13242,3000,Omiš,3000,17,Splitsko-dalmatinska,17
13269,Donji Draganec,13269,639,Čazma,639,7,Bjelovarsko-bilogorska,7
13277,Donji Dragičevci,13277,639,Čazma,639,7,Bjelovarsko-bilogorska,7
13285,Donji Dragonožec,13285,1333,Grad Zagreb,1333,22,Grad Zagreb,22
13293,Donji Dubovec,13293,2143,Križevci,2143,6,Koprivničko-križevačka,6
13307,Donji Emovci,13307,3514,Požega,3514,11,Požeško-slavonska,11
13315,Donji Fodrovec,13315,4421,Sveti Petar Orehovec,4421,6,Koprivničko-križevačka,6
13323,Donji Furjan,13323,4006,Slunj,4006,4,Karlovačka,4
13331,Donji Grahovljani,13331,3182,Pakrac,3182,11,Požeško-slavonska,11
13340,Donji Gučani,13340,353,Brestovac,353,11,Požeško-slavonska,11
13358,Donji Hrastovac,13358,4260,Sunja,4260,3,Sisačko-moslavačka,3
13366,Donji Hrašćan,13366,825,Donji Kraljevec,825,20,Međimurska,20
13374,Donji Hruševec,13374,5452,Kravarsko,5452,1,Zagrebačka,1
13382,Donji Humac,13382,2801,Nerežišća,2801,17,Splitsko-dalmatinska,17
13404,Donji Jalšovec,13404,701,Desinić,701,2,Krapinsko-zagorska,2
13412,Donji Javoranj,13412,1023,Dvor,1023,3,Sisačko-moslavačka,3
13439,Donji Karin,13439,175,Benkovac,175,13,Zadarska,13
13447,Donji Kašić,13447,175,Benkovac,175,13,Zadarska,13
13455,Donji Klasnić,13455,1210,Glina,1210,3,Sisačko-moslavačka,3
13463,Donji Kneginec,13463,1295,Gornji Kneginec,1295,5,Varaždinska,5
13471,Donji Koncovčak,13471,3859,Selnica,3859,20,Međimurska,20
13480,Donji Kosinj,13480,3239,Perušić,3239,9,Ličko-senjska,9
13498,Donji Kraj,13498,2739,Mošćenička Draga,2739,8,Primorsko-goranska,8
13501,Donji Kraljevec,13501,825,Donji Kraljevec,825,20,Međimurska,20
13510,Donji Kraljevec,13510,1465,Hrašćina,1465,2,Krapinsko-zagorska,2
13528,Donji Kremen,13528,4006,Slunj,4006,4,Karlovačka,4
13536,Donji Kućan,13536,4723,Varaždin,4723,5,Varaždinska,5
13544,Donji Kukuruzari,13544,833,Donji Kukuruzari,833,3,Sisačko-moslavačka,3
13552,Donji Laduč,13552,345,Brdovec,345,1,Zagrebačka,1
13579,Donji Lađevac,13579,4006,Slunj,4006,4,Karlovačka,4
13587,Donji Lapac,13587,841,Donji Lapac,841,9,Ličko-senjska,9
13595,Donji Lepuri,13595,175,Benkovac,175,13,Zadarska,13
13609,Donji Lipovac,13609,2852,Nova Kapela,2852,12,Brodsko-posavska,12
13617,Donji Lipovčani,13617,639,Čazma,639,7,Bjelovarsko-bilogorska,7
13625,Donji Lović,13625,3158,Ozalj,3158,4,Karlovačka,4
13633,Donji Ložac,13633,698,Delnice,698,8,Primorsko-goranska,8
13641,Donji Macelj,13641,1082,Đurmanec,1082,2,Krapinsko-zagorska,2
13650,Donji Marinkovac,13650,973,Dubrava,973,1,Zagrebačka,1
13668,Donji Markovac,13668,1147,Farkaševac,1147,1,Zagrebačka,1
13676,Donji Martijanec,13676,850,Donji Martijanec,850,5,Varaždinska,5
13684,Donji Maslarac,13684,4057,Sokolovac,4057,6,Koprivničko-križevačka,6
13692,Donji Mekinjar,13692,4677,Udbina,4677,9,Ličko-senjska,9
13706,Donji Meljani,13706,3956,Slatina,3956,10,Virovitičko-podravska,10
13714,Donji Mihaljevec,13714,6076,Sveta Marija,6076,20,Međimurska,20
13722,Donji Miholjac,13722,868,Donji Miholjac,868,14,Osječko-baranjska,14
13749,Donji Miklouš,13749,639,Čazma,639,7,Bjelovarsko-bilogorska,7
13757,Donji Mosti,13757,1767,Kapela,1767,7,Bjelovarsko-bilogorska,7
13765,Donji Muć,13765,876,Muć,876,17,Splitsko-dalmatinska,17
13773,Donji Nikšić,13773,4006,Slunj,4006,4,Karlovačka,4
13781,Donji Okrug,13781,698,Delnice,698,8,Primorsko-goranska,8
13790,Donji Oštrc,13790,5401,Žumberak,5401,1,Zagrebačka,1
13803,Donji Oštri Vrh Ozaljski,13803,3158,Ozalj,3158,4,Karlovačka,4
13811,Donji Poloj,13811,4006,Slunj,4006,4,Karlovačka,4
13820,Donji Popovac,13820,4006,Slunj,4006,4,Karlovačka,4
13838,Donji Prnjarovec,13838,2135,Križ,2135,1,Zagrebačka,1
13846,Donji Proložac,13846,884,Proložac,884,17,Splitsko-dalmatinska,17
13854,Donji Pustakovec,13854,825,Donji Kraljevec,825,20,Međimurska,20
13862,Donji Rogolji,13862,2992,Okučani,2992,12,Brodsko-posavska,12
13889,Donji Selkovac,13889,1210,Glina,1210,3,Sisačko-moslavačka,3
13897,Donji Sjeničak,13897,1791,Karlovac,1791,4,Karlovačka,4
13919,Donji Skrad,13919,78,Barilovići,78,4,Karlovačka,4
13927,Donji Slatinik,13927,3387,Podcrkavlje,3387,12,Brodsko-posavska,12
13935,Donji Srb,13935,1317,Gračac,1317,13,Zadarska,13
13943,Donji Sređani,13943,710,Dežanovac,710,7,Bjelovarsko-bilogorska,7
13951,Donji Stupnik,13951,5517,Stupnik,5517,1,Zagrebačka,1
13960,Donji Sušobreg,13960,2003,Konjščina,2003,2,Krapinsko-zagorska,2
13978,Donji Šajn,13978,388,Brod Moravice,388,8,Primorsko-goranska,8
13986,Donji Šarampov,13986,1589,Ivanić-Grad,1589,1,Zagrebačka,1
13994,Donji Šehovac,13994,388,Brod Moravice,388,8,Primorsko-goranska,8
14001,Donji Škrnik,14001,5533,Kumrovec,5533,2,Krapinsko-zagorska,2
14010,Donji Štrbci,14010,841,Donji Lapac,841,9,Ličko-senjska,9
14028,Donji Tkalec,14028,5088,Vrbovec,5088,1,Zagrebačka,1
14036,Donji Trpuci,14036,1333,Grad Zagreb,1333,22,Grad Zagreb,22
14044,Donji Turni,14044,698,Delnice,698,8,Primorsko-goranska,8
14052,Donji Vaganac,14052,4553,Plitvička Jezera,4553,9,Ličko-senjska,9
14079,Donji Varoš,14079,4120,Stara Gradiška,4120,12,Brodsko-posavska,12
14087,Donji Velemerić,14087,78,Barilovići,78,4,Karlovačka,4
14095,Donji Vidovec,14095,892,Donji Vidovec,892,20,Međimurska,20
14109,Donji Viduševac,14109,1210,Glina,1210,3,Sisačko-moslavačka,3
14117,Donji Vinjani,14117,1554,Imotski,1554,17,Splitsko-dalmatinska,17
14125,Donji Vučkovići,14125,5096,Vrbovsko,5096,8,Primorsko-goranska,8
14133,Donji Vukojevac,14133,2283,Lekenik,2283,3,Sisačko-moslavačka,3
14141,Donji Vukšići,14141,5096,Vrbovsko,5096,8,Primorsko-goranska,8
14150,Donji Vukšinac,14150,973,Dubrava,973,1,Zagrebačka,1
14168,Donji Zagon,14168,2909,Novi Vinodolski,2909,8,Primorsko-goranska,8
14184,Donji Zbilj,14184,701,Desinić,701,2,Krapinsko-zagorska,2
14192,Donji Zebanec,14192,3859,Selnica,3859,20,Međimurska,20
14206,Donji Zvečaj,14206,990,Duga Resa,990,4,Karlovačka,4
14214,Donji Žagari,14214,558,Čabar,558,8,Primorsko-goranska,8
14222,Donji Žirovac,14222,1023,Dvor,1023,3,Sisačko-moslavačka,3
14249,Dopsin,14249,5797,Vladislavci,5797,14,Osječko-baranjska,14
75515,Doričići,75515,5380,Kostrena,5380,8,Primorsko-goranska,8
14257,Došen Dabar,14257,1783,Karlobag,1783,9,Ličko-senjska,9
14265,Drače,14265,5991,Janjina,5991,19,Dubrovačko-neretvanska,19
14273,Dračevac,14273,3484,Poreč,3484,18,Istarska,18
14281,Dračevac Ninski,14281,3450,Poličnik,3450,13,Zadarska,13
14290,Dračevica,14290,2801,Nerežišća,2801,17,Splitsko-dalmatinska,17
14303,Dračevo Polje,14303,4928,Vis,4928,17,Splitsko-dalmatinska,17
14320,Draga,14320,4758,Velika,4758,11,Požeško-slavonska,11
14338,Draga Bašćanska,14338,86,Baška,86,8,Primorsko-goranska,8
14346,Draga Crikvenička,14346,531,Crikvenica,531,8,Primorsko-goranska,8
14354,Draga Lukovdolska,14354,5096,Vrbovsko,5096,8,Primorsko-goranska,8
14362,Draga Svetojanska,14362,1694,Jastrebarsko,1694,1,Zagrebačka,1
14389,Dragalić,14389,5681,Dragalić,5681,12,Brodsko-posavska,12
14397,Dragaljin,14397,4880,Vinodolska Općina,4880,8,Primorsko-goranska,8
75728,Draganić,75728,906,Draganić,906,4,Karlovačka,4
14419,Draganić,14419,3751,Rovišće,3751,7,Bjelovarsko-bilogorska,7
14443,Draganje Selo,14443,3808,Samobor,3808,1,Zagrebačka,1
14435,Draganlug,14435,582,Čaglin,582,11,Požeško-slavonska,11
74969,Draganovec,74969,2011,Koprivnica,2011,6,Koprivničko-križevačka,6
14451,Drage,14451,3174,Pakoštane,3174,13,Zadarska,13
14460,Drage,14460,3654,Rakovica,3654,4,Karlovačka,4
14478,Dragljane,14478,5118,Vrgorac,5118,17,Splitsko-dalmatinska,17
14486,Dragonoš,14486,3808,Samobor,3808,1,Zagrebačka,1
14494,Dragoslavec,14494,4405,Sveti Juraj Na Bregu,4405,20,Međimurska,20
14508,Dragoslavec Breg,14508,6041,Gornji Mihaljevec,6041,20,Međimurska,20
14516,Dragoslavec Selo,14516,6041,Gornji Mihaljevec,6041,20,Međimurska,20
14524,Dragoševci,14524,3158,Ozalj,3158,4,Karlovačka,4
14532,Dragošička,14532,3760,Rugvica,3760,1,Zagrebačka,1
14559,Dragotin,14559,4618,Trnava,4618,14,Osječko-baranjska,14
14567,Dragotina,14567,1210,Glina,1210,3,Sisačko-moslavačka,3
14575,Dragotinci,14575,3280,Petrinja,3280,3,Sisačko-moslavačka,3
14583,Dragovanščak,14583,1694,Jastrebarsko,1694,1,Zagrebačka,1
14591,Dragovci,14591,2852,Nova Kapela,2852,12,Brodsko-posavska,12
14605,Dragove,14605,3794,Sali,3794,13,Zadarska,13
14613,Dragović,14613,3182,Pakrac,3182,11,Požeško-slavonska,11
14621,Dragovići,14621,5096,Vrbovsko,5096,8,Primorsko-goranska,8
14630,Dragozetići,14630,523,Cres,523,8,Primorsko-goranska,8
14648,Draguć,14648,477,Cerovlje,477,18,Istarska,18
14656,Draguzeti,14656,60,Barban,60,18,Istarska,18
14664,Drakulić Rijeka,14664,4553,Plitvička Jezera,4553,9,Ličko-senjska,9
14672,Dramalj,14672,531,Crikvenica,531,8,Primorsko-goranska,8
14699,Drastin,14699,1708,Jelenje,1708,8,Primorsko-goranska,8
14702,Drašći Vrh,14702,5401,Žumberak,5401,1,Zagrebačka,1
14729,Draše,14729,2089,Kraljevec Na Sutli,2089,2,Krapinsko-zagorska,2
14737,Draškovac,14737,1023,Dvor,1023,3,Sisačko-moslavačka,3
14745,Draškovec,14745,3557,Prelog,3557,20,Međimurska,20
14753,Drašković,14753,361,Breznica,361,5,Varaždinska,5
14761,Drašnice,14761,3395,Podgora,3395,17,Splitsko-dalmatinska,17
14770,Draž,14770,914,Draž,914,14,Osječko-baranjska,14
14788,Draževitići,14788,5118,Vrgorac,5118,17,Splitsko-dalmatinska,17
14796,Dražica,14796,4804,Veliki Grđevac,4804,7,Bjelovarsko-bilogorska,7
14800,Dražice,14800,1708,Jelenje,1708,8,Primorsko-goranska,8
14818,Drenčec,14818,1333,Grad Zagreb,1333,22,Grad Zagreb,22
14923,Drenje,14923,949,Drenje,949,14,Osječko-baranjska,14
14931,Drenje,14931,3689,Raša,3689,18,Istarska,18
14940,Drenje Brdovečko,14940,345,Brdovec,345,1,Zagrebačka,1
14958,Drenje Šćitarjevsko,14958,5410,Velika Gorica,5410,1,Zagrebačka,1
14826,Drenov Bok,14826,1686,Jasenovac,1686,3,Sisačko-moslavačka,3
14834,Drenov Klanac,14834,3131,Otočac,3131,9,Ličko-senjska,9
14842,Drenovac,14842,3344,Pleternica,3344,11,Požeško-slavonska,11
14869,Drenovac Banski,14869,1210,Glina,1210,3,Sisačko-moslavačka,3
14877,Drenovac Osredački,14877,1317,Gračac,1317,13,Zadarska,13
14885,Drenovac Radučki,14885,1309,Gospić,1309,9,Ličko-senjska,9
14893,Drenovci,14893,922,Drenovci,922,16,Vukovarsko-srijemska,16
14907,Drenovec,14907,4731,Varaždinske Toplice,4731,5,Varaždinska,5
14915,Drenovica Lipnička,14915,5568,Ribnik,5568,4,Karlovačka,4
14966,Drežnica,14966,2976,Ogulin,2976,4,Karlovačka,4
14974,Drežnik,14974,3727,Rešetari,3727,12,Brodsko-posavska,12
14982,Drežnik Brezovički,14982,1333,Grad Zagreb,1333,22,Grad Zagreb,22
15008,Drežnik Grad,15008,3654,Rakovica,3654,4,Karlovačka,4
15016,Drežnik Podokićki,15016,3808,Samobor,3808,1,Zagrebačka,1
15024,Drinak,15024,2909,Novi Vinodolski,2909,8,Primorsko-goranska,8
15032,Drinovci,15032,957,Drniš,957,15,Šibensko-kninska,15
15059,Drivenik,15059,4880,Vinodolska Općina,4880,8,Primorsko-goranska,8
15067,Drivenik-Stanica,15067,4880,Vinodolska Općina,4880,8,Primorsko-goranska,8
15075,Drlež,15075,710,Dežanovac,710,7,Bjelovarsko-bilogorska,7
15083,Drljača,15083,4260,Sunja,4260,3,Sisačko-moslavačka,3
15091,Drljanovac,15091,2879,Nova Rača,2879,7,Bjelovarsko-bilogorska,7
15105,Drnek,15105,5428,Orle,5428,1,Zagrebačka,1
15113,Drniš,15113,957,Drniš,957,15,Šibensko-kninska,15
15121,Drnje,15121,965,Drnje,965,6,Koprivničko-križevačka,6
15130,Dropčevec,15130,5363,Rakovec,5363,1,Zagrebačka,1
15148,Dropkovec,15148,4421,Sveti Petar Orehovec,4421,6,Koprivničko-križevačka,6
15156,Drškovci,15156,3514,Požega,3514,11,Požeško-slavonska,11
15164,Drum,15164,3379,Podbablje,3379,17,Splitsko-dalmatinska,17
15172,Druškovec,15172,2607,Maruševec,2607,5,Varaždinska,5
15199,Druškovec Gora,15199,1520,Hum Na Sutli,1520,2,Krapinsko-zagorska,2
15202,Druškovec Humski,15202,1520,Hum Na Sutli,1520,2,Krapinsko-zagorska,2
15229,Družbinec,15229,3263,Petrijanec,3263,5,Varaždinska,5
15237,Družilovec,15237,4812,Veliko Trgovišće,4812,2,Krapinsko-zagorska,2
15245,Drvenik,15245,1341,Gradac,1341,17,Splitsko-dalmatinska,17
15253,Drvenik,15253,1988,Konavle,1988,19,Dubrovačko-neretvanska,19
15261,Drvenik Mali,15261,4634,Trogir,4634,17,Splitsko-dalmatinska,17
15270,Drvenik Veliki,15270,4634,Trogir,4634,17,Splitsko-dalmatinska,17
15288,Držimurec,15288,2500,Mala Subotica,2500,20,Međimurska,20
76040,Duba,76040,3999,Slivno,3999,19,Dubrovačko-neretvanska,19
15296,Duba Konavoska,15296,1988,Konavle,1988,19,Dubrovačko-neretvanska,19
15300,Duba Pelješka,15300,6017,Trpanj,6017,19,Dubrovačko-neretvanska,19
15318,Duba Stonska,15318,4197,Ston,4197,19,Dubrovačko-neretvanska,19
15326,Dubočac,15326,108,Bebrina,108,12,Brodsko-posavska,12
15334,Duboka,15334,582,Čaglin,582,11,Požeško-slavonska,11
75906,Duboka,75906,1970,Komiža,1970,17,Splitsko-dalmatinska,17
15342,Duboka,15342,3999,Slivno,3999,19,Dubrovačko-neretvanska,19
15369,Duboki Dol,15369,1317,Gračac,1317,13,Zadarska,13
15377,Duboševica,15377,914,Draž,914,14,Osječko-baranjska,14
15385,Dubovac,15385,1279,Gornji Bogićevci,1279,12,Brodsko-posavska,12
15393,Dubovec,15393,1252,Gornja Stubica,1252,2,Krapinsko-zagorska,2
15407,Dubovec Bisaški,15407,4294,Sveti Ivan Zelina,4294,1,Zagrebačka,1
15415,Dubovica,15415,5584,Veliki Bukovec,5584,5,Varaždinska,5
15423,Dubovik,15423,3387,Podcrkavlje,3387,12,Brodsko-posavska,12
15431,Dubranec,15431,5410,Velika Gorica,5410,1,Zagrebačka,1
15440,Dubrava,15440,973,Dubrava,973,1,Zagrebačka,1
15458,Dubrava,15458,3000,Omiš,3000,17,Splitsko-dalmatinska,17
15466,Dubrava,15466,4197,Ston,4197,19,Dubrovačko-neretvanska,19
15474,Dubrava Kod Šibenika,15474,4448,Šibenik,4448,15,Šibensko-kninska,15
15482,Dubrava Kod Tisna,15482,4545,Tisno,4545,15,Šibensko-kninska,15
15504,Dubrava Križovljanska,15504,485,Cestica,485,5,Varaždinska,5
15512,Dubrava Pušćanska,15512,3620,Pušća,3620,1,Zagrebačka,1
15539,Dubrava Samoborska,15539,3808,Samobor,3808,1,Zagrebačka,1
15547,Dubrava Zabočka,15547,5193,Zabok,5193,2,Krapinsko-zagorska,2
15555,Dubravci,15555,1759,Kanfanar,1759,18,Istarska,18
15563,Dubravci,15563,2810,Netretić,2810,4,Karlovačka,4
15571,Dubravčani,15571,2810,Netretić,2810,4,Karlovačka,4
15580,Dubrave,15580,3433,Pojezerje,3433,19,Dubrovačko-neretvanska,19
15598,Dubrave,15598,4006,Slunj,4006,4,Karlovačka,4
15601,Dubravec,15601,1899,Klenovnik,1899,5,Varaždinska,5
15628,Dubravica,15628,5495,Dubravica,5495,1,Zagrebačka,1
15610,Dubravica,15610,981,Dubrovnik,981,19,Dubrovačko-neretvanska,19
15636,Dubravica,15636,2640,Metković,2640,19,Dubrovačko-neretvanska,19
15644,Dubravica Desinićka,15644,701,Desinić,701,2,Krapinsko-zagorska,2
15652,Dubravice,15652,3948,Skradin,3948,15,Šibensko-kninska,15
15679,Dubravka,15679,1988,Konavle,1988,19,Dubrovačko-neretvanska,19
15687,Dubravski Markovac,15687,973,Dubrava,973,1,Zagrebačka,1
15695,Dubrovčan,15695,4812,Veliko Trgovišće,4812,2,Krapinsko-zagorska,2
15709,Dubrovnik,15709,981,Dubrovnik,981,19,Dubrovačko-neretvanska,19
15717,Dučići,15717,3158,Ozalj,3158,4,Karlovačka,4
15725,Duće,15725,1007,Dugi Rat,1007,17,Splitsko-dalmatinska,17
15733,Duga Gora,15733,1201,Generalski Stol,1201,4,Karlovačka,4
15741,Duga Luka,15741,2224,Labin,2224,18,Istarska,18
15750,Duga Međa,15750,5240,Zdenci,5240,10,Virovitičko-podravska,10
15768,Duga Resa,15768,990,Duga Resa,990,4,Karlovačka,4
15776,Duga Rijeka,15776,3662,Rasinja,3662,6,Koprivničko-križevačka,6
15784,Dugače,15784,302,Bosiljevo,302,4,Karlovačka,4
15792,Duge Njive,15792,5118,Vrgorac,5118,17,Splitsko-dalmatinska,17
15806,Dugi Dol,15806,2160,Krnjak,2160,4,Karlovačka,4
15814,Dugi Rat,15814,1007,Dugi Rat,1007,17,Splitsko-dalmatinska,17
15822,Dugnjevec,15822,5533,Kumrovec,5533,2,Krapinsko-zagorska,2
15849,Dugo Selo,15849,1015,Dugo Selo,1015,1,Zagrebačka,1
15857,Dugo Selo Lasinjsko,15857,5100,Gvozd,5100,3,Sisačko-moslavačka,3
15865,Dugo Selo Lukačko,15865,2453,Lukač,2453,10,Virovitičko-podravska,10
15873,Dugobabe,15873,1929,Klis,1929,17,Splitsko-dalmatinska,17
15890,Dugopolje,15890,5851,Dugopolje,5851,17,Splitsko-dalmatinska,17
15881,Dugopolje,15881,1317,Gračac,1317,13,Zadarska,13
15903,Duhovi,15903,1198,Garešnica,1198,7,Bjelovarsko-bilogorska,7
15911,Dujmić Selo,15911,2976,Ogulin,2976,4,Karlovačka,4
75523,Dujmići,75523,5380,Kostrena,5380,8,Primorsko-goranska,8
15920,Dukovec,15920,4308,Sveti Križ Začretje,4308,2,Krapinsko-zagorska,2
15938,Dulepska,15938,5088,Vrbovec,5088,1,Zagrebačka,1
15946,Dumače,15946,3280,Petrinja,3280,3,Sisačko-moslavačka,3
15954,Dumovec,15954,1333,Grad Zagreb,1333,22,Grad Zagreb,22
15962,Dunave,15962,1988,Konavle,1988,19,Dubrovačko-neretvanska,19
15989,Dunjak,15989,5037,Vojnić,5037,4,Karlovačka,4
15997,Dunjkovec,15997,2798,Nedelišće,2798,20,Međimurska,20
16004,Duričići,16004,434,Buzet,434,18,Istarska,18
16012,Durlinci,16012,3158,Ozalj,3158,4,Karlovačka,4
16039,Dusina,16039,5118,Vrgorac,5118,17,Splitsko-dalmatinska,17
16047,Duzluk,16047,3077,Orahovica,3077,10,Virovitičko-podravska,10
16055,Dužica,16055,2283,Lekenik,2283,3,Sisačko-moslavačka,3
16063,Dvor,16063,1023,Dvor,1023,3,Sisačko-moslavačka,3
16071,Dvoranci,16071,3310,Pisarovina,3310,1,Zagrebačka,1
16080,Dvori,16080,5975,Kaštelir - Labinci,5975,18,Istarska,18
16128,Dvorišće,16128,1210,Glina,1210,3,Sisačko-moslavačka,3
16098,Dvorišće,16098,5363,Rakovec,5363,1,Zagrebačka,1
16101,Dvorišće Ozaljsko,16101,3158,Ozalj,3158,4,Karlovačka,4
16136,Dvorište,16136,2160,Krnjak,2160,4,Karlovačka,4
16110,Dvorište Vivodinsko,16110,3158,Ozalj,3158,4,Karlovačka,4
16144,Dvorjanci,16144,990,Duga Resa,990,4,Karlovačka,4
16152,Dvornica,16152,5827,Rogoznica,5827,15,Šibensko-kninska,15
16179,Dvorska,16179,4243,Suhopolje,4243,10,Virovitičko-podravska,10
16381,Džaperovac,16381,5037,Vojnić,5037,4,Karlovačka,4
16187,Đakovo,16187,1031,Đakovo,1031,14,Osječko-baranjska,14
16195,Đelekovec,16195,1040,Đelekovec,1040,6,Koprivničko-križevačka,6
16209,Đeletovci,16209,2950,Nijemci,2950,16,Vukovarsko-srijemska,16
16217,Đevrske,16217,1848,Kistanje,1848,15,Šibensko-kninska,15
16225,Đivan,16225,5088,Vrbovec,5088,1,Zagrebačka,1
16233,Đuba,16233,4685,Umag,4685,18,Istarska,18
16241,Đulovac,16241,1058,Đulovac,1058,7,Bjelovarsko-bilogorska,7
16250,Đurđanci,16250,1031,Đakovo,1031,14,Osječko-baranjska,14
16268,Đurđekovec,16268,1333,Grad Zagreb,1333,22,Grad Zagreb,22
16276,Đurđenovac,16276,1066,Đurđenovac,1066,14,Osječko-baranjska,14
16284,Đurđevac,16284,1074,Đurđevac,1074,6,Koprivničko-križevačka,6
16292,Đurđic,16292,1619,Ivanska,1619,7,Bjelovarsko-bilogorska,7
16306,Đurđic,16306,2143,Križevci,2143,6,Koprivničko-križevačka,6
16314,Đuričić,16314,4995,Voćin,4995,10,Virovitičko-podravska,10
16322,Đurići,16322,922,Drenovci,922,16,Vukovarsko-srijemska,16
16349,Đurin Potok,16349,493,Cetingrad,493,4,Karlovačka,4
16357,Đurinići,16357,1988,Konavle,1988,19,Dubrovačko-neretvanska,19
16365,Đurinovec,16365,4936,Visoko,4936,5,Varaždinska,5
16373,Đurmanec,16373,1082,Đurmanec,1082,2,Krapinsko-zagorska,2
16390,Eminovci,16390,1643,Jakšić,1643,11,Požeško-slavonska,11
16403,Emovački Lug,16403,3514,Požega,3514,11,Požeško-slavonska,11
16411,Ercegovci,16411,728,Dicmo,728,17,Splitsko-dalmatinska,17
16420,Erdelj,16420,1201,Generalski Stol,1201,4,Karlovačka,4
16438,Erdovec,16438,2143,Križevci,2143,6,Koprivničko-križevačka,6
16446,Erdut,16446,1104,Erdut,1104,14,Osječko-baranjska,14
16454,Erkovčići,16454,434,Buzet,434,18,Istarska,18
16462,Ernestinovo,16462,1112,Ernestinovo,1112,14,Osječko-baranjska,14
16489,Ertić,16489,5304,Žakanje,5304,4,Karlovačka,4
16497,Ervenik,16497,1139,Ervenik,1139,15,Šibensko-kninska,15
16519,Ervenik Zlatarski,16519,5266,Zlatar,5266,2,Krapinsko-zagorska,2
16527,Ervenik Zlatarski,16527,5274,Zlatar-Bistrica,5274,2,Krapinsko-zagorska,2
56227,Eržišće,56227,4324,Sveta Nedelja,4324,18,Istarska,18
16535,Fabci,16535,4979,Višnjan,4979,18,Istarska,18
16543,Fajerovec,16543,4421,Sveti Petar Orehovec,4421,6,Koprivničko-križevačka,6
16551,Falašćak,16551,3808,Samobor,3808,1,Zagrebačka,1
16560,Falinić Breg,16560,485,Cestica,485,5,Varaždinska,5
16578,Farini,16578,4979,Višnjan,4979,18,Istarska,18
16586,Farkaševac,16586,1147,Farkaševac,1147,1,Zagrebačka,1
16594,Farkaševec Samoborski,16594,3808,Samobor,3808,1,Zagrebačka,1
16608,Fažana,16608,5029,Vodnjan,5029,18,Istarska,18
16616,Fažonci,16616,558,Čabar,558,8,Primorsko-goranska,8
16624,Ferbežari,16624,558,Čabar,558,8,Primorsko-goranska,8
16632,Ferdinandovac,16632,1155,Ferdinandovac,1155,6,Koprivničko-križevačka,6
16659,Ferenci,16659,3158,Ozalj,3158,4,Karlovačka,4
16667,Ferenci,16667,4987,Vižinada,4987,18,Istarska,18
16675,Ferežani,16675,4421,Sveti Petar Orehovec,4421,6,Koprivničko-križevačka,6
16683,Feričanci,16683,1163,Feričanci,1163,14,Osječko-baranjska,14
16691,Ferketinec,16691,3425,Podturen,3425,20,Međimurska,20
16705,Ferovac,16705,2216,Kutjevo,2216,11,Požeško-slavonska,11
16713,Festinec,16713,1350,Gradec,1350,1,Zagrebačka,1
16721,Filipana,16721,2542,Marčana,2542,18,Istarska,18
16730,Filipi,16730,4987,Vižinada,4987,18,Istarska,18
16748,Filipići,16748,2895,Novi Marof,2895,5,Varaždinska,5
16756,Filipini,16756,3484,Poreč,3484,18,Istarska,18
16764,Filipovac,16764,2313,Lipik,2313,11,Požeško-slavonska,11
16772,Filipovići,16772,4294,Sveti Ivan Zelina,4294,1,Zagrebačka,1
16799,Filozići,16799,523,Cres,523,8,Primorsko-goranska,8
16802,Finčevec,16802,4421,Sveti Petar Orehovec,4421,6,Koprivničko-križevačka,6
16829,Finida,16829,4685,Umag,4685,18,Istarska,18
16837,Fiorini,16837,400,Brtonigla,400,18,Istarska,18
16845,Flengi,16845,4316,Sveti Lovreč,4316,18,Istarska,18
16853,Florijan,16853,1872,Klanjec,1872,2,Krapinsko-zagorska,2
16861,Fodrovec Riječki,16861,4421,Sveti Petar Orehovec,4421,6,Koprivničko-križevačka,6
16870,Foli,16870,4359,Svetvinčenat,4359,18,Istarska,18
16896,Forčići,16896,434,Buzet,434,18,Istarska,18
16900,Forkuševci,16900,4944,Viškovci,4944,14,Osječko-baranjska,14
16918,Fotez Breg,16918,809,Donja Voća,809,5,Varaždinska,5
16926,Frančići,16926,4324,Sveta Nedelja,4324,18,Istarska,18
16934,Franovići,16934,4880,Vinodolska Općina,4880,8,Primorsko-goranska,8
16969,Frata,16969,3484,Poreč,3484,18,Istarska,18
16977,Fratrovci,16977,302,Bosiljevo,302,4,Karlovačka,4
16985,Fratrovci Ozaljski,16985,3158,Ozalj,3158,4,Karlovačka,4
16993,Frkanovec,16993,4405,Sveti Juraj Na Bregu,4405,20,Međimurska,20
17019,Frkašić,17019,4677,Udbina,4677,9,Ličko-senjska,9
17027,Frketić Selo,17027,2810,Netretić,2810,4,Karlovačka,4
17035,Frkljevci,17035,3344,Pleternica,3344,11,Požeško-slavonska,11
17043,Frkuljevec Mihovljanski,17043,2658,Mihovljan,2658,2,Krapinsko-zagorska,2
17051,Frkuljevec Peršaveški,17051,2488,Mače,2488,2,Krapinsko-zagorska,2
17060,Frnjolići,17060,4316,Sveti Lovreč,4316,18,Istarska,18
17078,Fučkovac,17078,302,Bosiljevo,302,4,Karlovačka,4
17086,Fuka,17086,1350,Gradec,1350,1,Zagrebačka,1
17094,Funtana,17094,6297,Funtana - Fontane,6297,18,Istarska,18
75787,Funtana,75787,3786,Saborsko,3786,4,Karlovačka,4
17108,Furjanići,17108,3158,Ozalj,3158,4,Karlovačka,4
17116,Fuškulin,17116,3484,Poreč,3484,18,Istarska,18
17124,Fužine,17124,1171,Fužine,1171,8,Primorsko-goranska,8
17132,Gabajeva Greda,17132,1457,Hlebine,1457,6,Koprivničko-križevačka,6
17159,Gaber,17159,701,Desinić,701,2,Krapinsko-zagorska,2
17167,Gabonjin,17167,744,Dobrinj,744,8,Primorsko-goranska,8
17175,Gaboš,17175,6106,Markušica,6106,16,Vukovarsko-srijemska,16
17183,Gabrili,17183,1988,Konavle,1988,19,Dubrovačko-neretvanska,19
17191,Gabrilovac,17191,1066,Đurđenovac,1066,14,Osječko-baranjska,14
17205,Gabrovec,17205,3522,Pregrada,3522,2,Krapinsko-zagorska,2
17213,Gačeša Selo,17213,5037,Vojnić,5037,4,Karlovačka,4
17221,Gačice,17221,1562,Ivanec,1562,5,Varaždinska,5
17230,Gaćelezi,17230,5002,Vodice,5002,15,Šibensko-kninska,15
17248,Gaćeško Selo,17248,78,Barilovići,78,4,Karlovačka,4
17256,Gaćište,17256,4243,Suhopolje,4243,10,Virovitičko-podravska,10
17264,Gage,17264,1023,Dvor,1023,3,Sisačko-moslavačka,3
17272,Gaj,17272,2313,Lipik,2313,11,Požeško-slavonska,11
17299,Gaj,17299,5088,Vrbovec,5088,1,Zagrebačka,1
75477,Gajac,75477,2887,Novalja,2887,9,Ličko-senjska,9
75485,Gajac,75485,3166,Pag,3166,13,Zadarska,13
17329,Gajana,17329,5029,Vodnjan,5029,18,Istarska,18
17337,Gajec,17337,1333,Grad Zagreb,1333,22,Grad Zagreb,22
17345,Gajić,17345,914,Draž,914,14,Osječko-baranjska,14
17353,Gajine,17353,841,Donji Lapac,841,9,Ličko-senjska,9
17361,Gala,17361,3140,Otok,3140,17,Splitsko-dalmatinska,17
17370,Galezova Draga,17370,3158,Ozalj,3158,4,Karlovačka,4
17388,Galgovo,17388,3808,Samobor,3808,1,Zagrebačka,1
17396,Galin,17396,3158,Ozalj,3158,4,Karlovačka,4
17400,Galižana,17400,5029,Vodnjan,5029,18,Istarska,18
17418,Galovac,17418,248,Bjelovar,248,7,Bjelovarsko-bilogorska,7
17426,Galovac,17426,5711,Galovac,5711,13,Zadarska,13
17434,Galovec,17434,2003,Konjščina,2003,2,Krapinsko-zagorska,2
17442,Galovec Začretski,17442,4308,Sveti Križ Začretje,4308,2,Krapinsko-zagorska,2
17469,Galović Selo,17469,990,Duga Resa,990,4,Karlovačka,4
17477,Gambetići,17477,4979,Višnjan,4979,18,Istarska,18
17485,Gamboci,17485,426,Buje,426,18,Istarska,18
17493,Garbina,17493,3484,Poreč,3484,18,Istarska,18
17507,Garčin,17507,1180,Garčin,1180,12,Brodsko-posavska,12
17515,Gardinovec,17515,159,Belica,159,20,Međimurska,20
17523,Gardun,17523,4600,Trilj,4600,17,Splitsko-dalmatinska,17
17531,Garešnica,17531,1198,Garešnica,1198,7,Bjelovarsko-bilogorska,7
17540,Garešnički Brestovac,17540,1198,Garešnica,1198,7,Bjelovarsko-bilogorska,7
17558,Garica,17558,5070,Vrbnik,5070,8,Primorsko-goranska,8
17566,Garjak,17566,5134,Vrlika,5134,17,Splitsko-dalmatinska,17
17574,Gašinci,17574,3816,Satnica Đakovačka,3816,14,Osječko-baranjska,14
17582,Gašparci,17582,698,Delnice,698,8,Primorsko-goranska,8
17604,Gat,17604,167,Belišće,167,14,Osječko-baranjska,14
17612,Gata,17612,3000,Omiš,3000,17,Splitsko-dalmatinska,17
17639,Gazije,17639,1163,Feričanci,1163,14,Osječko-baranjska,14
17647,Gdinj,17647,1716,Jelsa,1716,17,Splitsko-dalmatinska,17
17655,Gečkovec,17655,1562,Ivanec,1562,5,Varaždinska,5
17663,Gedići,17663,3484,Poreč,3484,18,Istarska,18
17671,Gejkovac,17671,5037,Vojnić,5037,4,Karlovačka,4
17680,Generalski Stol,17680,1201,Generalski Stol,1201,4,Karlovačka,4
17698,Gerovo,17698,558,Čabar,558,8,Primorsko-goranska,8
17701,Gerovo Tounjsko,17701,5576,Tounj,5576,4,Karlovačka,4
17710,Gerovski Kraj,17710,558,Čabar,558,8,Primorsko-goranska,8
17728,Gezinci,17728,2712,Podravska Moslavina,2712,14,Osječko-baranjska,14
17736,Giletinci,17736,469,Cernik,469,12,Brodsko-posavska,12
17744,Gizdavac,17744,876,Muć,876,17,Splitsko-dalmatinska,17
17752,Gladovec Kravarski,17752,5452,Kravarsko,5452,1,Zagrebačka,1
17779,Gladovec Pokupski,17779,5444,Pokupsko,5444,1,Zagrebačka,1
17787,Glavace,17787,3131,Otočac,3131,9,Ličko-senjska,9
17795,Glavani,17795,60,Barban,60,18,Istarska,18
75531,Glavani,75531,5380,Kostrena,5380,8,Primorsko-goranska,8
17809,Glavat,17809,2267,Lastovo,2267,19,Dubrovačko-neretvanska,19
17817,Glavica,17817,302,Bosiljevo,302,4,Karlovačka,4
17825,Glavica,17825,3182,Pakrac,3182,11,Požeško-slavonska,11
76210,Glavica,76210,4251,Sukošan,4251,13,Zadarska,13
17833,Glavice,17833,3891,Sinj,3891,17,Splitsko-dalmatinska,17
17841,Glavičani,17841,1023,Dvor,1023,3,Sisačko-moslavačka,3
17850,Glavina Donja,17850,1554,Imotski,1554,17,Splitsko-dalmatinska,17
17868,Glavina Gornja,17868,1554,Imotski,1554,17,Splitsko-dalmatinska,17
17876,Glavnica Donja,17876,1333,Grad Zagreb,1333,22,Grad Zagreb,22
17884,Glavnica Gornja,17884,1333,Grad Zagreb,1333,22,Grad Zagreb,22
17892,Glavničica,17892,1333,Grad Zagreb,1333,22,Grad Zagreb,22
17906,Glibodol,17906,370,Brinje,370,9,Ličko-senjska,9
17914,Glina,17914,1210,Glina,1210,3,Sisačko-moslavačka,3
17922,Glinice,17922,493,Cetingrad,493,4,Karlovačka,4
17949,Glinska Poljana,17949,3280,Petrinja,3280,3,Sisačko-moslavačka,3
17957,Glinsko Vrelo,17957,4006,Slunj,4006,4,Karlovačka,4
18058,Gljev,18058,3891,Sinj,3891,17,Splitsko-dalmatinska,17
17965,Globočec,17965,2569,Marija Bistrica,2569,2,Krapinsko-zagorska,2
17973,Globočec Ludbreški,17973,2445,Ludbreg,2445,5,Varaždinska,5
17981,Glogovac,17981,2020,Koprivnički Bregi,2020,6,Koprivničko-križevačka,6
17990,Glogovec Zagorski,17990,4669,Tuhelj,4669,2,Krapinsko-zagorska,2
18007,Glogovica,18007,3387,Podcrkavlje,3387,12,Brodsko-posavska,12
18015,Glogovo,18015,1317,Gračac,1317,13,Zadarska,13
18031,Glušci,18031,2640,Metković,2640,19,Dubrovačko-neretvanska,19
18040,Glušinja,18040,5401,Žumberak,5401,1,Zagrebačka,1
18066,Gnojnice,18066,493,Cetingrad,493,4,Karlovačka,4
18074,Godinjak,18074,4189,Staro Petrovo Selo,4189,12,Brodsko-posavska,12
18104,Gojanec,18104,4723,Varaždin,4723,5,Varaždinska,5
18112,Gojkovac,18112,493,Cetingrad,493,4,Karlovačka,4
18139,Gojlo,18139,2208,Kutina,2208,3,Sisačko-moslavačka,3
18147,Gola,18147,1228,Gola,1228,6,Koprivničko-križevačka,6
18155,Golaš,18155,51,Bale,51,18,Istarska,18
18163,Golenić,18163,3956,Slatina,3956,10,Virovitičko-podravska,10
18171,Goleši Žumberački,18171,3158,Ozalj,3158,4,Karlovačka,4
18180,Goli Breg,18180,1333,Grad Zagreb,1333,22,Grad Zagreb,22
18198,Goli Vrh,18198,1902,Klinča Sela,1902,1,Zagrebačka,1
18201,Goli Vrh,18201,5363,Rakovec,5363,1,Zagrebačka,1
18210,Goli Vrh Netretićki,18210,2810,Netretić,2810,4,Karlovačka,4
18228,Goli Vrh Ozaljski,18228,3158,Ozalj,3158,4,Karlovačka,4
18236,Golik,18236,698,Delnice,698,8,Primorsko-goranska,8
18244,Goliki,18244,388,Brod Moravice,388,8,Primorsko-goranska,8
18252,Golinci,18252,868,Donji Miholjac,868,14,Osječko-baranjska,14
18279,Golinja,18279,5100,Gvozd,5100,3,Sisačko-moslavačka,3
18414,Goljak,18414,1694,Jastrebarsko,1694,1,Zagrebačka,1
18449,Goljak Klanječki,18449,1872,Klanjec,1872,2,Krapinsko-zagorska,2
18287,Golo Brdo,18287,1775,Kaptol,1775,11,Požeško-slavonska,11
18295,Golo Brdo,18295,4910,Virovitica,4910,10,Virovitičko-podravska,10
18309,Golobrdac,18309,469,Cernik,469,12,Brodsko-posavska,12
18317,Golobrdci,18317,3514,Požega,3514,11,Požeško-slavonska,11
18325,Gologorica,18325,477,Cerovlje,477,18,Istarska,18
18333,Gologorički Dol,18333,477,Cerovlje,477,18,Istarska,18
18341,Golovik,18341,2739,Mošćenička Draga,2739,8,Primorsko-goranska,8
18350,Golubić,18350,1961,Knin,1961,15,Šibensko-kninska,15
18368,Golubić,18368,2968,Obrovac,2968,13,Zadarska,13
18376,Golubići,18376,3042,Oprtalj,3042,18,Istarska,18
18384,Golubići,18384,3808,Samobor,3808,1,Zagrebačka,1
18392,Golubinjak,18392,710,Dežanovac,710,7,Bjelovarsko-bilogorska,7
18406,Golubovac Divuški,18406,1023,Dvor,1023,3,Sisačko-moslavačka,3
18457,Gomirje,18457,5096,Vrbovsko,5096,8,Primorsko-goranska,8
18465,Gondolići,18465,2224,Labin,2224,18,Istarska,18
18473,Gonjeva,18473,1902,Klinča Sela,1902,1,Zagrebačka,1
18481,Gora,18481,3280,Petrinja,3280,3,Sisačko-moslavačka,3
18490,Gora Glušići,18490,2224,Labin,2224,18,Istarska,18
18503,Gora Košnička,18503,701,Desinić,701,2,Krapinsko-zagorska,2
18511,Gora Veternička,18511,5541,Novi Golubovec,5541,2,Krapinsko-zagorska,2
18520,Gorači,18520,558,Čabar,558,8,Primorsko-goranska,8
18538,Goranec,18538,1333,Grad Zagreb,1333,22,Grad Zagreb,22
18546,Goranec,18546,1899,Klenovnik,1899,5,Varaždinska,5
18554,Gorani,18554,3930,Skrad,3930,8,Primorsko-goranska,8
18562,Gorenci,18562,5096,Vrbovsko,5096,8,Primorsko-goranska,8
18589,Gorica,18589,60,Barban,60,18,Istarska,18
18597,Gorica,18597,990,Duga Resa,990,4,Karlovačka,4
18619,Gorica,18619,3166,Pag,3166,13,Zadarska,13
18627,Gorica,18627,3662,Rasinja,3662,6,Koprivničko-križevačka,6
18635,Gorica,18635,4251,Sukošan,4251,13,Zadarska,13
18643,Gorica Jamnička,18643,3310,Pisarovina,3310,1,Zagrebačka,1
18651,Gorica Lipnička,18651,5568,Ribnik,5568,4,Karlovačka,4
18660,Gorica Miholečka,18660,4421,Sveti Petar Orehovec,4421,6,Koprivničko-križevačka,6
18678,Gorica Skradska,18678,3930,Skrad,3930,8,Primorsko-goranska,8
18686,Gorica Svetojanska,18686,1694,Jastrebarsko,1694,1,Zagrebačka,1
18694,Gorica Valpovačka,18694,167,Belišće,167,14,Osječko-baranjska,14
18708,Gorice,18708,5681,Dragalić,5681,12,Brodsko-posavska,12
18716,Gorice,18716,3948,Skradin,3948,15,Šibensko-kninska,15
18724,Goričan,18724,1236,Goričan,1236,20,Međimurska,20
18732,Goričanec,18732,4294,Sveti Ivan Zelina,4294,1,Zagrebačka,1
18759,Goričanovec,18759,1082,Đurmanec,1082,2,Krapinsko-zagorska,2
18767,Goričica,18767,4294,Sveti Ivan Zelina,4294,1,Zagrebačka,1
18775,Goričice Dobranske,18775,1201,Generalski Stol,1201,4,Karlovačka,4
18783,Goričine,18783,4880,Vinodolska Općina,4880,8,Primorsko-goranska,8
18791,Gorička,18791,1023,Dvor,1023,3,Sisačko-moslavačka,3
18805,Goričko,18805,2038,Koprivnički Ivanec,2038,6,Koprivničko-križevačka,6
18813,Gorići,18813,3131,Otočac,3131,9,Ličko-senjska,9
18821,Gorinci,18821,1201,Generalski Stol,1201,4,Karlovačka,4
18830,Goriš,18830,4448,Šibenik,4448,15,Šibensko-kninska,15
18848,Gorjakovo,18848,3522,Pregrada,3522,2,Krapinsko-zagorska,2
18856,Gorjani,18856,1244,Gorjani,1244,14,Osječko-baranjska,14
18864,Gorjani Sutinski,18864,3646,Radoboj,3646,2,Krapinsko-zagorska,2
18872,Gorkovec,18872,1872,Klanjec,1872,2,Krapinsko-zagorska,2
18899,Gorniki Vivodinski,18899,3158,Ozalj,3158,4,Karlovačka,4
18902,Gornja Bačuga,18902,3280,Petrinja,3280,3,Sisačko-moslavačka,3
18929,Gornja Batina,18929,5266,Zlatar,5266,2,Krapinsko-zagorska,2
18937,Gornja Bebrina,18937,1856,Klakar,1856,12,Brodsko-posavska,12
18945,Gornja Bistra,18945,5479,Bistra,5479,1,Zagrebačka,1
18953,Gornja Brckovčina,18953,2143,Križevci,2143,6,Koprivničko-križevačka,6
18961,Gornja Brela,18961,779,Brela,779,17,Splitsko-dalmatinska,17
18970,Gornja Brusovača,18970,5037,Vojnić,5037,4,Karlovačka,4
18988,Gornja Bučica,18988,1210,Glina,1210,3,Sisačko-moslavačka,3
18996,Gornja Čemernica,18996,5100,Gvozd,5100,3,Sisačko-moslavačka,3
19003,Gornja Dobra,19003,3930,Skrad,3930,8,Primorsko-goranska,8
19011,Gornja Drenova,19011,4294,Sveti Ivan Zelina,4294,1,Zagrebačka,1
19020,Gornja Dubrava,19020,6041,Gornji Mihaljevec,6041,20,Međimurska,20
19038,Gornja Garešnica,19038,183,Berek,183,7,Bjelovarsko-bilogorska,7
19046,Gornja Glina,19046,4006,Slunj,4006,4,Karlovačka,4
19054,Gornja Glogovnica,19054,2143,Križevci,2143,6,Koprivničko-križevačka,6
19062,Gornja Gračenica,19062,3476,Popovača,3476,3,Sisačko-moslavačka,3
19089,Gornja Greda,19089,337,Brckovljani,337,1,Zagrebačka,1
19097,Gornja Jagodnja,19097,3441,Polača,3441,13,Zadarska,13
19119,Gornja Jelenska,19119,3476,Popovača,3476,3,Sisačko-moslavačka,3
19127,Gornja Konjščina,19127,2003,Konjščina,2003,2,Krapinsko-zagorska,2
19135,Gornja Kovačica,19135,4804,Veliki Grđevac,4804,7,Bjelovarsko-bilogorska,7
19143,Gornja Krašićevica,19143,698,Delnice,698,8,Primorsko-goranska,8
19151,Gornja Kupčina,19151,1694,Jastrebarsko,1694,1,Zagrebačka,1
19160,Gornja Lamana Draga,19160,388,Brod Moravice,388,8,Primorsko-goranska,8
19178,Gornja Letina,19178,4260,Sunja,4260,3,Sisačko-moslavačka,3
19186,Gornja Lomnica,19186,5410,Velika Gorica,5410,1,Zagrebačka,1
19194,Gornja Meminska,19194,5550,Majur,5550,3,Sisačko-moslavačka,3
19208,Gornja Mlinoga,19208,3280,Petrinja,3280,3,Sisačko-moslavačka,3
19216,Gornja Močila,19216,3654,Rakovica,3654,4,Karlovačka,4
19224,Gornja Motičina,19224,5762,Donja Motičina,5762,14,Osječko-baranjska,14
19232,Gornja Nugla,19232,434,Buzet,434,18,Istarska,18
19259,Gornja Obreška,19259,1937,Kloštar Ivanić,1937,1,Zagrebačka,1
19267,Gornja Obrijež,19267,3182,Pakrac,3182,11,Požeško-slavonska,11
19275,Gornja Oraovica,19275,1023,Dvor,1023,3,Sisačko-moslavačka,3
19283,Gornja Pačetina,19283,2119,Krapina,2119,2,Krapinsko-zagorska,2
19291,Gornja Pastuša,19291,3280,Petrinja,3280,3,Sisačko-moslavačka,3
19305,Gornja Petrička,19305,1619,Ivanska,1619,7,Bjelovarsko-bilogorska,7
19313,Gornja Pištana,19313,3077,Orahovica,3077,10,Virovitičko-podravska,10
19321,Gornja Plemenšćina,19321,3522,Pregrada,3522,2,Krapinsko-zagorska,2
19330,Gornja Ploča,19330,2402,Lovinac,2402,9,Ličko-senjska,9
19348,Gornja Ploščica,19348,5657,Velika Trnovitica,5657,7,Bjelovarsko-bilogorska,7
19356,Gornja Podgora,19356,795,Donja Stubica,795,2,Krapinsko-zagorska,2
19364,Gornja Poljana,19364,4731,Varaždinske Toplice,4731,5,Varaždinska,5
19372,Gornja Purgarija,19372,1902,Klinča Sela,1902,1,Zagrebačka,1
19399,Gornja Pušća,19399,3620,Pušća,3620,1,Zagrebačka,1
19402,Gornja Rašenica,19402,1392,Grubišno Polje,1392,7,Bjelovarsko-bilogorska,7
19429,Gornja Reka,19429,1694,Jastrebarsko,1694,1,Zagrebačka,1
19437,Gornja Rijeka,19437,4421,Sveti Petar Orehovec,4421,6,Koprivničko-križevačka,6
19445,Gornja Selnica,19445,5266,Zlatar,5266,2,Krapinsko-zagorska,2
19453,Gornja Stranica,19453,5568,Ribnik,5568,4,Karlovačka,4
19461,Gornja Stubica,19461,1252,Gornja Stubica,1252,2,Krapinsko-zagorska,2
19470,Gornja Stupnica,19470,1023,Dvor,1023,3,Sisačko-moslavačka,3
19488,Gornja Suvaja,19488,1317,Gračac,1317,13,Zadarska,13
19496,Gornja Šemnica,19496,3646,Radoboj,3646,2,Krapinsko-zagorska,2
19500,Gornja Šumetlica,19500,3182,Pakrac,3182,11,Požeško-slavonska,11
19518,Gornja Šušnjara,19518,4502,Štefanje,4502,7,Bjelovarsko-bilogorska,7
19526,Gornja Tijarica,19526,4600,Trilj,4600,17,Splitsko-dalmatinska,17
19534,Gornja Topličica,19534,4294,Sveti Ivan Zelina,4294,1,Zagrebačka,1
19542,Gornja Trebinja,19542,1791,Karlovac,1791,4,Karlovačka,4
19569,Gornja Trnovitica,19569,5657,Velika Trnovitica,5657,7,Bjelovarsko-bilogorska,7
19577,Gornja Trstenica,19577,5100,Gvozd,5100,3,Sisačko-moslavačka,3
19585,Gornja Vas,19585,3808,Samobor,3808,1,Zagrebačka,1
19593,Gornja Velešnja,19593,833,Donji Kukuruzari,833,3,Sisačko-moslavačka,3
19607,Gornja Velika,19607,3565,Preseka,3565,1,Zagrebačka,1
19615,Gornja Velika,19615,4057,Sokolovac,4057,6,Koprivničko-križevačka,6
19623,Gornja Visočka,19623,4006,Slunj,4006,4,Karlovačka,4
19631,Gornja Višnjica,19631,2291,Lepoglava,2291,5,Varaždinska,5
19640,Gornja Vlahinićka,19640,4774,Velika Ludina,4774,3,Sisačko-moslavačka,3
19658,Gornja Voća,19658,809,Donja Voća,809,5,Varaždinska,5
19666,Gornja Vrba,19666,5690,Gornja Vrba,5690,12,Brodsko-posavska,12
19674,Gornja Vrijeska,19674,1058,Đulovac,1058,7,Bjelovarsko-bilogorska,7
19682,Gornja Vrućica,19682,6017,Trpanj,6017,19,Dubrovačko-neretvanska,19
19704,Gornja Zdenčina,19704,1902,Klinča Sela,1902,1,Zagrebačka,1
19712,Gornja Žrvnica,19712,493,Cetingrad,493,4,Karlovačka,4
19739,Gornjaki,19739,1465,Hrašćina,1465,2,Krapinsko-zagorska,2
19747,Gornjaki,19747,3565,Preseka,3565,1,Zagrebačka,1
19755,Gornje Bazje,19755,2453,Lukač,2453,10,Virovitičko-podravska,10
19763,Gornje Biljane,19763,175,Benkovac,175,13,Zadarska,13
19771,Gornje Brezno,19771,1520,Hum Na Sutli,1520,2,Krapinsko-zagorska,2
19780,Gornje Bukovlje,19780,1201,Generalski Stol,1201,4,Karlovačka,4
19798,Gornje Ceranje,19798,175,Benkovac,175,13,Zadarska,13
19801,Gornje Cjepidlake,19801,1058,Đulovac,1058,7,Bjelovarsko-bilogorska,7
19810,Gornje Dubrave,19810,2976,Ogulin,2976,4,Karlovačka,4
19828,Gornje Dvorišće,19828,337,Brckovljani,337,1,Zagrebačka,1
19836,Gornje Gnojnice,19836,493,Cetingrad,493,4,Karlovačka,4
19844,Gornje Igrane,19844,3395,Podgora,3395,17,Splitsko-dalmatinska,17
19852,Gornje Jame,19852,1210,Glina,1210,3,Sisačko-moslavačka,3
19879,Gornje Jesenje,19879,5525,Jesenje,5525,2,Krapinsko-zagorska,2
19887,Gornje Komarevo,19887,3913,Sisak,3913,3,Sisačko-moslavačka,3
19895,Gornje Kusonje,19895,4995,Voćin,4995,10,Virovitičko-podravska,10
19909,Gornje Ladanje,19909,4863,Vinica,4863,5,Varaždinska,5
19917,Gornje Makojišće,19917,2895,Novi Marof,2895,5,Varaždinska,5
19925,Gornje Mokrice,19925,3280,Petrinja,3280,3,Sisačko-moslavačka,3
19933,Gornje Mrzlo Polje Mrežn.,19933,990,Duga Resa,990,4,Karlovačka,4
75094,Gornje Obuljeno,75094,981,Dubrovnik,981,19,Dubrovačko-neretvanska,19
19941,Gornje Ogorje,19941,876,Muć,876,17,Splitsko-dalmatinska,17
19950,Gornje Orešje,19950,4294,Sveti Ivan Zelina,4294,1,Zagrebačka,1
19968,Gornje Planjane,19968,4693,Unešić,4693,15,Šibensko-kninska,15
48402,Gornje Plavnice,48402,248,Bjelovar,248,7,Bjelovarsko-bilogorska,7
19976,Gornje Podbablje,19976,3379,Podbablje,3379,17,Splitsko-dalmatinska,17
19984,Gornje Podotočje,19984,5410,Velika Gorica,5410,1,Zagrebačka,1
19992,Gornje Pokupje,19992,3158,Ozalj,3158,4,Karlovačka,4
20001,Gornje Postinje,20001,876,Muć,876,17,Splitsko-dalmatinska,17
20010,Gornje Predrijevo,20010,4073,Sopje,4073,10,Virovitičko-podravska,10
20028,Gornje Prekrižje,20028,5339,Krašić,5339,1,Zagrebačka,1
20036,Gornje Prilišće,20036,2810,Netretić,2810,4,Karlovačka,4
20044,Gornje Primišlje,20044,4006,Slunj,4006,4,Karlovačka,4
20052,Gornje Psarjevo,20052,4294,Sveti Ivan Zelina,4294,1,Zagrebačka,1
20079,Gornje Rašćane,20079,5118,Vrgorac,5118,17,Splitsko-dalmatinska,17
20087,Gornje Raštane,20087,4286,Sveti Filip I Jakov,4286,13,Zadarska,13
76605,Gornje Rovišće,76590,3751,Rovišće,3751,7,Bjelovarsko-bilogorska,7
20095,Gornje Selište,20095,1210,Glina,1210,3,Sisačko-moslavačka,3
20109,Gornje Selo,20109,4472,Šolta,4472,17,Splitsko-dalmatinska,17
20117,Gornje Sitno,20117,4090,Split,4090,17,Splitsko-dalmatinska,17
20125,Gornje Stative,20125,1791,Karlovac,1791,4,Karlovačka,4
20133,Gornje Taborište,20133,1210,Glina,1210,3,Sisačko-moslavačka,3
20141,Gornje Taborište,20141,4006,Slunj,4006,4,Karlovačka,4
20150,Gornje Tihovo,20150,698,Delnice,698,8,Primorsko-goranska,8
20168,Gornje Utore,20168,4693,Unešić,4693,15,Šibensko-kninska,15
20176,Gornje Viljevo,20176,2836,Nova Bukovica,2836,10,Virovitičko-podravska,10
20184,Gornje Vinovo,20184,4693,Unešić,4693,15,Šibensko-kninska,15
20192,Gornje Vratno,20192,485,Cestica,485,5,Varaždinska,5
20206,Gornje Vrhovine,20206,5126,Vrhovine,5126,9,Ličko-senjska,9
20214,Gornje Zagorje,20214,2976,Ogulin,2976,4,Karlovačka,4
20222,Gornje Zdelice,20222,1767,Kapela,1767,7,Bjelovarsko-bilogorska,7
20249,Gornji Andrijevci,20249,3883,Sibinj,3883,12,Brodsko-posavska,12
20257,Gornji Babin Potok,20257,4553,Plitvička Jezera,4553,9,Ličko-senjska,9
20265,Gornji Bitelić,20265,1481,Hrvace,1481,17,Splitsko-dalmatinska,17
20273,Gornji Bjelovac,20273,833,Donji Kukuruzari,833,3,Sisačko-moslavačka,3
20281,Gornji Bogićevci,20281,1279,Gornji Bogićevci,1279,12,Brodsko-posavska,12
20290,Gornji Borki,20290,3905,Sirač,3905,7,Bjelovarsko-bilogorska,7
20303,Gornji Budački,20303,2160,Krnjak,2160,4,Karlovačka,4
20311,Gornji Bukovac Žakanjski,20311,5304,Žakanje,5304,4,Karlovačka,4
20320,Gornji Cerovac,20320,4006,Slunj,4006,4,Karlovačka,4
20338,Gornji Cerovljani,20338,1490,Hrvatska Dubica,1490,3,Sisačko-moslavačka,3
20346,Gornji Crnogovci,20346,4189,Staro Petrovo Selo,4189,12,Brodsko-posavska,12
20354,Gornji Čaglić,20354,2313,Lipik,2313,11,Požeško-slavonska,11
20362,Gornji Čehi,20362,1333,Grad Zagreb,1333,22,Grad Zagreb,22
20389,Gornji Čemehovec,20389,2089,Kraljevec Na Sutli,2089,2,Krapinsko-zagorska,2
20397,Gornji Daruvar,20397,671,Daruvar,671,7,Bjelovarsko-bilogorska,7
20419,Gornji Desinec,20419,1694,Jastrebarsko,1694,1,Zagrebačka,1
20427,Gornji Dobretin,20427,1023,Dvor,1023,3,Sisačko-moslavačka,3
20435,Gornji Dolac,20435,3000,Omiš,3000,17,Splitsko-dalmatinska,17
20443,Gornji Draganec,20443,639,Čazma,639,7,Bjelovarsko-bilogorska,7
20451,Gornji Dragičevci,20451,639,Čazma,639,7,Bjelovarsko-bilogorska,7
20460,Gornji Dragonožec,20460,1333,Grad Zagreb,1333,22,Grad Zagreb,22
20478,Gornji Dubovec,20478,2143,Križevci,2143,6,Koprivničko-križevačka,6
20486,Gornji Emovci,20486,3514,Požega,3514,11,Požeško-slavonska,11
20494,Gornji Fodrovec,20494,4421,Sveti Petar Orehovec,4421,6,Koprivničko-križevačka,6
20508,Gornji Furjan,20508,4006,Slunj,4006,4,Karlovačka,4
20516,Gornji Goli Vrh Lipnički,20516,5568,Ribnik,5568,4,Karlovačka,4
20524,Gornji Grahovljani,20524,3182,Pakrac,3182,11,Požeško-slavonska,11
20532,Gornji Gučani,20532,353,Brestovac,353,11,Požeško-slavonska,11
20559,Gornji Hrastovac,20559,5550,Majur,5550,3,Sisačko-moslavačka,3
20567,Gornji Hrašćan,20567,2798,Nedelišće,2798,20,Međimurska,20
20575,Gornji Hruševec,20575,5452,Kravarsko,5452,1,Zagrebačka,1
20583,Gornji Humac,20583,3581,Pučišća,3581,17,Splitsko-dalmatinska,17
20605,Gornji Jalšovec,20605,701,Desinić,701,2,Krapinsko-zagorska,2
20613,Gornji Javoranj,20613,1023,Dvor,1023,3,Sisačko-moslavačka,3
20621,Gornji Karin,20621,2968,Obrovac,2968,13,Zadarska,13
20630,Gornji Klasnić,20630,1210,Glina,1210,3,Sisačko-moslavačka,3
20648,Gornji Kneginec,20648,1295,Gornji Kneginec,1295,5,Varaždinska,5
20656,Gornji Koncovčak,20656,4413,Sveti Martin Na Muri,4413,20,Međimurska,20
20664,Gornji Kosinj,20664,3239,Perušić,3239,9,Ličko-senjska,9
20672,Gornji Kraljevec,20672,1465,Hrašćina,1465,2,Krapinsko-zagorska,2
20699,Gornji Kraljevec,20699,5045,Vratišinec,5045,20,Međimurska,20
20702,Gornji Kremen,20702,4006,Slunj,4006,4,Karlovačka,4
20729,Gornji Kućan,20729,4723,Varaždin,4723,5,Varaždinska,5
20737,Gornji Kukuruzari,20737,833,Donji Kukuruzari,833,3,Sisačko-moslavačka,3
20745,Gornji Kuršanec,20745,2798,Nedelišće,2798,20,Međimurska,20
20753,Gornji Kuti,20753,388,Brod Moravice,388,8,Primorsko-goranska,8
20761,Gornji Laduč,20761,345,Brdovec,345,1,Zagrebačka,1
20770,Gornji Lađevac,20770,4006,Slunj,4006,4,Karlovačka,4
20788,Gornji Lapac,20788,841,Donji Lapac,841,9,Ličko-senjska,9
20796,Gornji Lipovac,20796,2852,Nova Kapela,2852,12,Brodsko-posavska,12
20800,Gornji Lipovčani,20800,639,Čazma,639,7,Bjelovarsko-bilogorska,7
20818,Gornji Lović,20818,3158,Ozalj,3158,4,Karlovačka,4
20826,Gornji Ložac,20826,698,Delnice,698,8,Primorsko-goranska,8
20834,Gornji Macelj,20834,1082,Đurmanec,1082,2,Krapinsko-zagorska,2
20842,Gornji Marinkovac,20842,973,Dubrava,973,1,Zagrebačka,1
20869,Gornji Martijanec,20869,850,Donji Martijanec,850,5,Varaždinska,5
20877,Gornji Maslarac,20877,4057,Sokolovac,4057,6,Koprivničko-križevačka,6
20885,Gornji Meljani,20885,4995,Voćin,4995,10,Virovitičko-podravska,10
20893,Gornji Mihaljevec,20893,6041,Gornji Mihaljevec,6041,20,Međimurska,20
20907,Gornji Miholjac,20907,3956,Slatina,3956,10,Virovitičko-podravska,10
20915,Gornji Miklouš,20915,639,Čazma,639,7,Bjelovarsko-bilogorska,7
20923,Gornji Mosti,20923,1767,Kapela,1767,7,Bjelovarsko-bilogorska,7
20931,Gornji Muć,20931,876,Muć,876,17,Splitsko-dalmatinska,17
20940,Gornji Nikšić,20940,4006,Slunj,4006,4,Karlovačka,4
20958,Gornji Okrug,20958,698,Delnice,698,8,Primorsko-goranska,8
20966,Gornji Oštrc,20966,5401,Žumberak,5401,1,Zagrebačka,1
20974,Gornji Oštri Vrh Ozaljski,20974,3158,Ozalj,3158,4,Karlovačka,4
76414,Gornji Poličnik,76414,3450,Poličnik,3450,13,Zadarska,13
20982,Gornji Poloj,20982,78,Barilovići,78,4,Karlovačka,4
21008,Gornji Popovac,21008,4006,Slunj,4006,4,Karlovačka,4
21016,Gornji Prnjarovec,21016,2135,Križ,2135,1,Zagrebačka,1
21024,Gornji Proložac,21024,884,Proložac,884,17,Splitsko-dalmatinska,17
21032,Gornji Rogolji,21032,2992,Okučani,2992,12,Brodsko-posavska,12
21059,Gornji Selkovac,21059,1210,Glina,1210,3,Sisačko-moslavačka,3
21067,Gornji Sjeničak,21067,1791,Karlovac,1791,4,Karlovačka,4
21075,Gornji Skrad,21075,2160,Krnjak,2160,4,Karlovačka,4
21083,Gornji Slatinik,21083,3387,Podcrkavlje,3387,12,Brodsko-posavska,12
21091,Gornji Srb,21091,1317,Gračac,1317,13,Zadarska,13
21105,Gornji Sređani,21105,710,Dežanovac,710,7,Bjelovarsko-bilogorska,7
21113,Gornji Stupnik,21113,5517,Stupnik,5517,1,Zagrebačka,1
21121,Gornji Sušobreg,21121,2569,Marija Bistrica,2569,2,Krapinsko-zagorska,2
21130,Gornji Šajn,21130,388,Brod Moravice,388,8,Primorsko-goranska,8
21148,Gornji Šehovac,21148,388,Brod Moravice,388,8,Primorsko-goranska,8
21156,Gornji Škrnik,21156,5215,Zagorska Sela,5215,2,Krapinsko-zagorska,2
21164,Gornji Štrbci,21164,841,Donji Lapac,841,9,Ličko-senjska,9
21172,Gornji Tkalec,21172,5088,Vrbovec,5088,1,Zagrebačka,1
21199,Gornji Tomaš,21199,248,Bjelovar,248,7,Bjelovarsko-bilogorska,7
21202,Gornji Trpuci,21202,1333,Grad Zagreb,1333,22,Grad Zagreb,22
21229,Gornji Turni,21229,698,Delnice,698,8,Primorsko-goranska,8
21237,Gornji Uljanik,21237,1198,Garešnica,1198,7,Bjelovarsko-bilogorska,7
21245,Gornji Vaganac,21245,4553,Plitvička Jezera,4553,9,Ličko-senjska,9
21253,Gornji Varoš,21253,4120,Stara Gradiška,4120,12,Brodsko-posavska,12
21261,Gornji Velemerić,21261,78,Barilovići,78,4,Karlovačka,4
21270,Gornji Viduševac,21270,1210,Glina,1210,3,Sisačko-moslavačka,3
21296,Gornji Vinjani,21296,1554,Imotski,1554,17,Splitsko-dalmatinska,17
21288,Gornji Vinkovec,21288,4294,Sveti Ivan Zelina,4294,1,Zagrebačka,1
21300,Gornji Vrhovci,21300,4758,Velika,4758,11,Požeško-slavonska,11
21318,Gornji Vučkovići,21318,5096,Vrbovsko,5096,8,Primorsko-goranska,8
21326,Gornji Vukojevac,21326,2283,Lekenik,2283,3,Sisačko-moslavačka,3
21334,Gornji Vukšići,21334,5096,Vrbovsko,5096,8,Primorsko-goranska,8
21342,Gornji Vukšinac,21342,973,Dubrava,973,1,Zagrebačka,1
21369,Gornji Zagon,21369,2909,Novi Vinodolski,2909,8,Primorsko-goranska,8
21385,Gornji Zbilj,21385,701,Desinić,701,2,Krapinsko-zagorska,2
21393,Gornji Zebanec,21393,3859,Selnica,3859,20,Međimurska,20
21407,Gornji Zvečaj,21407,1201,Generalski Stol,1201,4,Karlovačka,4
21415,Gornji Žagari,21415,558,Čabar,558,8,Primorsko-goranska,8
21423,Gornji Žirovac,21423,1023,Dvor,1023,3,Sisačko-moslavačka,3
21431,Goršćaki,21431,1791,Karlovac,1791,4,Karlovačka,4
21440,Goršćaki Ozaljski,21440,3158,Ozalj,3158,4,Karlovačka,4
21458,Goršeti,21458,388,Brod Moravice,388,8,Primorsko-goranska,8
21466,Goruševnjak,21466,4863,Vinica,4863,5,Varaždinska,5
21474,Gospić,21474,1309,Gospić,1309,9,Ličko-senjska,9
21482,Gostenje,21482,701,Desinić,701,2,Krapinsko-zagorska,2
21504,Gostinjac,21504,744,Dobrinj,744,8,Primorsko-goranska,8
21512,Gostović,21512,5088,Vrbovec,5088,1,Zagrebačka,1
21539,Gošić,21539,1848,Kistanje,1848,15,Šibensko-kninska,15
21547,Gotalovec,21547,418,Budinščina,418,2,Krapinsko-zagorska,2
21555,Gotalovo,21555,1228,Gola,1228,6,Koprivničko-križevačka,6
21563,Goveđari,21563,2682,Mljet,2682,19,Dubrovačko-neretvanska,19
21571,Goveđe Polje,21571,710,Dežanovac,710,7,Bjelovarsko-bilogorska,7
21580,Grab,21580,1317,Gračac,1317,13,Zadarska,13
21598,Grab,21598,4600,Trilj,4600,17,Splitsko-dalmatinska,17
21601,Grabarak,21601,1694,Jastrebarsko,1694,1,Zagrebačka,1
21610,Grabarje,21610,2216,Kutjevo,2216,11,Požeško-slavonska,11
21628,Grabarje,21628,3387,Podcrkavlje,3387,12,Brodsko-posavska,12
21636,Grabarska,21636,493,Cetingrad,493,4,Karlovačka,4
21644,Grabe,21644,116,Bedekovčina,116,2,Krapinsko-zagorska,2
21652,Graberanec,21652,5088,Vrbovec,5088,1,Zagrebačka,1
21679,Graberec,21679,973,Dubrava,973,1,Zagrebačka,1
21687,Graberje,21687,3280,Petrinja,3280,3,Sisačko-moslavačka,3
21695,Graberje Ivanićko,21695,1589,Ivanić-Grad,1589,1,Zagrebačka,1
21709,Graberšćak,21709,5088,Vrbovec,5088,1,Zagrebačka,1
21717,Grabić,21717,4073,Sopje,4073,10,Virovitičko-podravska,10
21725,Grabik,21725,639,Čazma,639,7,Bjelovarsko-bilogorska,7
21733,Graboštani,21733,5550,Majur,5550,3,Sisačko-moslavačka,3
21741,Grabovac,21741,647,Čeminac,647,14,Osječko-baranjska,14
21750,Grabovac,21750,3654,Rakovica,3654,4,Karlovačka,4
21768,Grabovac,21768,4430,Šestanovac,4430,17,Splitsko-dalmatinska,17
21776,Grabovac Banski,21776,3280,Petrinja,3280,3,Sisačko-moslavačka,3
21792,Grabovac Krnjački,21792,2160,Krnjak,2160,4,Karlovačka,4
21806,Grabovac Vojnićki,21806,2160,Krnjak,2160,4,Karlovačka,4
21814,Grabovci,21814,5002,Vodice,5002,15,Šibensko-kninska,15
21822,Grabovica,21822,1023,Dvor,1023,3,Sisačko-moslavačka,3
21849,Grabovnica,21849,639,Čazma,639,7,Bjelovarsko-bilogorska,7
21857,Grabovo,21857,4561,Tompojevci,4561,16,Vukovarsko-srijemska,16
74926,"Grabovo-dio(Ovčara,Jakobovac)",74926,5185,Vukovar,5185,16,Vukovarsko-srijemska,16
21865,Grabričina,21865,4774,Velika Ludina,4774,3,Sisačko-moslavačka,3
21873,Grabrić,21873,1350,Gradec,1350,1,Zagrebačka,1
21881,Grabrk,21881,302,Bosiljevo,302,4,Karlovačka,4
21890,Grabrov Potok,21890,4774,Velika Ludina,4774,3,Sisačko-moslavačka,3
21903,Grabrova,21903,2739,Mošćenička Draga,2739,8,Primorsko-goranska,8
21911,Grabrovec,21911,5193,Zabok,5193,2,Krapinsko-zagorska,2
21920,Grabrovnica,21920,3328,Pitomača,3328,10,Virovitičko-podravska,10
21938,Grabrovnik,21938,4529,Štrigova,4529,20,Međimurska,20
21946,Grabušić,21946,4677,Udbina,4677,9,Ličko-senjska,9
21954,Gračac,21954,1317,Gračac,1317,13,Zadarska,13
21962,Gračac,21962,3948,Skradin,3948,15,Šibensko-kninska,15
21989,Gračac Slavetićki,21989,1694,Jastrebarsko,1694,1,Zagrebačka,1
21997,Gračanica Šišinečka,21997,1210,Glina,1210,3,Sisačko-moslavačka,3
22004,Gračec,22004,337,Brckovljani,337,1,Zagrebačka,1
22012,Gračina,22012,2143,Križevci,2143,6,Koprivničko-križevačka,6
22039,Gračišće,22039,1325,Gračišće,1325,18,Istarska,18
22047,Gradac,22047,1341,Gradac,1341,17,Splitsko-dalmatinska,17
22055,Gradac,22055,3344,Pleternica,3344,11,Požeško-slavonska,11
22063,Gradac,22063,3778,Ružić,3778,15,Šibensko-kninska,15
22071,Gradac,22071,4880,Vinodolska Općina,4880,8,Primorsko-goranska,8
22080,Gradac Našički,22080,2780,Našice,2780,14,Osječko-baranjska,14
22098,Gradec,22098,1350,Gradec,1350,1,Zagrebačka,1
22101,Gradec Pokupski,22101,3310,Pisarovina,3310,1,Zagrebačka,1
22110,Gradečki Pavlovec,22110,1350,Gradec,1350,1,Zagrebačka,1
22128,Gradići,22128,5410,Velika Gorica,5410,1,Zagrebačka,1
22136,Gradina,22136,1368,Gradina,1368,10,Virovitičko-podravska,10
22144,Gradina,22144,4316,Sveti Lovreč,4316,18,Istarska,18
22152,Gradina,22152,4448,Šibenik,4448,15,Šibensko-kninska,15
22179,Gradina Korenička,22179,4553,Plitvička Jezera,4553,9,Ličko-senjska,9
22187,Gradinje,22187,477,Cerovlje,477,18,Istarska,18
22195,Gradinje,22195,3042,Oprtalj,3042,18,Istarska,18
22209,Gradiščak,22209,4413,Sveti Martin Na Muri,4413,20,Međimurska,20
22217,Gradišće,22217,1201,Generalski Stol,1201,4,Karlovačka,4
22225,Gradišće,22225,5312,Žminj,5312,18,Istarska,18
22233,Gradište,22233,1376,Gradište,1376,16,Vukovarsko-srijemska,16
22241,Gradište,22241,2216,Kutjevo,2216,11,Požeško-slavonska,11
22250,Gradna,22250,3808,Samobor,3808,1,Zagrebačka,1
22268,Gradski Vrhovci,22268,3514,Požega,3514,11,Požeško-slavonska,11
22276,Gradusa Posavska,22276,4260,Sunja,4260,3,Sisačko-moslavačka,3
22284,Gramalj,22284,3930,Skrad,3930,8,Primorsko-goranska,8
22292,Grana,22292,2895,Novi Marof,2895,5,Varaždinska,5
22306,Grančari,22306,1333,Grad Zagreb,1333,22,Grad Zagreb,22
22314,Grandić Breg,22314,3158,Ozalj,3158,4,Karlovačka,4
22322,Grandići,22322,60,Barban,60,18,Istarska,18
22349,Granice,22349,2780,Našice,2780,14,Osječko-baranjska,14
22357,Granje,22357,1643,Jakšić,1643,11,Požeško-slavonska,11
22365,Grbajel,22365,698,Delnice,698,8,Primorsko-goranska,8
22373,Grbaševec,22373,3662,Rasinja,3662,6,Koprivničko-križevačka,6
22381,Grbavac,22381,1392,Grubišno Polje,1392,7,Bjelovarsko-bilogorska,7
75299,Grbavac,75299,6025,Župa Dubrovačka,6025,19,Dubrovačko-neretvanska,19
76180,Grbe,76180,2828,Nin,2828,13,Zadarska,13
22390,Grdak,22390,4057,Sokolovac,4057,6,Koprivničko-križevačka,6
22403,Grdanjci,22403,3808,Samobor,3808,1,Zagrebačka,1
22411,Grdenci,22411,5193,Zabok,5193,2,Krapinsko-zagorska,2
22420,Grdoselo,22420,3212,Pazin,3212,18,Istarska,18
22438,Grdun,22438,3158,Ozalj,3158,4,Karlovačka,4
22446,Grebaštica,22446,4448,Šibenik,4448,15,Šibensko-kninska,15
22454,Greda,22454,2607,Maruševec,2607,5,Varaždinska,5
22462,Greda,22462,3913,Sisak,3913,3,Sisačko-moslavačka,3
22489,Greda,22489,5088,Vrbovec,5088,1,Zagrebačka,1
22497,Greda Breška,22497,1589,Ivanić-Grad,1589,1,Zagrebačka,1
22519,Greda Sunjska,22519,4260,Sunja,4260,3,Sisačko-moslavačka,3
22527,Gredenec,22527,3298,Petrovsko,3298,2,Krapinsko-zagorska,2
22535,Gredice,22535,1872,Klanjec,1872,2,Krapinsko-zagorska,2
22543,Gređani,22543,4120,Stara Gradiška,4120,12,Brodsko-posavska,12
22551,Gređani,22551,4570,Topusko,4570,3,Sisačko-moslavačka,3
22560,Gregurić Breg,22560,3808,Samobor,3808,1,Zagrebačka,1
22578,Gregurovec,22578,2127,Krapinske Toplice,2127,2,Krapinsko-zagorska,2
22586,Gregurovec,22586,2658,Mihovljan,2658,2,Krapinsko-zagorska,2
22594,Gregurovec,22594,4421,Sveti Petar Orehovec,4421,6,Koprivničko-križevačka,6
22608,Grešćevina,22608,4731,Varaždinske Toplice,4731,5,Varaždinska,5
22616,Grganjica,22616,990,Duga Resa,990,4,Karlovačka,4
22624,Grgetići,22624,5401,Žumberak,5401,1,Zagrebačka,1
22632,Grginac,22632,4839,Veliko Trojstvo,4839,7,Bjelovarsko-bilogorska,7
22659,Grgurevići,22659,3883,Sibinj,3883,12,Brodsko-posavska,12
76619,Grgurice,76604,3492,Posedarje,3492,13,Zadarska,13
22667,Grič,22667,5401,Žumberak,5401,1,Zagrebačka,1
22675,Griče,22675,5568,Ribnik,5568,4,Karlovačka,4
22683,Grimalda,22683,477,Cerovlje,477,18,Istarska,18
22691,Grižane,22691,4880,Vinodolska Općina,4880,8,Primorsko-goranska,8
76163,Grižane-Belgrad,76163,4880,Vinodolska Općina,4880,8,Primorsko-goranska,8
22705,Grižići,22705,3883,Sibinj,3883,12,Brodsko-posavska,12
22713,Grkaveščak,22713,4413,Sveti Martin Na Muri,4413,20,Međimurska,20
22721,Grkine,22721,1074,Đurđevac,1074,6,Koprivničko-križevačka,6
22730,Grletinec,22730,1520,Hum Na Sutli,1520,2,Krapinsko-zagorska,2
22748,Grmov,22748,523,Cres,523,8,Primorsko-goranska,8
22756,Grmušani,22756,1023,Dvor,1023,3,Sisačko-moslavačka,3
22772,Grobnik,22772,612,Čavle,612,8,Primorsko-goranska,8
22764,Grobnik,22764,3301,Pićan,3301,18,Istarska,18
22799,Grobnik,22799,4006,Slunj,4006,4,Karlovačka,4
22802,Grohot,22802,701,Desinić,701,2,Krapinsko-zagorska,2
22829,Grohote,22829,4472,Šolta,4472,17,Splitsko-dalmatinska,17
22837,Gromača,22837,981,Dubrovnik,981,19,Dubrovačko-neretvanska,19
22845,Gromačnik,22845,3883,Sibinj,3883,12,Brodsko-posavska,12
22853,Gromin Dolac,22853,1716,Jelsa,1716,17,Splitsko-dalmatinska,17
22861,Grožnjan,22861,1384,Grožnjan,1384,18,Istarska,18
22870,Gršćaki,22870,990,Duga Resa,990,4,Karlovačka,4
22888,Grtovec,22888,418,Budinščina,418,2,Krapinsko-zagorska,2
22896,Grubići,22896,4987,Vižinada,4987,18,Istarska,18
22900,Grubine,22900,3379,Podbablje,3379,17,Splitsko-dalmatinska,17
22918,Grubišno Polje,22918,1392,Grubišno Polje,1392,7,Bjelovarsko-bilogorska,7
22926,Gruda,22926,1988,Konavle,1988,19,Dubrovačko-neretvanska,19
22934,Grudnjak,22934,5240,Zdenci,5240,10,Virovitičko-podravska,10
22942,Gržini,22942,5312,Žminj,5312,18,Istarska,18
22969,Gubaševo,22969,5193,Zabok,5193,2,Krapinsko-zagorska,2
22977,Gubavčevo Polje,22977,1317,Gračac,1317,13,Zadarska,13
22985,Guci Draganički,22985,1694,Jastrebarsko,1694,1,Zagrebačka,1
22993,Guče Selo,22993,698,Delnice,698,8,Primorsko-goranska,8
23019,Gudalji,23019,3158,Ozalj,3158,4,Karlovačka,4
23027,Gudci,23027,5410,Velika Gorica,5410,1,Zagrebačka,1
23035,Gudovac,23035,248,Bjelovar,248,7,Bjelovarsko-bilogorska,7
23051,Gundinci,23051,1406,Gundinci,1406,12,Brodsko-posavska,12
23060,Gunja,23060,1414,Gunja,1414,16,Vukovarsko-srijemska,16
23078,Gunjavci,23078,3727,Rešetari,3727,12,Brodsko-posavska,12
23086,Gusakovec,23086,1252,Gornja Stubica,1252,2,Krapinsko-zagorska,2
23094,Gustelnica,23094,5410,Velika Gorica,5410,1,Zagrebačka,1
23108,Gusti Laz,23108,698,Delnice,698,8,Primorsko-goranska,8
23116,Gustirna,23116,2585,Marina,2585,17,Splitsko-dalmatinska,17
23132,Guščerovec,23132,4421,Sveti Petar Orehovec,4421,6,Koprivničko-križevačka,6
23124,Gušće,23124,3913,Sisak,3913,3,Sisačko-moslavačka,3
23159,Gvozdanska,23159,4243,Suhopolje,4243,10,Virovitičko-podravska,10
23167,Gvozdansko,23167,1023,Dvor,1023,3,Sisačko-moslavačka,3
23175,Habjanovac,23175,973,Dubrava,973,1,Zagrebačka,1
23183,Habjanovci,23183,230,Bizovac,230,14,Osječko-baranjska,14
23191,Hađer,23191,1210,Glina,1210,3,Sisačko-moslavačka,3
23205,Haganj,23205,1350,Gradec,1350,1,Zagrebačka,1
23213,Hajdine,23213,5096,Vrbovsko,5096,8,Primorsko-goranska,8
23221,Hajtić,23221,1210,Glina,1210,3,Sisačko-moslavačka,3
23230,Hambarište,23230,5096,Vrbovsko,5096,8,Primorsko-goranska,8
23248,Hampovica,23248,4901,Virje,4901,6,Koprivničko-križevačka,6
23256,Harina Žlaka,23256,5215,Zagorska Sela,5215,2,Krapinsko-zagorska,2
23264,Harkanovci,23264,4715,Valpovo,4715,14,Osječko-baranjska,14
23272,Harmica,23272,345,Brdovec,345,1,Zagrebačka,1
23299,Hartje,23299,5401,Žumberak,5401,1,Zagrebačka,1
23302,Havidić Selo,23302,1333,Grad Zagreb,1333,22,Grad Zagreb,22
23329,Heki,23329,3212,Pazin,3212,18,Istarska,18
23337,Hemuševec,23337,3557,Prelog,3557,20,Međimurska,20
23345,Heraki,23345,4316,Sveti Lovreč,4316,18,Istarska,18
23353,Hercegovac,23353,1449,Hercegovac,1449,7,Bjelovarsko-bilogorska,7
23361,Herešin,23361,2011,Koprivnica,2011,6,Koprivničko-križevačka,6
23370,Hižakovec,23370,795,Donja Stubica,795,2,Krapinsko-zagorska,2
23388,Hižanovec,23388,4421,Sveti Petar Orehovec,4421,6,Koprivničko-križevačka,6
23396,Hlapa,23396,744,Dobrinj,744,8,Primorsko-goranska,8
23400,Hlapičina,23400,2763,Mursko Središće,2763,20,Međimurska,20
23418,Hlebine,23418,1457,Hlebine,1457,6,Koprivničko-križevačka,6
23426,Hlevci,23426,3930,Skrad,3930,8,Primorsko-goranska,8
23434,Hlevnica,23434,1082,Đurmanec,1082,2,Krapinsko-zagorska,2
23442,Hodilje,23442,4197,Ston,4197,19,Dubrovačko-neretvanska,19
23469,Hodinci,23469,3158,Ozalj,3158,4,Karlovačka,4
23477,Hodošan,23477,825,Donji Kraljevec,825,20,Međimurska,20
23485,Homer,23485,2372,Lokve,2372,8,Primorsko-goranska,8
23493,Homoljac,23493,4553,Plitvička Jezera,4553,9,Ličko-senjska,9
23507,Horvati,23507,1333,Grad Zagreb,1333,22,Grad Zagreb,22
23515,Horvatsko,23515,1562,Ivanec,1562,5,Varaždinska,5
23523,Hosnik,23523,3930,Skrad,3930,8,Primorsko-goranska,8
23531,Hotnja,23531,5444,Pokupsko,5444,1,Zagrebačka,1
23540,Hrastelnica,23540,3913,Sisak,3913,3,Sisačko-moslavačka,3
23558,Hrastin,23558,5797,Vladislavci,5797,14,Osječko-baranjska,14
23566,Hrastina Brdovečka,23566,5398,Marija Gorica,5398,1,Zagrebačka,1
23574,Hrastina Samoborska,23574,3808,Samobor,3808,1,Zagrebačka,1
23582,Hrastje,23582,4294,Sveti Ivan Zelina,4294,1,Zagrebačka,1
23604,Hrastje Plešivičko,23604,1694,Jastrebarsko,1694,1,Zagrebačka,1
23612,Hrastovac,23612,1198,Garešnica,1198,7,Bjelovarsko-bilogorska,7
74993,Hrastovac,74993,5177,Vuka,5177,14,Osječko-baranjska,14
23639,Hrastovec Toplički,23639,4731,Varaždinske Toplice,4731,5,Varaždinska,5
23647,Hrastovica,23647,3280,Petrinja,3280,3,Sisačko-moslavačka,3
23655,Hrastovica Vivodinska,23655,3158,Ozalj,3158,4,Karlovačka,4
23663,Hrastovljan,23663,850,Donji Martijanec,850,5,Varaždinska,5
23671,Hrastovsko,23671,2445,Ludbreg,2445,5,Varaždinska,5
23680,Hrašća,23680,1694,Jastrebarsko,1694,1,Zagrebačka,1
23698,Hrašće Turopoljsko,23698,1333,Grad Zagreb,1333,22,Grad Zagreb,22
23701,Hrašćica,23701,4723,Varaždin,4723,5,Varaždinska,5
23710,Hrašćina,23710,1465,Hrašćina,1465,2,Krapinsko-zagorska,2
23728,Hrboki,23728,60,Barban,60,18,Istarska,18
23736,Hrebine,23736,3620,Pušća,3620,1,Zagrebačka,1
23744,Hrebinec,23744,337,Brckovljani,337,1,Zagrebačka,1
23752,Hreljići,23752,2542,Marčana,2542,18,Istarska,18
23779,Hreljin,23779,43,Bakar,43,8,Primorsko-goranska,8
23787,Hreljin Ogulinski,23787,2976,Ogulin,2976,4,Karlovačka,4
23795,Hrgovec,23795,4421,Sveti Petar Orehovec,4421,6,Koprivničko-križevačka,6
23809,Hrib,23809,558,Čabar,558,8,Primorsko-goranska,8
23817,Hribac,23817,3930,Skrad,3930,8,Primorsko-goranska,8
23825,Hrkanovci Đakovački,23825,4618,Trnava,4618,14,Osječko-baranjska,14
23833,Hrnjanec,23833,4294,Sveti Ivan Zelina,4294,1,Zagrebačka,1
23841,Hrnjevac,23841,2216,Kutjevo,2216,11,Požeško-slavonska,11
23850,Hromec,23850,1082,Đurmanec,1082,2,Krapinsko-zagorska,2
23868,Hrsina,23868,302,Bosiljevo,302,4,Karlovačka,4
23876,Hrsovo,23876,4391,Sveti Ivan Žabno,4391,6,Koprivničko-križevačka,6
23884,Hršak Breg,23884,2127,Krapinske Toplice,2127,2,Krapinsko-zagorska,2
23892,Hršćevani,23892,3379,Podbablje,3379,17,Splitsko-dalmatinska,17
23906,Hrtić,23906,1023,Dvor,1023,3,Sisačko-moslavačka,3
23914,Hrušćica,23914,3760,Rugvica,3760,1,Zagrebačka,1
23922,Hruševec,23922,795,Donja Stubica,795,2,Krapinsko-zagorska,2
23949,Hruševec Kupljenski,23949,5436,Zaprešić,5436,1,Zagrebačka,1
23957,Hruševec Pušćanski,23957,3620,Pušća,3620,1,Zagrebačka,1
23965,Hruškovec,23965,5363,Rakovec,5363,1,Zagrebačka,1
23973,Hruškovica,23973,3565,Preseka,3565,1,Zagrebačka,1
23981,Hrvace,23981,1481,Hrvace,1481,17,Splitsko-dalmatinska,17
23990,Hrvatska Dubica,23990,1490,Hrvatska Dubica,1490,3,Sisačko-moslavačka,3
24007,Hrvatska Kostajnica,24007,1503,Hrvatska Kostajnica,1503,3,Sisačko-moslavačka,3
24023,Hrvatski Čuntić,24023,3280,Petrinja,3280,3,Sisačko-moslavačka,3
24031,Hrvatski Leskovac,24031,1333,Grad Zagreb,1333,22,Grad Zagreb,22
24040,Hrvatsko,24040,698,Delnice,698,8,Primorsko-goranska,8
24058,Hrvatsko Polje,24058,3131,Otočac,3131,9,Ličko-senjska,9
24066,Hrvatsko Selo,24066,4570,Topusko,4570,3,Sisačko-moslavačka,3
46787,Hrvatsko Žarište,46787,2160,Krnjak,2160,4,Karlovačka,4
24074,Hrženica,24074,4375,Sveti Đurđ,4375,5,Varaždinska,5
24082,Hrženik,24082,5339,Krašić,5339,1,Zagrebačka,1
24104,Hudi Bitek,24104,1333,Grad Zagreb,1333,22,Grad Zagreb,22
24112,Hudovljani,24112,4057,Sokolovac,4057,6,Koprivničko-križevačka,6
24139,Hudovo,24139,5363,Rakovec,5363,1,Zagrebačka,1
24147,Hum,24147,434,Buzet,434,18,Istarska,18
24155,Hum,24155,4995,Voćin,4995,10,Virovitičko-podravska,10
24163,Hum Bistrički,24163,2569,Marija Bistrica,2569,2,Krapinsko-zagorska,2
24180,Hum Košnički,24180,701,Desinić,701,2,Krapinsko-zagorska,2
24198,Hum Na Sutli,24198,1520,Hum Na Sutli,1520,2,Krapinsko-zagorska,2
24201,Hum Stubički,24201,1252,Gornja Stubica,1252,2,Krapinsko-zagorska,2
24210,Hum Varoš,24210,4995,Voćin,4995,10,Virovitičko-podravska,10
24228,Hum Zabočki,24228,5193,Zabok,5193,2,Krapinsko-zagorska,2
24236,Humac,24236,1716,Jelsa,1716,17,Splitsko-dalmatinska,17
24244,Humljani,24244,566,Čačinci,566,10,Virovitičko-podravska,10
24252,Husain,24252,2208,Kutina,2208,3,Sisačko-moslavačka,3
24279,Husinec,24279,1465,Hrašćina,1465,2,Krapinsko-zagorska,2
24287,Husje,24287,1791,Karlovac,1791,4,Karlovačka,4
24295,Hutin,24295,5339,Krašić,5339,1,Zagrebačka,1
24309,Hvar,24309,1538,Hvar,1538,17,Splitsko-dalmatinska,17
24317,Ičići,24317,3026,Opatija,3026,8,Primorsko-goranska,8
24325,Ićevo,24325,3948,Skradin,3948,15,Šibensko-kninska,15
24333,Igrane,24333,3395,Podgora,3395,17,Splitsko-dalmatinska,17
24341,Igrišće,24341,1635,Jakovlje,1635,1,Zagrebačka,1
24350,Ika,24350,3026,Opatija,3026,8,Primorsko-goranska,8
24368,Ilača,24368,4596,Tovarnik,4596,16,Vukovarsko-srijemska,16
24376,Ilmin Dvor,24376,574,Čađavica,574,10,Virovitičko-podravska,10
24384,Ilok,24384,1546,Ilok,1546,16,Vukovarsko-srijemska,16
24392,Ilova,24392,2208,Kutina,2208,3,Sisačko-moslavačka,3
24406,Ilovac,24406,3158,Ozalj,3158,4,Karlovačka,4
24414,Ilovačak,24414,1210,Glina,1210,3,Sisačko-moslavačka,3
24422,Ilovik,24422,612,Čavle,612,8,Primorsko-goranska,8
24449,Ilovik,24449,2526,Mali Lošinj,2526,8,Primorsko-goranska,8
24457,Ilovski Klokočevac,24457,1449,Hercegovac,1449,7,Bjelovarsko-bilogorska,7
24473,Imbriovec,24473,1040,Đelekovec,1040,6,Koprivničko-križevačka,6
24465,Imbriovec Jalžabetski,24465,1651,Jalžabet,1651,5,Varaždinska,5
24481,Imotica,24481,5983,Dubrovačko Primorje,5983,19,Dubrovačko-neretvanska,19
24490,Imotski,24490,1554,Imotski,1554,17,Splitsko-dalmatinska,17
24503,Imrijevci,24503,582,Čaglin,582,11,Požeško-slavonska,11
24511,Imsovac,24511,1996,Končanica,1996,7,Bjelovarsko-bilogorska,7
24520,Ipši,24520,3042,Oprtalj,3042,18,Istarska,18
24538,Irinovac,24538,3654,Rakovica,3654,4,Karlovačka,4
24546,Islam Grčki,24546,175,Benkovac,175,13,Zadarska,13
24554,Islam Latinski,24554,3492,Posedarje,3492,13,Zadarska,13
24562,Ist,24562,5207,Zadar,5207,13,Zadarska,13
24589,Istočni Trojvrh,24589,1724,Josipdol,1724,4,Karlovačka,4
24597,Iševnica,24597,698,Delnice,698,8,Primorsko-goranska,8
24619,Ivan Dolac,24619,1716,Jelsa,1716,17,Splitsko-dalmatinska,17
24627,Ivanbegovina,24627,3379,Podbablje,3379,17,Splitsko-dalmatinska,17
24635,Ivanbrijeg,24635,3956,Slatina,3956,10,Virovitičko-podravska,10
24643,Ivančani,24643,1147,Farkaševac,1147,1,Zagrebačka,1
24651,Ivančec,24651,3662,Rasinja,3662,6,Koprivničko-križevačka,6
24660,Ivančići,24660,1694,Jastrebarsko,1694,1,Zagrebačka,1
24678,Ivančići Pokupski,24678,1791,Karlovac,1791,4,Karlovačka,4
24686,Ivandol,24686,353,Brestovac,353,11,Požeško-slavonska,11
24694,Ivanec,24694,1562,Ivanec,1562,5,Varaždinska,5
24708,Ivanec Bistranski,24708,5436,Zaprešić,5436,1,Zagrebačka,1
24716,Ivanec Križevački,24716,2143,Križevci,2143,6,Koprivničko-križevačka,6
24724,Ivanečka Željeznica,24724,1562,Ivanec,1562,5,Varaždinska,5
24732,Ivanečki Vrhovec,24732,1562,Ivanec,1562,5,Varaždinska,5
24759,Ivanečko Naselje,24759,1562,Ivanec,1562,5,Varaždinska,5
24767,Ivanić Desinićki,24767,701,Desinić,701,2,Krapinsko-zagorska,2
24775,Ivanić Košnički,24775,701,Desinić,701,2,Krapinsko-zagorska,2
24783,Ivanić Miljanski,24783,5215,Zagorska Sela,5215,2,Krapinsko-zagorska,2
24791,Ivanić-Grad,24791,1589,Ivanić-Grad,1589,1,Zagrebačka,1
24929,Ivanja Reka,24929,1333,Grad Zagreb,1333,22,Grad Zagreb,22
24937,Ivanje,24937,523,Cres,523,8,Primorsko-goranska,8
24945,Ivanjski Bok,24945,4260,Sunja,4260,3,Sisačko-moslavačka,3
24805,Ivanković Selo,24805,1791,Karlovac,1791,4,Karlovačka,4
24813,Ivankovo,24813,1597,Ivankovo,1597,16,Vukovarsko-srijemska,16
24821,Ivanovac,24821,27,Antunovac,27,14,Osječko-baranjska,14
24830,Ivanovci,24830,582,Čaglin,582,11,Požeško-slavonska,11
24848,Ivanovci,24848,4715,Valpovo,4715,14,Osječko-baranjska,14
24856,Ivanovci Đakovački,24856,1031,Đakovo,1031,14,Osječko-baranjska,14
24864,Ivanovec,24864,604,Čakovec,604,20,Međimurska,20
18023,Ivanovo,18023,4855,Viljevo,4855,14,Osječko-baranjska,14
24872,Ivanovo Polje,24872,710,Dežanovac,710,7,Bjelovarsko-bilogorska,7
24899,Ivanovo Selo,24899,1392,Grubišno Polje,1392,7,Bjelovarsko-bilogorska,7
24902,Ivanska,24902,1619,Ivanska,1619,7,Bjelovarsko-bilogorska,7
24953,Ivići,24953,4316,Sveti Lovreč,4316,18,Istarska,18
24961,Ivoševci,24961,1848,Kistanje,1848,15,Šibensko-kninska,15
24970,Ivošević Selo,24970,1791,Karlovac,1791,4,Karlovačka,4
24988,Izimje,24988,1694,Jastrebarsko,1694,1,Zagrebačka,1
24996,Jablan,24996,5096,Vrbovsko,5096,8,Primorsko-goranska,8
25003,Jablanac,25003,3875,Senj,3875,9,Ličko-senjska,9
25011,Jablanovec,25011,5436,Zaprešić,5436,1,Zagrebačka,1
25020,Jabučeta,25020,1767,Kapela,1767,7,Bjelovarsko-bilogorska,7
25038,Jabuka,25038,4600,Trilj,4600,17,Splitsko-dalmatinska,17
25046,Jabukovac,25046,3280,Petrinja,3280,3,Sisačko-moslavačka,3
25054,Jadranovo,25054,531,Crikvenica,531,8,Primorsko-goranska,8
25062,Jadreški,25062,2356,Ližnjan,2356,18,Istarska,18
25089,Jadrići,25089,5304,Žakanje,5304,4,Karlovačka,4
25097,Jadrtovac,25097,4448,Šibenik,4448,15,Šibensko-kninska,15
25119,Jadruhi,25119,4987,Vižinada,4987,18,Istarska,18
25127,Jagma,25127,2313,Lipik,2313,11,Požeško-slavonska,11
25135,Jagnjedovec,25135,2011,Koprivnica,2011,6,Koprivničko-križevačka,6
25143,Jagnjić Dol,25143,4367,Sveta Nedelja,4367,1,Zagrebačka,1
76617,Jagodna,76602,1538,Hvar,1538,17,Splitsko-dalmatinska,17
25160,Jagodnjak,25160,6092,Jagodnjak,6092,14,Osječko-baranjska,14
25178,Jagodnje,25178,4677,Udbina,4677,9,Ličko-senjska,9
25151,Jagodno,25151,5410,Velika Gorica,5410,1,Zagrebačka,1
25186,Jagrovac,25186,5037,Vojnić,5037,4,Karlovačka,4
25194,Jaguplije,25194,353,Brestovac,353,11,Požeško-slavonska,11
25208,Jakačići,25208,1325,Gračišće,1325,18,Istarska,18
25216,Jakačina Mala,25216,3883,Sibinj,3883,12,Brodsko-posavska,12
25224,Jakići Dolinji,25224,4316,Sveti Lovreč,4316,18,Istarska,18
20591,Jakići Gorinji,20591,3484,Poreč,3484,18,Istarska,18
25232,Jakomići,25232,3301,Pićan,3301,18,Istarska,18
25259,Jakopovac,25259,5665,Zrinski Topolovac,5665,7,Bjelovarsko-bilogorska,7
25267,Jakopovec,25267,1651,Jalžabet,1651,5,Varaždinska,5
25283,Jakov Polje,25283,2909,Novi Vinodolski,2909,8,Primorsko-goranska,8
25291,Jakovci,25291,3182,Pakrac,3182,11,Požeško-slavonska,11
25305,Jakovci Netretićki,25305,2810,Netretić,2810,4,Karlovačka,4
25313,Jakovici,25313,4537,Tinjan,4537,18,Istarska,18
25321,Jakovlje,25321,1635,Jakovlje,1635,1,Zagrebačka,1
25330,Jakšić,25330,1643,Jakšić,1643,11,Požeško-slavonska,11
25348,Jakšići,25348,5096,Vrbovsko,5096,8,Primorsko-goranska,8
25356,Jakšinec,25356,1252,Gornja Stubica,1252,2,Krapinsko-zagorska,2
25364,Jakuševec Zabočki,25364,5193,Zabok,5193,2,Krapinsko-zagorska,2
25372,Jales Breznički,25372,361,Breznica,361,5,Varaždinska,5
25399,Jalkovec,25399,4723,Varaždin,4723,5,Varaždinska,5
25402,Jalševec Breški,25402,1589,Ivanić-Grad,1589,1,Zagrebačka,1
25429,Jalševec Nartski,25429,3760,Rugvica,3760,1,Zagrebačka,1
25437,Jalševec Svibovečki,25437,4731,Varaždinske Toplice,4731,5,Varaždinska,5
25445,Jalšje,25445,4812,Veliko Trgovišće,4812,2,Krapinsko-zagorska,2
25453,Jalšovec,25453,4529,Štrigova,4529,20,Međimurska,20
25461,Jalžabet,25461,1651,Jalžabet,1651,5,Varaždinska,5
25470,Jamarica,25470,2208,Kutina,2208,3,Sisačko-moslavačka,3
25488,Jamarje,25488,3654,Rakovica,3654,4,Karlovačka,4
25496,Jame,25496,4006,Slunj,4006,4,Karlovačka,4
25500,Jamnica Pisarovinska,25500,3310,Pisarovina,3310,1,Zagrebačka,1
25518,Jamno,25518,124,Bednja,124,5,Varaždinska,5
25526,Jančani,25526,302,Bosiljevo,302,4,Karlovačka,4
25569,Janja Gora,25569,3336,Plaški,3336,4,Karlovačka,4
25577,Janja Lipa,25577,2208,Kutina,2208,3,Sisačko-moslavačka,3
25593,Janjevalj,25593,4880,Vinodolska Općina,4880,8,Primorsko-goranska,8
25607,Janjina,25607,5991,Janjina,5991,19,Dubrovačko-neretvanska,19
25534,Jankovac,25534,4057,Sokolovac,4057,6,Koprivničko-križevačka,6
25542,Jankovo Selište,25542,1201,Generalski Stol,1201,4,Karlovačka,4
25615,Japaga,25615,2313,Lipik,2313,11,Požeško-slavonska,11
25623,Jarčani,25623,2143,Križevci,2143,6,Koprivničko-križevačka,6
25631,Jarče Polje,25631,2810,Netretić,2810,4,Karlovačka,4
25640,Jarebinjak,25640,5827,Rogoznica,5827,15,Šibensko-kninska,15
25658,Jarek Bisaški,25658,361,Breznica,361,5,Varaždinska,5
25666,Jarek Habekov,25666,1465,Hrašćina,1465,2,Krapinsko-zagorska,2
25674,Jargovo,25674,4880,Vinodolska Općina,4880,8,Primorsko-goranska,8
25682,Jarki,25682,485,Cestica,485,5,Varaždinska,5
25704,Jarki Horvatićevi,25704,4731,Varaždinske Toplice,4731,5,Varaždinska,5
25712,Jarmina,25712,1660,Jarmina,1660,16,Vukovarsko-srijemska,16
25739,Jarnevići,25739,5568,Ribnik,5568,4,Karlovačka,4
25747,Jaruge,25747,5703,Sikirevci,5703,12,Brodsko-posavska,12
25755,Jarušje,25755,3808,Samobor,3808,1,Zagrebačka,1
25763,Jasenak,25763,2976,Ogulin,2976,4,Karlovačka,4
25771,Jasenaš,25771,4910,Virovitica,4910,10,Virovitičko-podravska,10
25780,Jasenice,25780,1678,Jasenice,1678,13,Zadarska,13
25798,Jasenice,25798,1988,Konavle,1988,19,Dubrovačko-neretvanska,19
25801,Jasenik,25801,5649,Šandrovac,5649,7,Bjelovarsko-bilogorska,7
25810,Jasenovac,25810,1686,Jasenovac,1686,3,Sisačko-moslavačka,3
25828,Jasenovac,25828,1953,Kneževi Vinogradi,1953,14,Osječko-baranjska,14
25836,Jasenovac Zagorski,25836,2127,Krapinske Toplice,2127,2,Krapinsko-zagorska,2
25844,Jasenovčani,25844,4260,Sunja,4260,3,Sisačko-moslavačka,3
25852,Jasenovica,25852,3484,Poreč,3484,18,Istarska,18
25879,Jasenovica,25879,5568,Ribnik,5568,4,Karlovačka,4
25887,Jasensko,25887,3891,Sinj,3891,17,Splitsko-dalmatinska,17
25895,Jasik,25895,582,Čaglin,582,11,Požeško-slavonska,11
25909,Jasikovac,25909,4553,Plitvička Jezera,4553,9,Ličko-senjska,9
25917,Jasnić Brdo,25917,2160,Krnjak,2160,4,Karlovačka,4
25925,Jastrebarsko,25925,1694,Jastrebarsko,1694,1,Zagrebačka,1
25933,Jaškovo,25933,3158,Ozalj,3158,4,Karlovačka,4
25941,Javnica,25941,1023,Dvor,1023,3,Sisačko-moslavačka,3
25950,Javor,25950,5401,Žumberak,5401,1,Zagrebačka,1
25968,Javorek,25968,3808,Samobor,3808,1,Zagrebačka,1
25976,Javorje,25976,345,Brdovec,345,1,Zagrebačka,1
25984,Javorje,25984,2909,Novi Vinodolski,2909,8,Primorsko-goranska,8
25992,Javornik,25992,1023,Dvor,1023,3,Sisačko-moslavačka,3
26000,Javorovac,26000,2925,Novigrad Podravski,2925,6,Koprivničko-križevačka,6
26018,Jazavica,26018,2933,Novska,2933,3,Sisačko-moslavačka,3
26026,Jazbina,26026,701,Desinić,701,2,Krapinsko-zagorska,2
26034,Jazbina Cvetlinska,26034,124,Bednja,124,5,Varaždinska,5
26042,Jazbina Višnjička,26042,2291,Lepoglava,2291,5,Varaždinska,5
26077,Jazvenik,26077,3913,Sisak,3913,3,Sisačko-moslavačka,3
26085,Jazvine,26085,3646,Radoboj,3646,2,Krapinsko-zagorska,2
26093,Jeduševac,26093,2020,Koprivnički Bregi,2020,6,Koprivničko-križevačka,6
26107,Jehnići,26107,3484,Poreč,3484,18,Istarska,18
26115,Jelena,26115,2739,Mošćenička Draga,2739,8,Primorsko-goranska,8
26131,Jelenjak,26131,701,Desinić,701,2,Krapinsko-zagorska,2
26140,Jelenje,26140,1708,Jelenje,1708,8,Primorsko-goranska,8
26123,Jelenščak,26123,2895,Novi Marof,2895,5,Varaždinska,5
26158,Jelisavac,26158,2780,Našice,2780,14,Osječko-baranjska,14
26166,Jelov Klanac,26166,3654,Rakovica,3654,4,Karlovačka,4
26174,Jelovec,26174,2003,Konjščina,2003,2,Krapinsko-zagorska,2
26182,Jelovec Voćanski,26182,809,Donja Voća,809,5,Varaždinska,5
26204,Jelovice,26204,2232,Lanišće,2232,18,Istarska,18
26212,Jelsa,26212,1716,Jelsa,1716,17,Splitsko-dalmatinska,17
26239,Jeminovac,26239,353,Brestovac,353,11,Požeško-slavonska,11
26247,Jerčinovići,26247,4880,Vinodolska Općina,4880,8,Primorsko-goranska,8
26255,Jerebić,26255,5410,Velika Gorica,5410,1,Zagrebačka,1
26263,Jerovec,26263,1562,Ivanec,1562,5,Varaždinska,5
26271,Jertovec,26271,2003,Konjščina,2003,2,Krapinsko-zagorska,2
26280,Jesenice,26280,1007,Dugi Rat,1007,17,Splitsko-dalmatinska,17
26298,Jesenovec,26298,1333,Grad Zagreb,1333,22,Grad Zagreb,22
26301,Jesenovik,26301,2178,Kršan,2178,18,Istarska,18
26310,Jezera,26310,4545,Tisno,4545,15,Šibensko-kninska,15
26328,Jezerane,26328,370,Brinje,370,9,Ličko-senjska,9
26336,Jezerce,26336,4553,Plitvička Jezera,4553,9,Ličko-senjska,9
26344,Jezerine,26344,5339,Krašić,5339,1,Zagrebačka,1
26352,Jezerišće,26352,1082,Đurmanec,1082,2,Krapinsko-zagorska,2
26379,Jezernice,26379,5401,Žumberak,5401,1,Zagrebačka,1
26387,Jezero,26387,582,Čaglin,582,11,Požeško-slavonska,11
26395,Jezero I Dio,26395,3336,Plaški,3336,4,Karlovačka,4
26409,Jezero Klanječko,26409,4812,Veliko Trgovišće,4812,2,Krapinsko-zagorska,2
26417,Jezero Posavsko,26417,2593,Martinska Ves,2593,3,Sisačko-moslavačka,3
26425,Ježdovec,26425,1333,Grad Zagreb,1333,22,Grad Zagreb,22
26433,Ježenj,26433,3212,Pazin,3212,18,Istarska,18
26441,Ježević,26441,5134,Vrlika,5134,17,Splitsko-dalmatinska,17
26450,Ježevik,26450,5673,Bukovlje,5673,12,Brodsko-posavska,12
26468,Ježevo,26468,3760,Rugvica,3760,1,Zagrebačka,1
26476,Ježovec,26476,124,Bednja,124,5,Varaždinska,5
26484,Johi,26484,302,Bosiljevo,302,4,Karlovačka,4
26492,Johovec,26492,2135,Križ,2135,1,Zagrebačka,1
26506,Johovo,26506,5037,Vojnić,5037,4,Karlovačka,4
26514,Josipdol,26514,1724,Josipdol,1724,4,Karlovačka,4
26522,Josipovac,26522,3123,Osijek,3123,14,Osječko-baranjska,14
26549,Josipovac Punitovački,26549,3611,Punitovci,3611,14,Osječko-baranjska,14
8176,Josipovo,8176,4073,Sopje,4073,10,Virovitičko-podravska,10
26557,Jošan,26557,4677,Udbina,4677,9,Ličko-senjska,9
26565,Jošavica,26565,3280,Petrinja,3280,3,Sisačko-moslavačka,3
26573,Joševica,26573,1210,Glina,1210,3,Sisačko-moslavačka,3
26581,Jovac,26581,1023,Dvor,1023,3,Sisačko-moslavačka,3
26590,Jovići,26590,3719,Ražanac,3719,13,Zadarska,13
26603,Jugovac,26603,5304,Žakanje,5304,4,Karlovačka,4
26611,Jugovo Polje,26611,4243,Suhopolje,4243,10,Virovitičko-podravska,10
26620,Juradi,26620,434,Buzet,434,18,Istarska,18
26638,Jural,26638,1759,Kanfanar,1759,18,Istarska,18
26646,Jurandvor,26646,86,Baška,86,8,Primorsko-goranska,8
26654,Juranšćina,26654,5266,Zlatar,5266,2,Krapinsko-zagorska,2
26662,Jurazini,26662,4324,Sveta Nedelja,4324,18,Istarska,18
26689,Jurcani,26689,4316,Sveti Lovreč,4316,18,Istarska,18
26697,Jurdani,26697,2615,Matulji,2615,8,Primorsko-goranska,8
26719,Jurga,26719,5037,Vojnić,5037,4,Karlovačka,4
26727,Juricani,26727,4685,Umag,4685,18,Istarska,18
26735,Juričići,26735,434,Buzet,434,18,Istarska,18
26743,Jurićev Kal,26743,60,Barban,60,18,Istarska,18
26751,Jurići,26751,3484,Poreč,3484,18,Istarska,18
26760,Jurići,26760,5312,Žminj,5312,18,Istarska,18
26778,Jurjevac Punitovački,26778,3611,Punitovci,3611,14,Osječko-baranjska,14
26786,Jurjevčani,26786,1694,Jastrebarsko,1694,1,Zagrebačka,1
26794,Jurjevec,26794,2127,Krapinske Toplice,2127,2,Krapinsko-zagorska,2
26808,Jurketinec,26808,2607,Maruševec,2607,5,Varaždinska,5
26816,Jurkovac,26816,582,Čaglin,582,11,Požeško-slavonska,11
26824,Jurkovo Selo,26824,5401,Žumberak,5401,1,Zagrebačka,1
26832,Jurovčak,26832,4413,Sveti Martin Na Muri,4413,20,Međimurska,20
26859,Jurovec,26859,4413,Sveti Martin Na Muri,4413,20,Međimurska,20
26867,Jurovo,26867,5304,Žakanje,5304,4,Karlovačka,4
26875,Jurovski Brod,26875,5304,Žakanje,5304,4,Karlovačka,4
26883,Juršići,26883,4359,Svetvinčenat,4359,18,Istarska,18
26891,Jušići,26891,2615,Matulji,2615,8,Primorsko-goranska,8
26905,Kabal,26905,1147,Farkaševac,1147,1,Zagrebačka,1
26913,Kablar,26913,1791,Karlovac,1791,4,Karlovačka,4
26921,Kačkovec,26921,2089,Kraljevec Na Sutli,2089,2,Krapinsko-zagorska,2
26930,Kadanovci,26930,3344,Pleternica,3344,11,Požeško-slavonska,11
26948,Kadina Glavica,26948,957,Drniš,957,15,Šibensko-kninska,15
26956,Kadumi,26956,3484,Poreč,3484,18,Istarska,18
26964,Kajgana,26964,1198,Garešnica,1198,7,Bjelovarsko-bilogorska,7
26972,Kajini,26972,434,Buzet,434,18,Istarska,18
26999,Kakanj,26999,1848,Kistanje,1848,15,Šibensko-kninska,15
27006,Kakinac,27006,3751,Rovišće,3751,7,Bjelovarsko-bilogorska,7
27014,Kakma,27014,3441,Polača,3441,13,Zadarska,13
27022,Kalac,27022,2739,Mošćenička Draga,2739,8,Primorsko-goranska,8
27049,Kaldanija,27049,426,Buje,426,18,Istarska,18
27057,Kaldir,27057,2747,Motovun,2747,18,Istarska,18
27065,Kaldrma,27065,1317,Gračac,1317,13,Zadarska,13
27073,Kalebovac,27073,4553,Plitvička Jezera,4553,9,Ličko-senjska,9
27081,Kalenić,27081,3344,Pleternica,3344,11,Požeško-slavonska,11
27090,Kali,27090,1732,Kali,1732,13,Zadarska,13
27103,Kalić,27103,698,Delnice,698,8,Primorsko-goranska,8
27146,Kalinje,27146,4294,Sveti Ivan Zelina,4294,1,Zagrebačka,1
27111,Kalinovac,27111,5592,Kalinovac,5592,6,Koprivničko-križevačka,6
27120,Kalinovača,27120,1309,Gospić,1309,9,Ličko-senjska,9
27138,Kalinovica,27138,4367,Sveta Nedelja,4367,1,Zagrebačka,1
27189,Kalje,27189,5401,Žumberak,5401,1,Zagrebačka,1
27154,Kalnik,27154,5606,Kalnik,5606,6,Koprivničko-križevačka,6
27162,Kaluđerovac,27162,3239,Perušić,3239,9,Ličko-senjska,9
27197,Kamanje,27197,5304,Žakanje,5304,4,Karlovačka,4
27219,Kamen,27219,4090,Split,4090,17,Splitsko-dalmatinska,17
27227,Kamena Gorica,27227,2895,Novi Marof,2895,5,Varaždinska,5
27235,Kamenac,27235,1953,Kneževi Vinogradi,1953,14,Osječko-baranjska,14
27243,Kamenci,27243,3158,Ozalj,3158,4,Karlovačka,4
27251,Kamenica,27251,2291,Lepoglava,2291,5,Varaždinska,5
27260,Kamenica,27260,3565,Preseka,3565,1,Zagrebačka,1
27278,Kamenica,27278,4057,Sokolovac,4057,6,Koprivničko-križevačka,6
27286,Kamenica Skradnička,27286,5576,Tounj,5576,4,Karlovačka,4
27294,Kamenički Vrhovec,27294,2291,Lepoglava,2291,5,Varaždinska,5
27308,Kameničko Podgorje,27308,2291,Lepoglava,2291,5,Varaždinska,5
27383,Kamenjak,27383,4880,Vinodolska Općina,4880,8,Primorsko-goranska,8
27316,Kamenmost,27316,3379,Podbablje,3379,17,Splitsko-dalmatinska,17
27324,Kamenska,27324,353,Brestovac,353,11,Požeško-slavonska,11
27332,Kamenski Hrib,27332,558,Čabar,558,8,Primorsko-goranska,8
27359,Kamenski Šeovci,27359,353,Brestovac,353,11,Požeško-slavonska,11
27367,Kamenski Vučjak,27367,353,Brestovac,353,11,Požeško-slavonska,11
27375,Kamensko,27375,4600,Trilj,4600,17,Splitsko-dalmatinska,17
76007,Kamensko,76007,5096,Vrbovsko,5096,8,Primorsko-goranska,8
27391,Kamešnica,27391,5606,Kalnik,5606,6,Koprivničko-križevačka,6
27405,Kampelje,27405,5070,Vrbnik,5070,8,Primorsko-goranska,8
27413,Kampor,27413,3638,Rab,3638,8,Primorsko-goranska,8
27421,Kanegra,27421,426,Buje,426,18,Istarska,18
27430,Kanfanar,27430,1759,Kanfanar,1759,18,Istarska,18
76465,Kanica,76465,5827,Rogoznica,5827,15,Šibensko-kninska,15
27448,Kaniška Iva,27448,1198,Garešnica,1198,7,Bjelovarsko-bilogorska,7
27456,Kaniža,27456,108,Bebrina,108,12,Brodsko-posavska,12
27464,Kaniža,27464,1562,Ivanec,1562,5,Varaždinska,5
27472,Kaniža Gospićka,27472,1309,Gospić,1309,9,Ličko-senjska,9
27502,Kanjane,27502,957,Drniš,957,15,Šibensko-kninska,15
27499,Kantrovci,27499,4758,Velika,4758,11,Požeško-slavonska,11
27529,Kaočine,27529,957,Drniš,957,15,Šibensko-kninska,15
27537,Kapela,27537,1767,Kapela,1767,7,Bjelovarsko-bilogorska,7
27545,Kapela Dvor,27545,2453,Lukač,2453,10,Virovitičko-podravska,10
27553,Kapela Kalnička,27553,2470,Ljubešćica,2470,5,Varaždinska,5
27561,Kapela Korenička,27561,4553,Plitvička Jezera,4553,9,Ličko-senjska,9
27570,Kapela Podravska,27570,5584,Veliki Bukovec,5584,5,Varaždinska,5
27588,Kapela Ravenska,27588,4421,Sveti Petar Orehovec,4421,6,Koprivničko-križevačka,6
27596,Kapelec,27596,2607,Maruševec,2607,5,Varaždinska,5
27600,Kapelica,27600,1198,Garešnica,1198,7,Bjelovarsko-bilogorska,7
27618,Kapelica,27618,2224,Labin,2224,18,Istarska,18
27626,Kapelna,27626,4855,Viljevo,4855,14,Osječko-baranjska,14
27634,Kapelski Vrh,27634,2089,Kraljevec Na Sutli,2089,2,Krapinsko-zagorska,2
27642,Kapelščak,27642,4413,Sveti Martin Na Muri,4413,20,Međimurska,20
27669,Kapetanovo Polje,27669,3182,Pakrac,3182,11,Požeško-slavonska,11
27677,Kapinci,27677,4073,Sopje,4073,10,Virovitičko-podravska,10
27685,Kapljuv,27685,493,Cetingrad,493,4,Karlovačka,4
27693,Kapovići,27693,4316,Sveti Lovreč,4316,18,Istarska,18
27707,Kaprije,27707,4448,Šibenik,4448,15,Šibensko-kninska,15
27715,Kaptol,27715,1775,Kaptol,1775,11,Požeško-slavonska,11
27723,Karadžićevo,27723,6106,Markušica,6106,16,Vukovarsko-srijemska,16
27731,Karakašica,27731,3891,Sinj,3891,17,Splitsko-dalmatinska,17
27740,Karalić,27740,957,Drniš,957,15,Šibensko-kninska,15
27758,Karanac,27758,1953,Kneževi Vinogradi,1953,14,Osječko-baranjska,14
27766,Karane,27766,2143,Križevci,2143,6,Koprivničko-križevačka,6
27774,Karasi,27774,1791,Karlovac,1791,4,Karlovačka,4
27782,Karigador,27782,400,Brtonigla,400,18,Istarska,18
27804,Karivaroš,27804,1252,Gornja Stubica,1252,2,Krapinsko-zagorska,2
27812,Karlobag,27812,1783,Karlobag,1783,9,Ličko-senjska,9
27839,Karlovac,27839,1791,Karlovac,1791,4,Karlovačka,4
27847,Karlovac Feričanački,27847,3077,Orahovica,3077,10,Virovitičko-podravska,10
27855,Karlovec Ludbreški,27855,4375,Sveti Đurđ,4375,5,Varaždinska,5
27863,Karlovići,27863,5312,Žminj,5312,18,Istarska,18
27871,Karojba,27871,5967,Karojba,5967,18,Istarska,18
27880,Kartalije,27880,5037,Vojnić,5037,4,Karlovačka,4
27898,Kastav,27898,1805,Kastav,1805,8,Primorsko-goranska,8
27901,Kasuni,27901,302,Bosiljevo,302,4,Karlovačka,4
27910,Kašćerga,27910,3212,Pazin,3212,18,Istarska,18
27928,Kašić,27928,5819,Pirovac,5819,15,Šibensko-kninska,15
27936,Kašina,27936,1333,Grad Zagreb,1333,22,Grad Zagreb,22
27944,Kašinska Sopnica,27944,1333,Grad Zagreb,1333,22,Grad Zagreb,22
27952,Kašljavac,27952,5649,Šandrovac,5649,7,Bjelovarsko-bilogorska,7
27979,Kašt,27979,3158,Ozalj,3158,4,Karlovačka,4
27987,Kaštel,27987,426,Buje,426,18,Istarska,18
27995,Kaštel Dežanovački,27995,710,Dežanovac,710,7,Bjelovarsko-bilogorska,7
28002,Kaštel Gomilica,28002,1813,Kaštela,1813,17,Splitsko-dalmatinska,17
28029,Kaštel Kambelovac,28029,1813,Kaštela,1813,17,Splitsko-dalmatinska,17
28037,Kaštel Lukšić,28037,1813,Kaštela,1813,17,Splitsko-dalmatinska,17
28045,Kaštel Novi,28045,1813,Kaštela,1813,17,Splitsko-dalmatinska,17
28053,Kaštel Stari,28053,1813,Kaštela,1813,17,Splitsko-dalmatinska,17
28061,Kaštel Sućurac,28061,1813,Kaštela,1813,17,Splitsko-dalmatinska,17
28070,Kaštel Štafilić,28070,1813,Kaštela,1813,17,Splitsko-dalmatinska,17
28088,Kaštel Žegarski,28088,2968,Obrovac,2968,13,Zadarska,13
28096,Kaštelanec,28096,1651,Jalžabet,1651,5,Varaždinska,5
28100,Kaštelir,28100,5975,Kaštelir - Labinci,5975,18,Istarska,18
28118,Katinac,28118,1058,Đulovac,1058,7,Bjelovarsko-bilogorska,7
28126,Katinka,28126,2453,Lukač,2453,10,Virovitičko-podravska,10
28134,Katinovac,28134,4570,Topusko,4570,3,Sisačko-moslavačka,3
28142,Katoličke Čaire,28142,2208,Kutina,2208,3,Sisačko-moslavačka,3
28169,Katoličko Selišće,28169,4774,Velika Ludina,4774,3,Sisačko-moslavačka,3
28177,Katoro,28177,4685,Umag,4685,18,Istarska,18
28185,Katun,28185,531,Crikvenica,531,8,Primorsko-goranska,8
28193,Katun,28193,3484,Poreč,3484,18,Istarska,18
28207,Katuni,28207,4430,Šestanovac,4430,17,Splitsko-dalmatinska,17
28215,Kavran,28215,2542,Marčana,2542,18,Istarska,18
76155,Kavrani,76155,388,Brod Moravice,388,8,Primorsko-goranska,8
28223,Kebel,28223,116,Bedekovčina,116,2,Krapinsko-zagorska,2
28231,Kegljevac,28231,4839,Veliko Trojstvo,4839,7,Bjelovarsko-bilogorska,7
28240,Keići,28240,1201,Generalski Stol,1201,4,Karlovačka,4
76609,Kelci,76594,4979,Višnjan,4979,18,Istarska,18
28258,Kelemen,28258,1651,Jalžabet,1651,5,Varaždinska,5
28266,Keleminovec,28266,4294,Sveti Ivan Zelina,4294,1,Zagrebačka,1
28274,Kelešinka,28274,3409,Podgorač,3409,14,Osječko-baranjska,14
28282,Kenđelovec,28282,4391,Sveti Ivan Žabno,4391,6,Koprivničko-križevačka,6
28304,Kepčije,28304,1023,Dvor,1023,3,Sisačko-moslavačka,3
28312,Kerestinec,28312,4367,Sveta Nedelja,4367,1,Zagrebačka,1
28339,Keseri,28339,3158,Ozalj,3158,4,Karlovačka,4
28347,Keserov Potok,28347,2160,Krnjak,2160,4,Karlovačka,4
28371,Kestenak,28371,78,Barilovići,78,4,Karlovačka,4
28380,Kestenje,28380,493,Cetingrad,493,4,Karlovačka,4
28355,Kestenovac,28355,841,Donji Lapac,841,9,Ličko-senjska,9
28363,Kestenovac,28363,5037,Vojnić,5037,4,Karlovačka,4
28398,Kešinci,28398,3867,Semeljci,3867,14,Osječko-baranjska,14
28401,Kičeri,28401,4880,Vinodolska Općina,4880,8,Primorsko-goranska,8
28410,Kihalac,28410,1210,Glina,1210,3,Sisačko-moslavačka,3
28428,Kijani,28428,1317,Gračac,1317,13,Zadarska,13
28436,Kijevo,28436,1830,Kijevo,1830,15,Šibensko-kninska,15
28444,Kik,28444,2402,Lovinac,2402,9,Ličko-senjska,9
28452,Kindrovo,28452,3387,Podcrkavlje,3387,12,Brodsko-posavska,12
28479,Kinjačka,28479,4260,Sunja,4260,3,Sisačko-moslavačka,3
28487,Kip,28487,3905,Sirač,3905,7,Bjelovarsko-bilogorska,7
28495,Kirin,28495,5100,Gvozd,5100,3,Sisačko-moslavačka,3
28509,Kirmenjak,28509,3484,Poreč,3484,18,Istarska,18
28517,Kistanje,28517,1848,Kistanje,1848,15,Šibensko-kninska,15
28525,Kitišanci,28525,167,Belišće,167,14,Osječko-baranjska,14
28533,Klada,28533,3875,Senj,3875,9,Ličko-senjska,9
28541,Kladare,28541,3328,Pitomača,3328,10,Virovitičko-podravska,10
28550,Kladari,28550,4260,Sunja,4260,3,Sisačko-moslavačka,3
28568,Kladešćica,28568,4294,Sveti Ivan Zelina,4294,1,Zagrebačka,1
28576,Kladje,28576,3808,Samobor,3808,1,Zagrebačka,1
28592,Kladnik,28592,5533,Kumrovec,5533,2,Krapinsko-zagorska,2
28584,Kladnjice,28584,5860,Lećevica,5860,17,Splitsko-dalmatinska,17
28606,Klakar,28606,1856,Klakar,1856,12,Brodsko-posavska,12
28614,Klake,28614,3808,Samobor,3808,1,Zagrebačka,1
28622,Klana,28622,1864,Klana,1864,8,Primorsko-goranska,8
28649,Klanac,28649,1309,Gospić,1309,9,Ličko-senjska,9
28657,Klanac,28657,5096,Vrbovsko,5096,8,Primorsko-goranska,8
28665,Klanac Perjasički,28665,4006,Slunj,4006,4,Karlovačka,4
28673,Klanice,28673,744,Dobrinj,744,8,Primorsko-goranska,8
28681,Klanjec,28681,1872,Klanjec,1872,2,Krapinsko-zagorska,2
28690,Klanječno,28690,701,Desinić,701,2,Krapinsko-zagorska,2
28703,Klarići,28703,434,Buzet,434,18,Istarska,18
28711,Klarići,28711,4880,Vinodolska Općina,4880,8,Primorsko-goranska,8
28720,Klašnjica,28720,4677,Udbina,4677,9,Ličko-senjska,9
28738,Klek,28738,3999,Slivno,3999,19,Dubrovačko-neretvanska,19
28746,Klenice,28746,3522,Pregrada,3522,2,Krapinsko-zagorska,2
28754,Klenovac,28754,3239,Perušić,3239,9,Ličko-senjska,9
28762,Klenovec Humski,28762,1520,Hum Na Sutli,1520,2,Krapinsko-zagorska,2
28789,Klenovica,28789,2909,Novi Vinodolski,2909,8,Primorsko-goranska,8
28797,Klenovnik,28797,1899,Klenovnik,1899,5,Varaždinska,5
28819,Klenovšćak,28819,2232,Lanišće,2232,18,Istarska,18
28827,Klepeće Selo,28827,388,Brod Moravice,388,8,Primorsko-goranska,8
28835,Kletište,28835,2208,Kutina,2208,3,Sisačko-moslavačka,3
28843,Klimen,28843,2003,Konjščina,2003,2,Krapinsko-zagorska,2
28851,Klimni,28851,5312,Žminj,5312,18,Istarska,18
28860,Klimno,28860,744,Dobrinj,744,8,Primorsko-goranska,8
28878,Klinac,28878,3280,Petrinja,3280,3,Sisačko-moslavačka,3
28886,Klinča Sela,28886,1902,Klinča Sela,1902,1,Zagrebačka,1
28894,Klipino Brdo,28894,1791,Karlovac,1791,4,Karlovačka,4
28908,Klis,28908,1929,Klis,1929,17,Splitsko-dalmatinska,17
28916,Klisa,28916,2313,Lipik,2313,11,Požeško-slavonska,11
28924,Klisa,28924,3123,Osijek,3123,14,Osječko-baranjska,14
28932,Klisa,28932,4758,Velika,4758,11,Požeško-slavonska,11
28959,Kliševo,28959,981,Dubrovnik,981,19,Dubrovačko-neretvanska,19
29114,Kljaić Brdo,29114,1791,Karlovac,1791,4,Karlovačka,4
29122,Kljake,29122,3778,Ružić,3778,15,Šibensko-kninska,15
29149,Kljenak,29149,5118,Vrgorac,5118,17,Splitsko-dalmatinska,17
29157,Ključ,29157,957,Drniš,957,15,Šibensko-kninska,15
29165,Ključ,29165,2895,Novi Marof,2895,5,Varaždinska,5
29173,Ključ Brdovečki,29173,345,Brdovec,345,1,Zagrebačka,1
29181,Ključar,29181,5037,Vojnić,5037,4,Karlovačka,4
29190,Ključić Brdo,29190,5410,Velika Gorica,5410,1,Zagrebačka,1
28967,Klobučak,28967,3913,Sisak,3913,3,Sisačko-moslavačka,3
28975,Klokoč,28975,5037,Vojnić,5037,4,Karlovačka,4
28983,Klokočevac,28983,248,Bjelovar,248,7,Bjelovarsko-bilogorska,7
29009,Klokočevci,29009,1066,Đurđenovac,1066,14,Osječko-baranjska,14
28991,Klokočevec Samoborski,28991,3808,Samobor,3808,1,Zagrebačka,1
29017,Klokočevik,29017,1180,Garčin,1180,12,Brodsko-posavska,12
29025,Klokovec,29025,2127,Krapinske Toplice,2127,2,Krapinsko-zagorska,2
75809,Kloštar,75809,3786,Saborsko,3786,4,Karlovačka,4
29033,Kloštar,29033,4316,Sveti Lovreč,4316,18,Istarska,18
29041,Kloštar Ivanić,29041,1937,Kloštar Ivanić,1937,1,Zagrebačka,1
29050,Kloštar Podravski,29050,1945,Kloštar Podravski,1945,6,Koprivničko-križevačka,6
29068,Kloštar Šiljevički,29068,531,Crikvenica,531,8,Primorsko-goranska,8
29076,Kloštar Vojakovački,29076,2143,Križevci,2143,6,Koprivničko-križevačka,6
29084,Klupci,29084,2127,Krapinske Toplice,2127,2,Krapinsko-zagorska,2
29092,Klupci Začretski,29092,4308,Sveti Križ Začretje,4308,2,Krapinsko-zagorska,2
29106,Klupica,29106,5037,Vojnić,5037,4,Karlovačka,4
29203,Kmeti,29203,4685,Umag,4685,18,Istarska,18
29211,Knapić,29211,1562,Ivanec,1562,5,Varaždinska,5
29220,Knapići,29220,4316,Sveti Lovreč,4316,18,Istarska,18
29238,Knez Gorica,29238,1791,Karlovac,1791,4,Karlovačka,4
29246,Knezovec,29246,6084,Šenkovec,6084,20,Međimurska,20
29254,Knezovljani,29254,833,Donji Kukuruzari,833,3,Sisačko-moslavačka,3
29262,Knežci,29262,3344,Pleternica,3344,11,Požeško-slavonska,11
29289,Kneževac,29289,582,Čaglin,582,11,Požeško-slavonska,11
29297,Kneževi Vinogradi,29297,1953,Kneževi Vinogradi,1953,14,Osječko-baranjska,14
29319,Knežević Kosa,29319,5037,Vojnić,5037,4,Karlovačka,4
29327,Kneževo,29327,3468,Popovac,3468,14,Osječko-baranjska,14
75108,Knežica,75108,981,Dubrovnik,981,19,Dubrovačko-neretvanska,19
29335,Knin,29335,1961,Knin,1961,15,Šibensko-kninska,15
29343,Kninsko Polje,29343,1961,Knin,1961,15,Šibensko-kninska,15
29351,Kobasičari,29351,1767,Kapela,1767,7,Bjelovarsko-bilogorska,7
29378,Kobilić,29378,5410,Velika Gorica,5410,1,Zagrebačka,1
29360,Kobilić Pokupski,29360,1791,Karlovac,1791,4,Karlovačka,4
29386,Kobiljača,29386,3433,Pojezerje,3433,19,Dubrovačko-neretvanska,19
29394,Kobiljak,29394,1023,Dvor,1023,3,Sisačko-moslavačka,3
29408,Kocijani,29408,388,Brod Moravice,388,8,Primorsko-goranska,8
29416,Kočičin,29416,698,Delnice,698,8,Primorsko-goranska,8
29424,Kočići,29424,4979,Višnjan,4979,18,Istarska,18
29432,Kohanjac,29432,5304,Žakanje,5304,4,Karlovačka,4
29459,Kokanj,29459,4880,Vinodolska Općina,4880,8,Primorsko-goranska,8
29467,Kokinac,29467,248,Bjelovar,248,7,Bjelovarsko-bilogorska,7
29475,Kokirevo,29475,5037,Vojnić,5037,4,Karlovačka,4
29483,Kokočak,29483,3077,Orahovica,3077,10,Virovitičko-podravska,10
29491,Kokorići,29491,5118,Vrgorac,5118,17,Splitsko-dalmatinska,17
29505,Kolan,29505,3166,Pag,3166,13,Zadarska,13
29513,Kolarec,29513,4421,Sveti Petar Orehovec,4421,6,Koprivničko-križevačka,6
29521,Kolarevo Selo,29521,1619,Ivanska,1619,7,Bjelovarsko-bilogorska,7
29530,Kolarić,29530,5037,Vojnić,5037,4,Karlovačka,4
29548,Kolarina,29548,175,Benkovac,175,13,Zadarska,13
29556,Kolarovec,29556,485,Cestica,485,5,Varaždinska,5
29564,Kolašac,29564,1848,Kistanje,1848,15,Šibensko-kninska,15
29572,Koledinec,29572,3662,Rasinja,3662,6,Koprivničko-križevačka,6
29599,Kolenica,29599,5363,Rakovec,5363,1,Zagrebačka,1
29602,Kolenovac,29602,2810,Netretić,2810,4,Karlovačka,4
29645,Koljane,29645,5134,Vrlika,5134,17,Splitsko-dalmatinska,17
29629,Koločep,29629,981,Dubrovnik,981,19,Dubrovačko-neretvanska,19
29637,Kolumbera,29637,4979,Višnjan,4979,18,Istarska,18
29653,Kom,29653,1317,Gračac,1317,13,Zadarska,13
29661,Komaji,29661,1988,Konavle,1988,19,Dubrovačko-neretvanska,19
29670,Komarna,29670,3999,Slivno,3999,19,Dubrovačko-neretvanska,19
29688,Komarnica,29688,4189,Staro Petrovo Selo,4189,12,Brodsko-posavska,12
29696,Komarnica Ludbreška,29696,4375,Sveti Đurđ,4375,5,Varaždinska,5
29700,Komarovci,29700,1775,Kaptol,1775,11,Požeško-slavonska,11
29718,Komatnica,29718,3247,Peteranec,3247,6,Koprivničko-križevačka,6
29726,Komazeci,29726,2968,Obrovac,2968,13,Zadarska,13
29734,Komesarac,29734,493,Cetingrad,493,4,Karlovačka,4
29742,Kometnik-Jorgići,29742,4995,Voćin,4995,10,Virovitičko-podravska,10
29769,Kometnik-Zubići,29769,4995,Voćin,4995,10,Virovitičko-podravska,10
29777,Komić,29777,4677,Udbina,4677,9,Ličko-senjska,9
29785,Komin,29785,3352,Ploče,3352,19,Dubrovačko-neretvanska,19
29793,Komin,29793,4294,Sveti Ivan Zelina,4294,1,Zagrebačka,1
29807,Komiža,29807,1970,Komiža,1970,17,Splitsko-dalmatinska,17
29815,Komlenići,29815,5096,Vrbovsko,5096,8,Primorsko-goranska,8
29823,Komletinci,29823,5355,Otok (Vinkovci),5355,16,Vukovarsko-srijemska,16
29831,Komogovina,29831,833,Donji Kukuruzari,833,3,Sisačko-moslavačka,3
75116,Komolac,75116,981,Dubrovnik,981,19,Dubrovačko-neretvanska,19
29840,Komor Začretski,29840,4308,Sveti Križ Začretje,4308,2,Krapinsko-zagorska,2
29858,Komora,29858,1023,Dvor,1023,3,Sisačko-moslavačka,3
29866,Komorica,29866,3344,Pleternica,3344,11,Požeško-slavonska,11
29874,Kompanj,29874,434,Buzet,434,18,Istarska,18
29882,Kompator,29882,4774,Velika Ludina,4774,3,Sisačko-moslavačka,3
29904,Kompolje,29904,3131,Otočac,3131,9,Ličko-senjska,9
29912,Kompolje Koreničko,29912,4553,Plitvička Jezera,4553,9,Ličko-senjska,9
29939,Komuševac,29939,639,Čazma,639,7,Bjelovarsko-bilogorska,7
29947,Komušina,29947,3514,Požega,3514,11,Požeško-slavonska,11
29955,Konak,29955,5088,Vrbovec,5088,1,Zagrebačka,1
29963,Končanica,29963,1996,Končanica,1996,7,Bjelovarsko-bilogorska,7
29971,Končarev Kraj,29971,4553,Plitvička Jezera,4553,9,Ličko-senjska,9
29980,Kondrić,29980,4618,Trnava,4618,14,Osječko-baranjska,14
30023,Konjarić Vrh,30023,5339,Krašić,5339,1,Zagrebačka,1
30031,Konjevrate,30031,4448,Šibenik,4448,15,Šibensko-kninska,15
30040,Konjkovsko,30040,1791,Karlovac,1791,4,Karlovačka,4
30058,Konjsko,30058,1783,Karlobag,1783,9,Ličko-senjska,9
30066,Konjsko,30066,1929,Klis,1929,17,Splitsko-dalmatinska,17
30074,Konjsko Brdo,30074,3239,Perušić,3239,9,Ličko-senjska,9
30082,Konjščina,30082,2003,Konjščina,2003,2,Krapinsko-zagorska,2
29998,Konšćani,29998,2135,Križ,2135,1,Zagrebačka,1
30007,Konšćica,30007,3808,Samobor,3808,1,Zagrebačka,1
30015,Kontešići,30015,4316,Sveti Lovreč,4316,18,Istarska,18
30104,Kopačevo,30104,213,Bilje,213,14,Osječko-baranjska,14
30112,Kopčevec,30112,1015,Dugo Selo,1015,1,Zagrebačka,1
30139,Koprivna,30139,353,Brestovac,353,11,Požeško-slavonska,11
30147,Koprivna,30147,6149,Šodolovci,6149,14,Osječko-baranjska,14
30155,Koprivnica,30155,2011,Koprivnica,2011,6,Koprivničko-križevačka,6
30163,Koprivnica,30163,3344,Pleternica,3344,11,Požeško-slavonska,11
30171,Koprivnica Zagorska,30171,1082,Đurmanec,1082,2,Krapinsko-zagorska,2
30180,Koprivnički Bregi,30180,2020,Koprivnički Bregi,2020,6,Koprivničko-križevačka,6
30198,Koprivnički Ivanec,30198,2038,Koprivnički Ivanec,2038,6,Koprivničko-križevačka,6
30201,Koprivno,30201,5851,Dugopolje,5851,17,Splitsko-dalmatinska,17
30210,Koprno,30210,4693,Unešić,4693,15,Šibensko-kninska,15
30228,Korana,30228,4553,Plitvička Jezera,4553,9,Ličko-senjska,9
30236,Korana,30236,3654,Rakovica,3654,4,Karlovačka,4
30244,Koranska Strana,30244,78,Barilovići,78,4,Karlovačka,4
30252,Koranski Brijeg,30252,78,Barilovići,78,4,Karlovačka,4
30279,Koranski Lug,30279,3654,Rakovica,3654,4,Karlovačka,4
30287,Koransko Selo,30287,78,Barilovići,78,4,Karlovačka,4
30295,Korčula,30295,2046,Korčula,2046,19,Dubrovačko-neretvanska,19
30309,Kordići Žumberački,30309,5401,Žumberak,5401,1,Zagrebačka,1
30317,Kordunski Ljeskovac,30317,3654,Rakovica,3654,4,Karlovačka,4
30325,Korduševci,30325,5673,Bukovlje,5673,12,Brodsko-posavska,12
30333,Korelići,30333,477,Cerovlje,477,18,Istarska,18
64785,Korenica,64785,4553,Plitvička Jezera,4553,9,Ličko-senjska,9
30341,Koreničani,30341,1058,Đulovac,1058,7,Bjelovarsko-bilogorska,7
30350,Korenić Brdo,30350,302,Bosiljevo,302,4,Karlovačka,4
30368,Korenići,30368,1759,Kanfanar,1759,18,Istarska,18
30376,Korenjak,30376,2607,Maruševec,2607,5,Varaždinska,5
30384,Koretinec,30384,2607,Maruševec,2607,5,Varaždinska,5
30392,Korija,30392,4910,Virovitica,4910,10,Virovitičko-podravska,10
30406,Korita,30406,2313,Lipik,2313,11,Požeško-slavonska,11
30414,Korita,30414,2682,Mljet,2682,19,Dubrovačko-neretvanska,19
30422,Korita,30422,3140,Otok,3140,17,Splitsko-dalmatinska,17
30449,Korita,30449,3654,Rakovica,3654,4,Karlovačka,4
30457,Koritinja,30457,1791,Karlovac,1791,4,Karlovačka,4
30465,Koritna,30465,973,Dubrava,973,1,Zagrebačka,1
30473,Koritna,30473,3867,Semeljci,3867,14,Osječko-baranjska,14
30481,Korlat,30481,175,Benkovac,175,13,Zadarska,13
30490,Korlevići,30490,4979,Višnjan,4979,18,Istarska,18
30503,Kornati,30503,4545,Tisno,4545,15,Šibensko-kninska,15
30511,Kornić,30511,2151,Krk,2151,8,Primorsko-goranska,8
30520,Korog,30520,4588,Tordinci,4588,16,Vukovarsko-srijemska,16
30538,Koromačno,30538,3689,Raša,3689,18,Istarska,18
30546,Koromani,30546,60,Barban,60,18,Istarska,18
30554,Korušce,30554,1929,Klis,1929,17,Splitsko-dalmatinska,17
30562,Kosa,30562,4006,Slunj,4006,4,Karlovačka,4
30589,Kosa Janjačka,30589,3239,Perušić,3239,9,Ličko-senjska,9
30597,Kosavin,30597,4880,Vinodolska Općina,4880,8,Primorsko-goranska,8
30619,Kosi,30619,4952,Viškovo,4952,8,Primorsko-goranska,8
30627,Kosica Skradska,30627,3697,Ravna Gora,3697,8,Primorsko-goranska,8
30635,Kosijer Selo,30635,4006,Slunj,4006,4,Karlovačka,4
30643,Kosijersko Selo,30643,78,Barilovići,78,4,Karlovačka,4
30651,Kosinožići,30651,3484,Poreč,3484,18,Istarska,18
30660,Kosna,30660,1023,Dvor,1023,3,Sisačko-moslavačka,3
30678,Kosore,30678,5134,Vrlika,5134,17,Splitsko-dalmatinska,17
30686,Kosoriga,30686,434,Buzet,434,18,Istarska,18
30694,Kosovac,30694,1279,Gornji Bogićevci,1279,12,Brodsko-posavska,12
30708,Kosovečko,30708,2003,Konjščina,2003,2,Krapinsko-zagorska,2
30716,Kostadinovac,30716,2143,Križevci,2143,6,Koprivničko-križevačka,6
30724,Kostajnički Majur,30724,5550,Majur,5550,3,Sisačko-moslavačka,3
30732,Kostanj,30732,973,Dubrava,973,1,Zagrebačka,1
30759,Kostanje,30759,3000,Omiš,3000,17,Splitsko-dalmatinska,17
30767,Kostanjevac,30767,183,Berek,183,7,Bjelovarsko-bilogorska,7
30775,Kostanjevac,30775,5401,Žumberak,5401,1,Zagrebačka,1
30783,Kostanjevec Podvrški,30783,3808,Samobor,3808,1,Zagrebačka,1
30791,Kostanjevec Riječki,30791,4421,Sveti Petar Orehovec,4421,6,Koprivničko-križevačka,6
30805,Kostanjica,30805,1384,Grožnjan,1384,18,Istarska,18
30813,Kostel,30813,3522,Pregrada,3522,2,Krapinsko-zagorska,2
30821,Kostel Pribićki,30821,5339,Krašić,5339,1,Zagrebačka,1
30848,Kostelj,30848,4880,Vinodolska Općina,4880,8,Primorsko-goranska,8
30830,Kostelsko,30830,3522,Pregrada,3522,2,Krapinsko-zagorska,2
30856,Kostrčani,30856,2178,Kršan,2178,18,Istarska,18
76252,Kostrena,76252,5380,Kostrena,5380,8,Primorsko-goranska,8
75558,Kostrena Sveta Barbara,75558,5380,Kostrena,5380,8,Primorsko-goranska,8
75540,Kostrena Sveta Lucija,75540,5380,Kostrena,5380,8,Primorsko-goranska,8
30864,Kostreši Bjelovački,30864,833,Donji Kukuruzari,833,3,Sisačko-moslavačka,3
30872,Kostreši Šaški,30872,4260,Sunja,4260,3,Sisačko-moslavačka,3
30899,Kostrići,30899,5550,Majur,5550,3,Sisačko-moslavačka,3
30902,Koška,30902,2054,Koška,2054,14,Osječko-baranjska,14
30929,Koškovec,30929,2607,Maruševec,2607,5,Varaždinska,5
30937,Košljun,30937,3166,Pag,3166,13,Zadarska,13
30945,Košnica,30945,701,Desinić,701,2,Krapinsko-zagorska,2
30953,Košutarica,30953,1686,Jasenovac,1686,3,Sisačko-moslavačka,3
30961,Košute,30961,4600,Trilj,4600,17,Splitsko-dalmatinska,17
30970,Košutići,30970,4979,Višnjan,4979,18,Istarska,18
30988,Kotarani,30988,1023,Dvor,1023,3,Sisačko-moslavačka,3
30996,Kotari,30996,3808,Samobor,3808,1,Zagrebačka,1
31003,Kotarice,31003,4308,Sveti Križ Začretje,4308,2,Krapinsko-zagorska,2
31011,Kotezi,31011,5118,Vrgorac,5118,17,Splitsko-dalmatinska,17
31020,Kotlenice,31020,5851,Dugopolje,5851,17,Splitsko-dalmatinska,17
31038,Kotli,31038,434,Buzet,434,18,Istarska,18
31046,Kotlina,31046,1953,Kneževi Vinogradi,1953,14,Osječko-baranjska,14
31054,Kotor,31054,531,Crikvenica,531,8,Primorsko-goranska,8
31062,Kotoriba,31062,2062,Kotoriba,2062,20,Međimurska,20
31089,Koturić,31089,3182,Pakrac,3182,11,Požeško-slavonska,11
31097,Kovačevac,31097,2313,Lipik,2313,11,Požeško-slavonska,11
31119,Kovačevac,31119,2844,Nova Gradiška,2844,12,Brodsko-posavska,12
31127,Kovačevac,31127,3751,Rovišće,3751,7,Bjelovarsko-bilogorska,7
31135,Kovači,31135,5975,Kaštelir - Labinci,5975,18,Istarska,18
31143,Kovačić,31143,1961,Knin,1961,15,Šibensko-kninska,15
31151,Kozalj Vrh,31151,990,Duga Resa,990,4,Karlovačka,4
31160,Kozaperovica,31160,1210,Glina,1210,3,Sisačko-moslavačka,3
31178,Kozarac,31178,647,Čeminac,647,14,Osječko-baranjska,14
31186,Kozarac,31186,5100,Gvozd,5100,3,Sisačko-moslavačka,3
31194,Kozarevac,31194,1945,Kloštar Podravski,1945,6,Koprivničko-križevačka,6
31208,Kozarevac Račanski,31208,2879,Nova Rača,2879,7,Bjelovarsko-bilogorska,7
31216,Kozarica,31216,2682,Mljet,2682,19,Dubrovačko-neretvanska,19
31224,Kozarice,31224,2933,Novska,2933,3,Sisačko-moslavačka,3
31232,Kozibrod,31232,1023,Dvor,1023,3,Sisačko-moslavačka,3
31259,Kozica,31259,5118,Vrgorac,5118,17,Splitsko-dalmatinska,17
31267,Kozice,31267,3956,Slatina,3956,10,Virovitičko-podravska,10
31275,Kozinščak,31275,1015,Dugo Selo,1015,1,Zagrebačka,1
31283,Kozjača,31283,5410,Velika Gorica,5410,1,Zagrebačka,1
31291,Kozjak,31291,213,Bilje,213,14,Osječko-baranjska,14
31305,Kozjak Začretski,31305,4308,Sveti Križ Začretje,4308,2,Krapinsko-zagorska,2
31313,Kozjan,31313,4553,Plitvička Jezera,4553,9,Ličko-senjska,9
31321,Kozji Vrh,31321,558,Čabar,558,8,Primorsko-goranska,8
31330,Kozlikovo,31330,1902,Klinča Sela,1902,1,Zagrebačka,1
31356,Kožino,31356,5207,Zadar,5207,13,Zadarska,13
31348,Kožljak,31348,2178,Kršan,2178,18,Istarska,18
31372,Kožljani,31372,60,Barban,60,18,Istarska,18
31364,Kožlovac,31364,175,Benkovac,175,13,Zadarska,13
31399,Kračevec,31399,4936,Visoko,4936,5,Varaždinska,5
31402,Kraguj,31402,3182,Pakrac,3182,11,Požeško-slavonska,11
31437,Kraj,31437,728,Dicmo,728,17,Splitsko-dalmatinska,17
31429,Kraj,31429,3204,Pašman,3204,13,Zadarska,13
31445,Kraj Donji,31445,5398,Marija Gorica,5398,1,Zagrebačka,1
31453,Kraj Drage,31453,4324,Sveta Nedelja,4324,18,Istarska,18
74918,Kraj Gornji,74918,5495,Dubravica,5495,1,Zagrebačka,1
74900,Kraj Gornji,74900,5398,Marija Gorica,5398,1,Zagrebačka,1
31470,Krajačići,31470,396,Brodski Stupnik,396,12,Brodsko-posavska,12
31488,Krajcar Breg,31488,5312,Žminj,5312,18,Istarska,18
31496,Krajići,31496,3042,Oprtalj,3042,18,Istarska,18
31500,Krajiška Kutinica,31500,2208,Kutina,2208,3,Sisačko-moslavačka,3
31518,Krajna,31518,566,Čačinci,566,10,Virovitičko-podravska,10
31526,Krajska Ves,31526,5487,Luka,5487,1,Zagrebačka,1
31542,Kraljev Vrh,31542,558,Čabar,558,8,Primorsko-goranska,8
31569,Kraljev Vrh,31569,1635,Jakovlje,1635,1,Zagrebačka,1
31577,Kraljev Vrh,31577,3565,Preseka,3565,1,Zagrebačka,1
31585,Kraljeva Velika,31585,2321,Lipovljani,2321,3,Sisačko-moslavačka,3
31593,Kraljevac,31593,3751,Rovišće,3751,7,Bjelovarsko-bilogorska,7
31607,Kraljevčani,31607,3280,Petrinja,3280,3,Sisačko-moslavačka,3
31615,Kraljevec Na Sutli,31615,2089,Kraljevec Na Sutli,2089,2,Krapinsko-zagorska,2
31623,Kraljevec Radobojski,31623,3646,Radoboj,3646,2,Krapinsko-zagorska,2
31631,Kraljevec Šemnički,31631,3646,Radoboj,3646,2,Krapinsko-zagorska,2
31640,Kraljevica,31640,2097,Kraljevica,2097,8,Primorsko-goranska,8
31658,Kraljevo Selo,31658,302,Bosiljevo,302,4,Karlovačka,4
31674,Krančići,31674,5975,Kaštelir - Labinci,5975,18,Istarska,18
31682,Kranjci,31682,558,Čabar,558,8,Primorsko-goranska,8
31704,Kranjci,31704,2224,Labin,2224,18,Istarska,18
31666,Kranjčići,31666,4359,Svetvinčenat,4359,18,Istarska,18
31712,Krapan,31712,3689,Raša,3689,18,Istarska,18
31739,Krapanj,31739,4448,Šibenik,4448,15,Šibensko-kninska,15
31747,Krapina,31747,2119,Krapina,2119,2,Krapinsko-zagorska,2
31755,Krapina Selo,31755,2003,Konjščina,2003,2,Krapinsko-zagorska,2
31763,Krapinica,31763,418,Budinščina,418,2,Krapinsko-zagorska,2
31771,Krapinske Toplice,31771,2127,Krapinske Toplice,2127,2,Krapinsko-zagorska,2
31780,Krapje,31780,1686,Jasenovac,1686,3,Sisačko-moslavačka,3
31801,Kras,31801,434,Buzet,434,18,Istarska,18
31798,Kras,31798,744,Dobrinj,744,8,Primorsko-goranska,8
31810,Krasica,31810,43,Bakar,43,8,Primorsko-goranska,8
31828,Krasica,31828,426,Buje,426,18,Istarska,18
31836,Krasković,31836,566,Čačinci,566,10,Virovitičko-podravska,10
31844,Krasno Polje,31844,3875,Senj,3875,9,Ličko-senjska,9
31852,Krašić,31852,5339,Krašić,5339,1,Zagrebačka,1
31879,Kratečko,31879,3913,Sisak,3913,3,Sisačko-moslavačka,3
31887,Kravarsko,31887,5452,Kravarsko,5452,1,Zagrebačka,1
31895,Kravljak,31895,1058,Đulovac,1058,7,Bjelovarsko-bilogorska,7
31909,Kravljak,31909,3808,Samobor,3808,1,Zagrebačka,1
31917,Krbava,31917,4677,Udbina,4677,9,Ličko-senjska,9
31925,Krbavčići,31925,434,Buzet,434,18,Istarska,18
31933,Krbavica,31933,4553,Plitvička Jezera,4553,9,Ličko-senjska,9
31941,Krbune,31941,3301,Pićan,3301,18,Istarska,18
31950,Krculi,31950,5312,Žminj,5312,18,Istarska,18
31968,Krč,31968,2895,Novi Marof,2895,5,Varaždinska,5
31976,Krč Bosiljevski,31976,302,Bosiljevo,302,4,Karlovačka,4
31984,Krčenik,31984,2712,Podravska Moslavina,2712,14,Osječko-baranjska,14
31992,Krčevina,31992,1066,Đurđenovac,1066,14,Osječko-baranjska,14
32000,Krečaves,32000,4294,Sveti Ivan Zelina,4294,1,Zagrebačka,1
76074,Kremena,76074,3999,Slivno,3999,19,Dubrovačko-neretvanska,19
32018,Kremenići,32018,2534,Malinska-Dubašnica,2534,8,Primorsko-goranska,8
32026,Kresini,32026,5312,Žminj,5312,18,Istarska,18
32034,Kreševo,32034,4430,Šestanovac,4430,17,Splitsko-dalmatinska,17
32042,Kreštelovac,32042,710,Dežanovac,710,7,Bjelovarsko-bilogorska,7
32069,Kričina,32069,4880,Vinodolska Općina,4880,8,Primorsko-goranska,8
32077,Kričke,32077,957,Drniš,957,15,Šibensko-kninska,15
32085,Kričke,32085,2933,Novska,2933,3,Sisačko-moslavačka,3
32093,Kričke,32093,3182,Pakrac,3182,11,Požeško-slavonska,11
32107,Kringa,32107,4537,Tinjan,4537,18,Istarska,18
32352,Krišci,32352,1937,Kloštar Ivanić,1937,1,Zagrebačka,1
32115,Krištanovec,32115,604,Čakovec,604,20,Međimurska,20
32123,Krivac,32123,698,Delnice,698,8,Primorsko-goranska,8
32131,Krivaj,32131,2321,Lipovljani,2321,3,Sisačko-moslavačka,3
32140,Krivaj,32140,3514,Požega,3514,11,Požeško-slavonska,11
32158,Krivaj Sunjski,32158,4260,Sunja,4260,3,Sisačko-moslavačka,3
32166,Krivaja,32166,183,Berek,183,7,Bjelovarsko-bilogorska,7
32174,Krivaja Pustara,32174,540,Crnac,540,10,Virovitičko-podravska,10
32182,Krivaja Vojnićka,32182,5037,Vojnić,5037,4,Karlovačka,4
32204,Krivi Put,32204,3875,Senj,3875,9,Ličko-senjska,9
32212,Krivodol,32212,3379,Podbablje,3379,17,Splitsko-dalmatinska,17
32239,Krivodol,32239,4600,Trilj,4600,17,Splitsko-dalmatinska,17
32247,Križ,32247,2135,Križ,2135,1,Zagrebačka,1
32263,Križ Gornji,32263,5665,Zrinski Topolovac,5665,7,Bjelovarsko-bilogorska,7
32271,Križ Hastovački,32271,3280,Petrinja,3280,3,Sisačko-moslavačka,3
32280,Križ Kamenica,32280,370,Brinje,370,9,Ličko-senjska,9
32298,Križ Koranski,32298,78,Barilovići,78,4,Karlovačka,4
32301,Križanci,32301,5312,Žminj,5312,18,Istarska,18
32310,Križanče,32310,116,Bedekovčina,116,2,Krapinsko-zagorska,2
32328,Križanče,32328,485,Cestica,485,5,Varaždinska,5
32344,Križanec,32344,4383,Sveti Ilija,4383,5,Varaždinska,5
32379,Križevci,32379,2143,Križevci,2143,6,Koprivničko-križevačka,6
32387,Križevčec,32387,4294,Sveti Ivan Zelina,4294,1,Zagrebačka,1
32395,Križic,32395,1619,Ivanska,1619,7,Bjelovarsko-bilogorska,7
32409,Križine,32409,4685,Umag,4685,18,Istarska,18
32417,Križišće,32417,2097,Kraljevica,2097,8,Primorsko-goranska,8
32425,Križnica,32425,3328,Pitomača,3328,10,Virovitičko-podravska,10
32433,Križovec,32433,2763,Mursko Središće,2763,20,Međimurska,20
32441,Križovljan,32441,850,Donji Martijanec,850,5,Varaždinska,5
32450,Križovljan Radovečki,32450,485,Cestica,485,5,Varaždinska,5
32468,Križpolje,32468,370,Brinje,370,9,Ličko-senjska,9
32476,Krk,32476,2151,Krk,2151,8,Primorsko-goranska,8
32484,Krkač,32484,5088,Vrbovec,5088,1,Zagrebačka,1
32492,Krkanec,32492,4847,Vidovec,4847,5,Varaždinska,5
32506,Krković,32506,3948,Skradin,3948,15,Šibensko-kninska,15
32514,Krkuž,32514,434,Buzet,434,18,Istarska,18
32549,Krmed,32549,51,Bale,51,18,Istarska,18
32557,Krmpotske Vodice,32557,2909,Novi Vinodolski,2909,8,Primorsko-goranska,8
32565,Krndija,32565,3611,Punitovci,3611,14,Osječko-baranjska,14
32573,Krneza,32573,3719,Ražanac,3719,13,Zadarska,13
32581,Krnežići,32581,5339,Krašić,5339,1,Zagrebačka,1
32590,Krnica,32590,2542,Marčana,2542,18,Istarska,18
32603,Krničari,32603,5312,Žminj,5312,18,Istarska,18
32611,Krnjak,32611,2160,Krnjak,2160,4,Karlovačka,4
32620,Krnjeuve,32620,1848,Kistanje,1848,15,Šibensko-kninska,15
32638,Kropinjak,32638,2232,Lanišće,2232,18,Istarska,18
32646,Krstatice,32646,5223,Zagvozd,5223,17,Splitsko-dalmatinska,17
32654,Krstinja,32654,5037,Vojnić,5037,4,Karlovačka,4
32662,Krš,32662,3239,Perušić,3239,9,Ličko-senjska,9
32689,Kršan,32689,2178,Kršan,2178,18,Istarska,18
32697,Kršanci,32697,5312,Žminj,5312,18,Istarska,18
32719,Krščenovec,32719,1511,Breznički Hum,1511,5,Varaždinska,5
32727,Kršete,32727,426,Buje,426,18,Istarska,18
32735,Kršikla,32735,3212,Pazin,3212,18,Istarska,18
32743,Kršinci,32743,3409,Podgorač,3409,14,Osječko-baranjska,14
32751,Kršuli,32751,4316,Sveti Lovreč,4316,18,Istarska,18
32760,Krti,32760,434,Buzet,434,18,Istarska,18
76139,Kručica,76139,5983,Dubrovačko Primorje,5983,19,Dubrovačko-neretvanska,19
32778,Kruge,32778,841,Donji Lapac,841,9,Ličko-senjska,9
32786,Krunčići,32786,4316,Sveti Lovreč,4316,18,Istarska,18
32794,Krunoslavje,32794,4855,Viljevo,4855,14,Osječko-baranjska,14
32808,Krupa,32808,2968,Obrovac,2968,13,Zadarska,13
32816,Krupače,32816,5339,Krašić,5339,1,Zagrebačka,1
32824,Kruščica,32824,1309,Gospić,1309,9,Ličko-senjska,9
32832,Kruševica,32832,3972,Slavonski Šamac,3972,12,Brodsko-posavska,12
32875,Kruševo,32875,353,Brestovac,353,11,Požeško-slavonska,11
32859,Kruševo,32859,2968,Obrovac,2968,13,Zadarska,13
32867,Kruševo,32867,3573,Primošten,3573,15,Šibensko-kninska,15
32883,Kruškovac,32883,1309,Gospić,1309,9,Ličko-senjska,9
32891,Kruškovača,32891,493,Cetingrad,493,4,Karlovačka,4
32905,Krušljevec,32905,3565,Preseka,3565,1,Zagrebačka,1
32913,Krušljevec,32913,4383,Sveti Ilija,4383,5,Varaždinska,5
32921,Krušljevo Selo,32921,3115,Oroslavje,3115,2,Krapinsko-zagorska,2
32930,Krušvar,32930,728,Dicmo,728,17,Splitsko-dalmatinska,17
32948,Krušvari,32948,434,Buzet,434,18,Istarska,18
32956,Krvavac,32956,2194,Kula Norinska,2194,19,Dubrovačko-neretvanska,19
32964,Krvavac II,32964,2194,Kula Norinska,2194,19,Dubrovačko-neretvanska,19
32972,Krvavica,32972,94,Baška Voda,94,17,Splitsko-dalmatinska,17
32999,Kuberton,32999,1384,Grožnjan,1384,18,Istarska,18
33138,Kučari,33138,2143,Križevci,2143,6,Koprivničko-križevačka,6
33014,Kuče,33014,5410,Velika Gorica,5410,1,Zagrebačka,1
33022,Kučeli,33022,2615,Matulji,2615,8,Primorsko-goranska,8
33049,Kučer,33049,5339,Krašić,5339,1,Zagrebačka,1
33154,Kučevice,33154,2810,Netretić,2810,4,Karlovačka,4
33057,Kučiće,33057,3000,Omiš,3000,17,Splitsko-dalmatinska,17
33065,Kučilovina,33065,1333,Grad Zagreb,1333,22,Grad Zagreb,22
33189,Kučine,33189,4065,Solin,4065,17,Splitsko-dalmatinska,17
33073,Kučište,33073,3085,Orebić,3085,19,Dubrovačko-neretvanska,19
33081,Kućan Ludbreški,33081,2445,Ludbreg,2445,5,Varaždinska,5
33090,Kućan Marof,33090,4723,Varaždin,4723,5,Varaždinska,5
33103,Kućanci,33103,5789,Magadenovac,5789,14,Osječko-baranjska,14
33111,Kućanci Đakovački,33111,949,Drenje,949,14,Osječko-baranjska,14
33120,Kućanec,33120,1333,Grad Zagreb,1333,22,Grad Zagreb,22
33146,Kućari,33146,5088,Vrbovec,5088,1,Zagrebačka,1
33162,Kućibreg,33162,426,Buje,426,18,Istarska,18
33197,Kućišta Cesarička,33197,1783,Karlobag,1783,9,Ličko-senjska,9
33219,Kujići,33219,2542,Marčana,2542,18,Istarska,18
33227,Kujnik,33227,353,Brestovac,353,11,Požeško-slavonska,11
33235,Kujnik,33235,3093,Oriovac,3093,12,Brodsko-posavska,12
33243,Kuk,33243,493,Cetingrad,493,4,Karlovačka,4
33251,Kukci,33251,3484,Poreč,3484,18,Istarska,18
33260,Kukljica,33260,5720,Kukljica,5720,13,Zadarska,13
33278,Kukljić,33278,1309,Gospić,1309,9,Ličko-senjska,9
33286,Kukuljani,33286,1708,Jelenje,1708,8,Primorsko-goranska,8
33294,Kukuljanovo,33294,43,Bakar,43,8,Primorsko-goranska,8
33308,Kukunjevac,33308,2313,Lipik,2313,11,Požeško-slavonska,11
33316,Kukurini,33316,3301,Pićan,3301,18,Istarska,18
33324,Kula,33324,2216,Kutjevo,2216,11,Požeško-slavonska,11
33332,Kula Atlagić,33332,175,Benkovac,175,13,Zadarska,13
33359,Kula Norinska,33359,2194,Kula Norinska,2194,19,Dubrovačko-neretvanska,19
33367,Kuljaji,33367,3158,Ozalj,3158,4,Karlovačka,4
33375,Kuljani,33375,1023,Dvor,1023,3,Sisačko-moslavačka,3
33383,Kumrovec,33383,5533,Kumrovec,5533,2,Krapinsko-zagorska,2
33391,Kuna Konavoska,33391,1988,Konavle,1988,19,Dubrovačko-neretvanska,19
33405,Kuna Pelješka,33405,3085,Orebić,3085,19,Dubrovačko-neretvanska,19
33413,Kunčani,33413,3158,Ozalj,3158,4,Karlovačka,4
33421,Kunđevac,33421,973,Dubrava,973,1,Zagrebačka,1
33430,Kunđevec,33430,2143,Križevci,2143,6,Koprivničko-križevačka,6
33448,Kunić,33448,3336,Plaški,3336,4,Karlovačka,4
33456,Kunići Ribnički,33456,2810,Netretić,2810,4,Karlovačka,4
33464,Kunišinci,33464,2577,Marijanci,2577,14,Osječko-baranjska,14
33537,Kunj,33537,3689,Raša,3689,18,Istarska,18
33472,Kunovac Kupirovački,33472,1317,Gračac,1317,13,Zadarska,13
33499,Kunovci,33499,3514,Požega,3514,11,Požeško-slavonska,11
33502,Kunovec,33502,2038,Koprivnički Ivanec,2038,6,Koprivničko-križevačka,6
33529,Kunovec Breg,33529,2011,Koprivnica,2011,6,Koprivničko-križevačka,6
33545,Kupa,33545,698,Delnice,698,8,Primorsko-goranska,8
75302,Kupari,75302,6025,Župa Dubrovačka,6025,19,Dubrovačko-neretvanska,19
33553,Kupčina Žumberačka,33553,5401,Žumberak,5401,1,Zagrebačka,1
33561,Kupeć Dol,33561,1694,Jastrebarsko,1694,1,Zagrebačka,1
33570,Kupina,33570,3034,Oprisavci,3034,12,Brodsko-posavska,12
33588,Kupinec,33588,1902,Klinča Sela,1902,1,Zagrebačka,1
33596,Kupinečki Kraljevec,33596,1333,Grad Zagreb,1333,22,Grad Zagreb,22
33600,Kupinovac,33600,248,Bjelovar,248,7,Bjelovarsko-bilogorska,7
33618,Kupirovo,33618,1317,Gračac,1317,13,Zadarska,13
33626,Kupjak,33626,3697,Ravna Gora,3697,8,Primorsko-goranska,8
33634,Kupljenovo,33634,5436,Zaprešić,5436,1,Zagrebačka,1
33642,Kupljensko,33642,5037,Vojnić,5037,4,Karlovačka,4
33669,Kurili,33669,1759,Kanfanar,1759,18,Istarska,18
33677,Kurjak,33677,4677,Udbina,4677,9,Ličko-senjska,9
33685,Kurjavići,33685,4979,Višnjan,4979,18,Istarska,18
33693,Kurpezova Gorica,33693,5339,Krašić,5339,1,Zagrebačka,1
33707,Kuršanec,33707,604,Čakovec,604,20,Međimurska,20
33715,Kusaja,33715,5037,Vojnić,5037,4,Karlovačka,4
33723,Kusanovec,33723,337,Brckovljani,337,1,Zagrebačka,1
75752,Kuselj,75752,3786,Saborsko,3786,4,Karlovačka,4
33731,Kusijevec,33731,4421,Sveti Petar Orehovec,4421,6,Koprivničko-križevačka,6
33740,Kusonje,33740,3182,Pakrac,3182,11,Požeško-slavonska,11
33758,Kustići,33758,2887,Novalja,2887,9,Ličko-senjska,9
33766,Kuševac,33766,1031,Đakovo,1031,14,Osječko-baranjska,14
33774,Kuštani,33774,4391,Sveti Ivan Žabno,4391,6,Koprivničko-križevačka,6
33782,Kutanja,33782,4006,Slunj,4006,4,Karlovačka,4
33804,Kuterevo,33804,3131,Otočac,3131,9,Ličko-senjska,9
33812,Kutina,33812,2208,Kutina,2208,3,Sisačko-moslavačka,3
33839,Kutinica,33839,2208,Kutina,2208,3,Sisačko-moslavačka,3
33847,Kutinska Slatina,33847,2208,Kutina,2208,3,Sisačko-moslavačka,3
33855,Kutjevo,33855,2216,Kutjevo,2216,11,Požeško-slavonska,11
33863,Kutnjak,33863,2275,Legrad,2275,6,Koprivničko-križevačka,6
33871,Kutovi,33871,5240,Zdenci,5240,10,Virovitičko-podravska,10
33880,Kuzma,33880,4995,Voćin,4995,10,Virovitičko-podravska,10
33898,Kuzma Perjasička,33898,4006,Slunj,4006,4,Karlovačka,4
33901,Kuzmica,33901,3344,Pleternica,3344,11,Požeško-slavonska,11
33910,Kuzminec,33910,2658,Mihovljan,2658,2,Krapinsko-zagorska,2
33928,Kuzminec,33928,3662,Rasinja,3662,6,Koprivničko-križevačka,6
33936,Kuzminec Miljanski,33936,5215,Zagorska Sela,5215,2,Krapinsko-zagorska,2
33944,Kuželj,33944,698,Delnice,698,8,Primorsko-goranska,8
33952,Kvarte,33952,3239,Perušić,3239,9,Ličko-senjska,9
33987,Labin,33987,2224,Labin,2224,18,Istarska,18
33979,Labin,33979,5894,Prgomet,5894,17,Splitsko-dalmatinska,17
33995,Labinci,33995,5975,Kaštelir - Labinci,5975,18,Istarska,18
34002,Lacići,34002,5789,Magadenovac,5789,14,Osječko-baranjska,14
34029,Ladešići,34029,2810,Netretić,2810,4,Karlovačka,4
34037,Ladići,34037,1759,Kanfanar,1759,18,Istarska,18
34045,Ladimirevci,34045,4715,Valpovo,4715,14,Osječko-baranjska,14
34053,Ladina,34053,973,Dubrava,973,1,Zagrebačka,1
34061,Ladinec,34061,4391,Sveti Ivan Žabno,4391,6,Koprivničko-križevačka,6
34070,Ladislav,34070,1449,Hercegovac,1449,7,Bjelovarsko-bilogorska,7
34088,Ladislav Sokolovački,34088,4057,Sokolovac,4057,6,Koprivničko-križevačka,6
34096,Ladislavec,34096,5266,Zlatar,5266,2,Krapinsko-zagorska,2
34100,Ladrovići,34100,3484,Poreč,3484,18,Istarska,18
34118,Ladvenjak,34118,1791,Karlovac,1791,4,Karlovačka,4
34126,Ladvić,34126,531,Crikvenica,531,8,Primorsko-goranska,8
34134,Lađanska,34134,2780,Našice,2780,14,Osječko-baranjska,14
34142,Lađevac,34142,2992,Okučani,2992,12,Brodsko-posavska,12
34169,Lađevačko Selište,34169,4006,Slunj,4006,4,Karlovačka,4
34177,Lađevci,34177,3948,Skradin,3948,15,Šibensko-kninska,15
34185,Laginji,34185,5312,Žminj,5312,18,Istarska,18
34193,Lakmartin,34193,2151,Krk,2151,8,Primorsko-goranska,8
34207,Lakovići,34207,4316,Sveti Lovreč,4316,18,Istarska,18
34215,Laktac,34215,1481,Hrvace,1481,17,Splitsko-dalmatinska,17
34223,Laktec,34223,4294,Sveti Ivan Zelina,4294,1,Zagrebačka,1
34231,Lakušija,34231,3344,Pleternica,3344,11,Požeško-slavonska,11
34240,Lalići,34240,1767,Kapela,1767,7,Bjelovarsko-bilogorska,7
34258,Laminac,34258,4502,Štefanje,4502,7,Bjelovarsko-bilogorska,7
34266,Lančić,34266,1562,Ivanec,1562,5,Varaždinska,5
34274,Lanišće,34274,1694,Jastrebarsko,1694,1,Zagrebačka,1
34304,Lanišće,34304,2178,Kršan,2178,18,Istarska,18
34282,Lanišće,34282,2232,Lanišće,2232,18,Istarska,18
34312,Lapat,34312,3336,Plaški,3336,4,Karlovačka,4
34339,Lapovac,34339,4006,Slunj,4006,4,Karlovačka,4
34347,Lapovci,34347,4618,Trnava,4618,14,Osječko-baranjska,14
34355,Lapšina,34355,4413,Sveti Martin Na Muri,4413,20,Međimurska,20
34363,Lasinja,34363,2259,Lasinja,2259,4,Karlovačka,4
34371,Laslavići,34371,302,Bosiljevo,302,4,Karlovačka,4
34380,Laslovo,34380,1112,Ernestinovo,1112,14,Osječko-baranjska,14
34398,Lasovac,34398,5649,Šandrovac,5649,7,Bjelovarsko-bilogorska,7
34401,Lasovac Brdo,34401,5649,Šandrovac,5649,7,Bjelovarsko-bilogorska,7
34410,Lastine,34410,1520,Hum Na Sutli,1520,2,Krapinsko-zagorska,2
34428,Lastovo,34428,2267,Lastovo,2267,19,Dubrovačko-neretvanska,19
34436,Lašići,34436,4987,Vižinada,4987,18,Istarska,18
34444,Latin,34444,3336,Plaški,3336,4,Karlovačka,4
34452,Latinovac,34452,582,Čaglin,582,11,Požeško-slavonska,11
34479,Lautari,34479,558,Čabar,558,8,Primorsko-goranska,8
34487,Laz Bistrički,34487,2569,Marija Bistrica,2569,2,Krapinsko-zagorska,2
34495,Laz Stubički,34495,2569,Marija Bistrica,2569,2,Krapinsko-zagorska,2
34509,Lazac Lokvarski,34509,2372,Lokve,2372,8,Primorsko-goranska,8
34517,Lazarići,34517,2178,Kršan,2178,18,Istarska,18
34525,Laze,34525,4189,Staro Petrovo Selo,4189,12,Brodsko-posavska,12
34533,Laze Prnjavor,34533,3514,Požega,3514,11,Požeško-slavonska,11
34541,Lazi,34541,558,Čabar,558,8,Primorsko-goranska,8
34550,Lazi Krapinski,34550,2119,Krapina,2119,2,Krapinsko-zagorska,2
34568,Lazi Turopoljski,34568,5410,Velika Gorica,5410,1,Zagrebačka,1
34584,Lazina Čička,34584,5410,Velika Gorica,5410,1,Zagrebačka,1
34592,Lećevica,34592,5860,Lećevica,5860,17,Splitsko-dalmatinska,17
34606,Ledenice,34606,2909,Novi Vinodolski,2909,8,Primorsko-goranska,8
34614,Ledenik,34614,2054,Koška,2054,14,Osječko-baranjska,14
34622,Ledenik Cesarički,34622,1783,Karlobag,1783,9,Ličko-senjska,9
34649,Ledina,34649,3565,Preseka,3565,1,Zagrebačka,1
34657,Ledine Klanječke,34657,1872,Klanjec,1872,2,Krapinsko-zagorska,2
34665,Ledinec,34665,191,Beretinec,191,5,Varaždinska,5
76392,Ledinec Gornji,76392,191,Beretinec,191,5,Varaždinska,5
34673,Legovići,34673,4979,Višnjan,4979,18,Istarska,18
34681,Legrad,34681,2275,Legrad,2275,6,Koprivničko-križevačka,6
34690,Lekenik,34690,2283,Lekenik,2283,3,Sisačko-moslavačka,3
34703,Lekneno,34703,5410,Velika Gorica,5410,1,Zagrebačka,1
34711,Lemeš,34711,2143,Križevci,2143,6,Koprivničko-križevačka,6
34720,Lemeš Križevački,34720,2143,Križevci,2143,6,Koprivničko-križevačka,6
34738,Lenišće,34738,4669,Tuhelj,4669,2,Krapinsko-zagorska,2
34746,Lepa Ves,34746,795,Donja Stubica,795,2,Krapinsko-zagorska,2
34754,Lepajci,34754,2119,Krapina,2119,2,Krapinsko-zagorska,2
34762,Lepavina,34762,4057,Sokolovac,4057,6,Koprivničko-križevačka,6
34789,Lepenica,34789,4448,Šibenik,4448,15,Šibensko-kninska,15
34797,Lepoglava,34797,2291,Lepoglava,2291,5,Varaždinska,5
34819,Lepoglavec,34819,1872,Klanjec,1872,2,Krapinsko-zagorska,2
34827,Leprovica,34827,1015,Dugo Selo,1015,1,Zagrebačka,1
34835,Lepšić,34835,1589,Ivanić-Grad,1589,1,Zagrebačka,1
34843,Lesci,34843,5096,Vrbovsko,5096,8,Primorsko-goranska,8
34851,Lesišćina,34851,2461,Lupoglav,2461,18,Istarska,18
34860,Leska,34860,698,Delnice,698,8,Primorsko-goranska,8
34878,Leskova Draga,34878,3697,Ravna Gora,3697,8,Primorsko-goranska,8
34886,Leskovac Barilovićki,34886,78,Barilovići,78,4,Karlovačka,4
74934,Leskovec,74934,4529,Štrigova,4529,20,Međimurska,20
34894,Leskovec Toplički,34894,4731,Varaždinske Toplice,4731,5,Varaždinska,5
34908,Leštakovec,34908,1651,Jalžabet,1651,5,Varaždinska,5
34916,Letaj,34916,2178,Kršan,2178,18,Istarska,18
34924,Letajac,34924,3689,Raša,3689,18,Istarska,18
34932,Letičani,34932,248,Bjelovar,248,7,Bjelovarsko-bilogorska,7
34959,Letinac,34959,370,Brinje,370,9,Ličko-senjska,9
34967,Letovanci,34967,3913,Sisak,3913,3,Sisačko-moslavačka,3
34975,Letovanić,34975,2283,Lekenik,2283,3,Sisačko-moslavačka,3
34983,Letovčan Novodvorski,34983,1872,Klanjec,1872,2,Krapinsko-zagorska,2
34991,Letovčan Tomaševečki,34991,1872,Klanjec,1872,2,Krapinsko-zagorska,2
35009,Levanjska Varoš,35009,2305,Levanjska Varoš,2305,14,Osječko-baranjska,14
35017,Levinovac,35017,4243,Suhopolje,4243,10,Virovitičko-podravska,10
35025,Levkušje,35025,3158,Ozalj,3158,4,Karlovačka,4
35033,Lič,35033,1171,Fužine,1171,8,Primorsko-goranska,8
35050,Lička Jesenica,35050,3786,Saborsko,3786,4,Karlovačka,4
35068,Lički Čitluk,35068,1309,Gospić,1309,9,Ličko-senjska,9
35076,Lički Novi,35076,1309,Gospić,1309,9,Ličko-senjska,9
35084,Lički Osik,35084,1309,Gospić,1309,9,Ličko-senjska,9
35092,Lički Ribnik,35092,1309,Gospić,1309,9,Ličko-senjska,9
35106,Ličko Cerje,35106,2402,Lovinac,2402,9,Ličko-senjska,9
35114,Ličko Lešće,35114,3131,Otočac,3131,9,Ličko-senjska,9
35122,Ličko Novo Selo,35122,1066,Đurđenovac,1066,14,Osječko-baranjska,14
35149,Ličko Petrovo Selo,35149,4553,Plitvička Jezera,4553,9,Ličko-senjska,9
35157,Liganj,35157,2429,Lovran,2429,8,Primorsko-goranska,8
35165,Liješće,35165,3158,Ozalj,3158,4,Karlovačka,4
35173,Lijeva Luka,35173,2593,Martinska Ves,2593,3,Sisačko-moslavačka,3
35181,Lijeva Martinska Ves,35181,2593,Martinska Ves,2593,3,Sisačko-moslavačka,3
35190,Lijevi Degoj,35190,5444,Pokupsko,5444,1,Zagrebačka,1
35203,Lijevi Dubrovčak,35203,1589,Ivanić-Grad,1589,1,Zagrebačka,1
35211,Lijevi Štefanki,35211,5444,Pokupsko,5444,1,Zagrebačka,1
35220,Lijevo Sredičko,35220,3310,Pisarovina,3310,1,Zagrebačka,1
35238,Lijevo Trebarjevo,35238,2593,Martinska Ves,2593,3,Sisačko-moslavačka,3
35246,Lijevo Željezno,35246,2593,Martinska Ves,2593,3,Sisačko-moslavačka,3
35254,Lila,35254,2780,Našice,2780,14,Osječko-baranjska,14
35262,Linardići,35262,2151,Krk,2151,8,Primorsko-goranska,8
35289,Lindar,35289,3212,Pazin,3212,18,Istarska,18
35297,Lipa,35297,1201,Generalski Stol,1201,4,Karlovačka,4
35319,Lipa,35319,2615,Matulji,2615,8,Primorsko-goranska,8
35327,Lipice,35327,370,Brinje,370,9,Ličko-senjska,9
35335,Lipik,35335,2313,Lipik,2313,11,Požeško-slavonska,11
35343,Lipine,35343,1066,Đurđenovac,1066,14,Osječko-baranjska,14
35351,Lipje,35351,1791,Karlovac,1791,4,Karlovačka,4
35360,Liplje,35360,5096,Vrbovsko,5096,8,Primorsko-goranska,8
35378,Lipnica,35378,1333,Grad Zagreb,1333,22,Grad Zagreb,22
35386,Lipnica,35386,5363,Rakovec,5363,1,Zagrebačka,1
35394,Lipnica Zagorska,35394,4669,Tuhelj,4669,2,Krapinsko-zagorska,2
35408,Lipnik,35408,5568,Ribnik,5568,4,Karlovačka,4
35416,Lipov Pesak,35416,1201,Generalski Stol,1201,4,Karlovačka,4
35424,Lipovac,35424,1368,Gradina,1368,10,Virovitičko-podravska,10
35432,Lipovac,35432,2950,Nijemci,2950,16,Vukovarsko-srijemska,16
35459,Lipovac,35459,3182,Pakrac,3182,11,Požeško-slavonska,11
35467,Lipovac,35467,3654,Rakovica,3654,4,Karlovačka,4
35475,Lipovac Hrastinski,35475,5177,Vuka,5177,14,Osječko-baranjska,14
35483,Lipovac Krstinjski,35483,5037,Vojnić,5037,4,Karlovačka,4
35491,Lipovac Majur,35491,671,Daruvar,671,7,Bjelovarsko-bilogorska,7
35513,Lipovača,35513,3654,Rakovica,3654,4,Karlovačka,4
35505,Lipovača,35505,5185,Vukovar,5185,16,Vukovarsko-srijemska,16
35521,Lipovčani,35521,3751,Rovišće,3751,7,Bjelovarsko-bilogorska,7
35530,Lipovec,35530,5274,Zlatar-Bistrica,5274,2,Krapinsko-zagorska,2
35548,Lipovec Lonjski,35548,1937,Kloštar Ivanić,1937,1,Zagrebačka,1
35556,Lipovljani,35556,2321,Lipovljani,2321,3,Sisačko-moslavačka,3
35564,Lipovlje,35564,3131,Otočac,3131,9,Ličko-senjska,9
35572,Lipovnik,35572,1899,Klenovnik,1899,5,Varaždinska,5
35599,Lipovo Brdo,35599,1767,Kapela,1767,7,Bjelovarsko-bilogorska,7
35602,Lipovo Polje,35602,3239,Perušić,3239,9,Ličko-senjska,9
35629,Lipovšćaki,35629,302,Bosiljevo,302,4,Karlovačka,4
35637,Lisac,35637,5983,Dubrovačko Primorje,5983,19,Dubrovačko-neretvanska,19
35645,Lisac,35645,1864,Klana,1864,8,Primorsko-goranska,8
35653,Lisičić,35653,175,Benkovac,175,13,Zadarska,13
35661,Lisičina Gorica,35661,302,Bosiljevo,302,4,Karlovačka,4
35670,Lisičine,35670,4995,Voćin,4995,10,Virovitičko-podravska,10
35688,Lisine,35688,5037,Vojnić,5037,4,Karlovačka,4
35696,Liska,35696,5851,Dugopolje,5851,17,Splitsko-dalmatinska,17
35700,Lišane Ostrovičke,35700,2348,Lišane Ostrovičke,2348,13,Zadarska,13
35718,Lišane Tinjske,35718,175,Benkovac,175,13,Zadarska,13
35726,Lišnica,35726,990,Duga Resa,990,4,Karlovačka,4
35734,Lišnjak,35734,957,Drniš,957,15,Šibensko-kninska,15
35742,Livade,35742,3042,Oprtalj,3042,18,Istarska,18
35769,Livađani,35769,2313,Lipik,2313,11,Požeško-slavonska,11
35777,Livana,35777,655,Čepin,655,14,Osječko-baranjska,14
35785,Ližnjan,35785,2356,Ližnjan,2356,18,Istarska,18
37052,Ljeskovac,37052,1023,Dvor,1023,3,Sisačko-moslavačka,3
37079,Lještani,37079,2992,Okučani,2992,12,Brodsko-posavska,12
37087,Ljubač,37087,981,Dubrovnik,981,19,Dubrovačko-neretvanska,19
37095,Ljubač,37095,1961,Knin,1961,15,Šibensko-kninska,15
37109,Ljubač,37109,3719,Ražanac,3719,13,Zadarska,13
37117,Ljubelj,37117,2470,Ljubešćica,2470,5,Varaždinska,5
37125,Ljubelj Kalnički,37125,2470,Ljubešćica,2470,5,Varaždinska,5
37133,Ljubešćica,37133,2470,Ljubešćica,2470,5,Varaždinska,5
37141,Ljubina,37141,1023,Dvor,1023,3,Sisačko-moslavačka,3
37150,Ljubitovica,37150,3824,Seget,3824,17,Splitsko-dalmatinska,17
37168,Ljubljanica,37168,2593,Martinska Ves,2593,3,Sisačko-moslavačka,3
37176,Ljubostinje,37176,4693,Unešić,4693,15,Šibensko-kninska,15
37184,Ljubošina,37184,5096,Vrbovsko,5096,8,Primorsko-goranska,8
37192,Ljubotić,37192,2984,Promina,2984,15,Šibensko-kninska,15
37206,Ljudevit Selo,37206,671,Daruvar,671,7,Bjelovarsko-bilogorska,7
37214,Ljupina,37214,2844,Nova Gradiška,2844,12,Brodsko-posavska,12
37222,Ljut,37222,4600,Trilj,4600,17,Splitsko-dalmatinska,17
37249,Ljuta,37249,1988,Konavle,1988,19,Dubrovačko-neretvanska,19
37257,Ljutići,37257,2534,Malinska-Dubašnica,2534,8,Primorsko-goranska,8
35793,Lobor,35793,2364,Lobor,2364,2,Krapinsko-zagorska,2
35807,Loborika,35807,2542,Marčana,2542,18,Istarska,18
35815,Lokošin Dol,35815,1694,Jastrebarsko,1694,1,Zagrebačka,1
35823,Lokva Rogoznica,35823,3000,Omiš,3000,17,Splitsko-dalmatinska,17
35831,Lokve,35831,2372,Lokve,2372,8,Primorsko-goranska,8
35840,Lokvica,35840,388,Brod Moravice,388,8,Primorsko-goranska,8
35858,Lokvičići,35858,5878,Lokvičići,5878,17,Splitsko-dalmatinska,17
35866,Lončar Brdo,35866,2810,Netretić,2810,4,Karlovačka,4
35874,Lončarica,35874,1392,Grubišno Polje,1392,7,Bjelovarsko-bilogorska,7
35882,Londžica,35882,2780,Našice,2780,14,Osječko-baranjska,14
35904,Lonja,35904,3913,Sisak,3913,3,Sisačko-moslavačka,3
35912,Lonjgari,35912,2810,Netretić,2810,4,Karlovačka,4
35939,Lonjica,35939,5088,Vrbovec,5088,1,Zagrebačka,1
35947,Lopača,35947,1708,Jelenje,1708,8,Primorsko-goranska,8
35955,Lopar,35955,3638,Rab,3638,8,Primorsko-goranska,8
35963,Lopatinec,35963,4405,Sveti Juraj Na Bregu,4405,20,Međimurska,20
35971,Lopud,35971,981,Dubrovnik,981,19,Dubrovačko-neretvanska,19
35980,Loskunja,35980,5037,Vojnić,5037,4,Karlovačka,4
35998,Lotine,35998,1023,Dvor,1023,3,Sisačko-moslavačka,3
36005,Lovas,36005,2399,Lovas,2399,16,Vukovarsko-srijemska,16
36013,Lovča,36013,833,Donji Kukuruzari,833,3,Sisačko-moslavačka,3
36021,Lovčić,36021,396,Brodski Stupnik,396,12,Brodsko-posavska,12
36030,Lović Prekriški,36030,3158,Ozalj,3158,4,Karlovačka,4
36048,Lovinac,36048,2402,Lovinac,2402,9,Ličko-senjska,9
36056,Lovinac,36056,3450,Poličnik,3450,13,Zadarska,13
36064,Lovište,36064,3085,Orebić,3085,19,Dubrovačko-neretvanska,19
36072,Lovorje,36072,3999,Slivno,3999,19,Dubrovačko-neretvanska,19
36099,Lovorno,36099,1988,Konavle,1988,19,Dubrovačko-neretvanska,19
36102,Lovran,36102,2429,Lovran,2429,8,Primorsko-goranska,8
36129,Lovranska Draga,36129,2429,Lovran,2429,8,Primorsko-goranska,8
36137,Lovrečan,36137,1562,Ivanec,1562,5,Varaždinska,5
36145,Lovrečan,36145,5274,Zlatar-Bistrica,5274,2,Krapinsko-zagorska,2
36153,Lovrečica,36153,4685,Umag,4685,18,Istarska,18
36161,Lovrečka Varoš,36161,5088,Vrbovec,5088,1,Zagrebačka,1
36170,Lovrečka Velika,36170,5088,Vrbovec,5088,1,Zagrebačka,1
36188,Lovreć,36188,2437,Lovreć,2437,17,Splitsko-dalmatinska,17
36196,Lovreća Sela,36196,2127,Krapinske Toplice,2127,2,Krapinsko-zagorska,2
36200,Lovrentovec,36200,4731,Varaždinske Toplice,4731,5,Varaždinska,5
36218,Lovrin,36218,3212,Pazin,3212,18,Istarska,18
36226,Lovska,36226,2933,Novska,2933,3,Sisačko-moslavačka,3
36234,Lozan,36234,4499,Špišić Bukovica,4499,10,Virovitičko-podravska,10
36242,Lozari,36242,426,Buje,426,18,Istarska,18
76112,Lozica,76112,981,Dubrovnik,981,19,Dubrovačko-neretvanska,19
36269,Loznati,36269,523,Cres,523,8,Primorsko-goranska,8
36277,Lozovac,36277,4448,Šibenik,4448,15,Šibensko-kninska,15
36285,Ložišća,36285,2674,Milna,2674,17,Splitsko-dalmatinska,17
75965,Ložnice,75965,3573,Primošten,3573,15,Šibensko-kninska,15
36293,Ložnice,36293,5827,Rogoznica,5827,15,Šibensko-kninska,15
36307,Lubarska,36307,1708,Jelenje,1708,8,Primorsko-goranska,8
36315,Lubena,36315,1350,Gradec,1350,1,Zagrebačka,1
36323,Lubenice,36323,523,Cres,523,8,Primorsko-goranska,8
36331,Luč,36331,3255,Petlovac,3255,14,Osječko-baranjska,14
36340,Lučane,36340,3891,Sinj,3891,17,Splitsko-dalmatinska,17
36358,Lučelnica,36358,3310,Pisarovina,3310,1,Zagrebačka,1
36366,Lučelnica Tomaševečka,36366,1872,Klanjec,1872,2,Krapinsko-zagorska,2
36374,Lučica,36374,78,Barilovići,78,4,Karlovačka,4
36382,Lučice,36382,698,Delnice,698,8,Primorsko-goranska,8
76082,Lučina,76082,3999,Slivno,3999,19,Dubrovačko-neretvanska,19
36404,Lučinci,36404,4758,Velika,4758,11,Požeško-slavonska,11
36412,Lučko,36412,1333,Grad Zagreb,1333,22,Grad Zagreb,22
36439,Ludbreg,36439,2445,Ludbreg,2445,5,Varaždinska,5
36447,Ludbreški Ivanac,36447,3662,Rasinja,3662,6,Koprivničko-križevačka,6
36455,Ludinica,36455,4774,Velika Ludina,4774,3,Sisačko-moslavačka,3
36463,Ludvinci,36463,4642,Trpinja,4642,16,Vukovarsko-srijemska,16
36471,Lug,36471,213,Bilje,213,14,Osječko-baranjska,14
36498,Lug Gradinski,36498,1368,Gradina,1368,10,Virovitičko-podravska,10
36501,Lug Orehovički,36501,116,Bedekovčina,116,2,Krapinsko-zagorska,2
36510,Lug Poznanovečki,36510,116,Bedekovčina,116,2,Krapinsko-zagorska,2
36528,Lug Samoborski,36528,3808,Samobor,3808,1,Zagrebačka,1
36536,Lug Subotički,36536,2054,Koška,2054,14,Osječko-baranjska,14
36544,Lug Zabočki,36544,5193,Zabok,5193,2,Krapinsko-zagorska,2
36552,Lugarski Breg,36552,5495,Dubravica,5495,1,Zagrebačka,1
36595,Luka,36595,5487,Luka,5487,1,Zagrebačka,1
36579,Luka,36579,3794,Sali,3794,13,Zadarska,13
36587,Luka,36587,4197,Ston,4197,19,Dubrovačko-neretvanska,19
36609,Luka,36609,5088,Vrbovec,5088,1,Zagrebačka,1
36617,Luka Krmpotska,36617,2909,Novi Vinodolski,2909,8,Primorsko-goranska,8
36625,Luka Ludbreška,36625,4375,Sveti Đurđ,4375,5,Varaždinska,5
36633,Luka Pokupska,36633,1791,Karlovac,1791,4,Karlovačka,4
36641,Lukač,36641,2216,Kutjevo,2216,11,Požeško-slavonska,11
36650,Lukač,36650,2453,Lukač,2453,10,Virovitičko-podravska,10
36668,Lukačevec,36668,4421,Sveti Petar Orehovec,4421,6,Koprivničko-križevačka,6
36676,Lukačevec Toplički,36676,4731,Varaždinske Toplice,4731,5,Varaždinska,5
36684,Lukar,36684,2984,Promina,2984,15,Šibensko-kninska,15
36692,Lukarišće,36692,1015,Dugo Selo,1015,1,Zagrebačka,1
36706,Lukavac,36706,3956,Slatina,3956,10,Virovitičko-podravska,10
36722,Lukavec,36722,1562,Ivanec,1562,5,Varaždinska,5
36714,Lukavec,36714,5410,Velika Gorica,5410,1,Zagrebačka,1
36749,Lukavec Klanječki,36749,2089,Kraljevec Na Sutli,2089,2,Krapinsko-zagorska,2
36757,Lukavec Posavski,36757,3913,Sisak,3913,3,Sisačko-moslavačka,3
36765,Lukavec Sutlanski,36765,5495,Dubravica,5495,1,Zagrebačka,1
36773,Luke,36773,493,Cetingrad,493,4,Karlovačka,4
36781,Luke Poljanske,36781,5215,Zagorska Sela,5215,2,Krapinsko-zagorska,2
36790,Lukeži,36790,1708,Jelenje,1708,8,Primorsko-goranska,8
36803,Lukinić Brdo,36803,5444,Pokupsko,5444,1,Zagrebačka,1
36820,Lukoran,36820,3549,Preko,3549,13,Zadarska,13
36838,Lukovčak,36838,1082,Đurmanec,1082,2,Krapinsko-zagorska,2
36846,Lukovdol,36846,5096,Vrbovsko,5096,8,Primorsko-goranska,8
36854,Lukovec,36854,3662,Rasinja,3662,6,Koprivničko-križevačka,6
36862,Lukovo,36862,3875,Senj,3875,9,Ličko-senjska,9
36889,Lukovo,36889,5088,Vrbovec,5088,1,Zagrebačka,1
36897,Lukovo Šugarje,36897,1783,Karlobag,1783,9,Ličko-senjska,9
36919,Lukšići Ozaljski,36919,3158,Ozalj,3158,4,Karlovačka,4
36811,Lukunić Draga,36811,3158,Ozalj,3158,4,Karlovačka,4
36927,Lumbarda,36927,6009,Lumbarda,6009,19,Dubrovačko-neretvanska,19
36935,Lumbardenik,36935,4006,Slunj,4006,4,Karlovačka,4
36943,Lun,36943,2887,Novalja,2887,9,Ličko-senjska,9
36951,Lunjkovec,36951,2518,Mali Bukovec,2518,5,Varaždinska,5
36960,Lupinjak,36960,1520,Hum Na Sutli,1520,2,Krapinsko-zagorska,2
36986,Lupoglav,36986,337,Brckovljani,337,1,Zagrebačka,1
36978,Lupoglav,36978,2461,Lupoglav,2461,18,Istarska,18
36994,Luščani,36994,3280,Petrinja,3280,3,Sisačko-moslavačka,3
37001,Lužan,37001,1333,Grad Zagreb,1333,22,Grad Zagreb,22
37010,Lužan Biškupečki,37010,1295,Gornji Kneginec,1295,5,Varaždinska,5
37028,Lužani,37028,3093,Oriovac,3093,12,Brodsko-posavska,12
37036,Lužani Zagorski,37036,5525,Jesenje,5525,2,Krapinsko-zagorska,2
37044,Lužnica,37044,5436,Zaprešić,5436,1,Zagrebačka,1
37265,Macinec,37265,2798,Nedelišće,2798,20,Međimurska,20
37273,Macute,37273,4995,Voćin,4995,10,Virovitičko-podravska,10
37281,Mače,37281,2488,Mače,2488,2,Krapinsko-zagorska,2
37290,Mački,37290,1147,Farkaševac,1147,1,Zagrebačka,1
37303,Mačkovac,37303,4995,Voćin,4995,10,Virovitičko-podravska,10
37311,Mačkovac,37311,5061,Vrbje,5061,12,Brodsko-posavska,12
37320,Mačkovec,37320,604,Čakovec,604,20,Međimurska,20
37338,Mačkovo Selo,37338,3280,Petrinja,3280,3,Sisačko-moslavačka,3
37346,Madaraševec,37346,850,Donji Martijanec,850,5,Varaždinska,5
37354,Madžarevo,37354,2895,Novi Marof,2895,5,Varaždinska,5
37362,Madžari,37362,3913,Sisak,3913,3,Sisačko-moslavačka,3
37389,Magadenovac,37389,5789,Magadenovac,5789,14,Osječko-baranjska,14
37397,Magadinovac,37397,3077,Orahovica,3077,10,Virovitičko-podravska,10
37419,Magić Mala,37419,2852,Nova Kapela,2852,12,Brodsko-posavska,12
37427,Maglenča,37427,4839,Veliko Trojstvo,4839,7,Bjelovarsko-bilogorska,7
37435,Mahićno,37435,1791,Karlovac,1791,4,Karlovačka,4
37443,Mahovo,37443,2593,Martinska Ves,2593,3,Sisačko-moslavačka,3
37451,Maja,37451,1210,Glina,1210,3,Sisačko-moslavačka,3
37460,Majar,37460,2305,Levanjska Varoš,2305,14,Osječko-baranjska,14
37478,Majdan,37478,1023,Dvor,1023,3,Sisačko-moslavačka,3
75990,Majer,75990,5096,Vrbovsko,5096,8,Primorsko-goranska,8
37486,Majerje,37486,3263,Petrijanec,3263,5,Varaždinska,5
37516,Majkovec,37516,4294,Sveti Ivan Zelina,4294,1,Zagrebačka,1
37524,Majkovi,37524,5983,Dubrovačko Primorje,5983,19,Dubrovačko-neretvanska,19
37532,Majkusi,37532,4979,Višnjan,4979,18,Istarska,18
37559,Majske Poljane,37559,1210,Glina,1210,3,Sisačko-moslavačka,3
37567,Majski Trtnik,37567,1210,Glina,1210,3,Sisačko-moslavačka,3
37494,Majške Međe,37494,6092,Jagodnjak,6092,14,Osječko-baranjska,14
37575,Majur,37575,1147,Farkaševac,1147,1,Zagrebačka,1
37583,Majurec,37583,2143,Križevci,2143,6,Koprivničko-križevačka,6
37591,Makarska,37591,2496,Makarska,2496,17,Splitsko-dalmatinska,17
37605,Maklen,37605,388,Brod Moravice,388,8,Primorsko-goranska,8
37613,Makloševac,37613,2780,Našice,2780,14,Osječko-baranjska,14
75337,Makoše,75337,6025,Župa Dubrovačka,6025,19,Dubrovačko-neretvanska,19
37621,Makov Hrib,37621,558,Čabar,558,8,Primorsko-goranska,8
37630,Makovci,37630,1384,Grožnjan,1384,18,Istarska,18
37648,Mala Babina Gora,37648,1058,Đulovac,1058,7,Bjelovarsko-bilogorska,7
37656,Mala Barna,37656,1392,Grubišno Polje,1392,7,Bjelovarsko-bilogorska,7
37664,Mala Branjska,37664,4057,Sokolovac,4057,6,Koprivničko-križevačka,6
37672,Mala Bršljanica,37672,1198,Garešnica,1198,7,Bjelovarsko-bilogorska,7
37699,Mala Buna,37699,5410,Velika Gorica,5410,1,Zagrebačka,1
37702,Mala Ciglena,37702,248,Bjelovar,248,7,Bjelovarsko-bilogorska,7
37729,Mala Crkvina,37729,2160,Krnjak,2160,4,Karlovačka,4
37737,Mala Črešnjevica,37737,3328,Pitomača,3328,10,Virovitičko-podravska,10
37745,Mala Dapčevica,37745,1392,Grubišno Polje,1392,7,Bjelovarsko-bilogorska,7
37753,Mala Dobra,37753,3930,Skrad,3930,8,Primorsko-goranska,8
37761,Mala Erpenja,37761,2127,Krapinske Toplice,2127,2,Krapinsko-zagorska,2
37770,Mala Gora,37770,3522,Pregrada,3522,2,Krapinsko-zagorska,2
37788,Mala Gorica,37788,3280,Petrinja,3280,3,Sisačko-moslavačka,3
37796,Mala Gorica,37796,4367,Sveta Nedelja,4367,1,Zagrebačka,1
37800,Mala Gradusa,37800,4260,Sunja,4260,3,Sisačko-moslavačka,3
37818,Mala Hrastilnica,37818,2135,Križ,2135,1,Zagrebačka,1
37826,Mala Huba,37826,434,Buzet,434,18,Istarska,18
37834,Mala Jasenovača,37834,1392,Grubišno Polje,1392,7,Bjelovarsko-bilogorska,7
37842,Mala Jazbina,37842,3808,Samobor,3808,1,Zagrebačka,1
37869,Mala Klisa,37869,1058,Đulovac,1058,7,Bjelovarsko-bilogorska,7
37877,Mala Kopanica,37877,4766,Velika Kopanica,4766,12,Brodsko-posavska,12
37885,Mala Kosa,37885,78,Barilovići,78,4,Karlovačka,4
37893,Mala Kosnica,37893,5410,Velika Gorica,5410,1,Zagrebačka,1
37907,Mala Lešnica,37907,698,Delnice,698,8,Primorsko-goranska,8
37915,Mala Ludina,37915,4774,Velika Ludina,4774,3,Sisačko-moslavačka,3
37931,Mala Milešina,37931,876,Muć,876,17,Splitsko-dalmatinska,17
37940,Mala Mlaka,37940,1333,Grad Zagreb,1333,22,Grad Zagreb,22
37958,Mala Mlinska,37958,5657,Velika Trnovitica,5657,7,Bjelovarsko-bilogorska,7
37966,Mala Mučna,37966,4057,Sokolovac,4057,6,Koprivničko-križevačka,6
37974,Mala Ostrna,37974,1015,Dugo Selo,1015,1,Zagrebačka,1
37982,Mala Pačetina,37982,3298,Petrovsko,3298,2,Krapinsko-zagorska,2
38008,Mala Paka,38008,5304,Žakanje,5304,4,Karlovačka,4
38016,Mala Paukova,38016,4260,Sunja,4260,3,Sisačko-moslavačka,3
38024,Mala Peratovica,38024,1392,Grubišno Polje,1392,7,Bjelovarsko-bilogorska,7
38032,Mala Pisanica,38032,4804,Veliki Grđevac,4804,7,Bjelovarsko-bilogorska,7
38059,Mala Plana,38059,1309,Gospić,1309,9,Ličko-senjska,9
38067,Mala Rakovica,38067,3808,Samobor,3808,1,Zagrebačka,1
38075,Mala Rasinjica,38075,3662,Rasinja,3662,6,Koprivničko-križevačka,6
38083,Mala Rijeka,38083,3662,Rasinja,3662,6,Koprivničko-križevačka,6
38091,Mala Solina,38091,1210,Glina,1210,3,Sisačko-moslavačka,3
38105,Mala Subotica,38105,2500,Mala Subotica,2500,20,Međimurska,20
38113,Mala Trapinska,38113,4243,Suhopolje,4243,10,Virovitičko-podravska,10
38121,Mala Trnovitica,38121,5657,Velika Trnovitica,5657,7,Bjelovarsko-bilogorska,7
76616,Mala Učka,76601,2739,Mošćenička Draga,2739,8,Primorsko-goranska,8
38130,Mala Učka,38130,3026,Opatija,3026,8,Primorsko-goranska,8
38148,Mala Vranovina,38148,4570,Topusko,4570,3,Sisačko-moslavačka,3
38156,Male Drage,38156,388,Brod Moravice,388,8,Primorsko-goranska,8
38164,Male Mune,38164,2615,Matulji,2615,8,Primorsko-goranska,8
38172,Male Sesvete,38172,2143,Križevci,2143,6,Koprivničko-križevačka,6
38199,Male Srakane,38199,2526,Mali Lošinj,2526,8,Primorsko-goranska,8
38202,Malešević Selo,38202,5037,Vojnić,5037,4,Karlovačka,4
38229,Maletići,38229,2810,Netretić,2810,4,Karlovačka,4
38237,Mali Banovac,38237,3182,Pakrac,3182,11,Požeško-slavonska,11
38245,Mali Bastaji,38245,1058,Đulovac,1058,7,Bjelovarsko-bilogorska,7
38253,Mali Bilač,38253,3344,Pleternica,3344,11,Požeško-slavonska,11
38261,Mali Botinovac,38261,4057,Sokolovac,4057,6,Koprivničko-križevačka,6
38270,Mali Brezovec,38270,1350,Gradec,1350,1,Zagrebačka,1
38288,Mali Brgud,38288,2615,Matulji,2615,8,Primorsko-goranska,8
38296,Mali Budići,38296,3182,Pakrac,3182,11,Požeško-slavonska,11
38300,Mali Bukovec,38300,2488,Mače,2488,2,Krapinsko-zagorska,2
38318,Mali Bukovec,38318,2518,Mali Bukovec,2518,5,Varaždinska,5
38326,Mali Carevdar,38326,2143,Križevci,2143,6,Koprivničko-križevačka,6
38334,Mali Dol,38334,2097,Kraljevica,2097,8,Primorsko-goranska,8
38342,Mali Erjavec,38342,3158,Ozalj,3158,4,Karlovačka,4
38369,Mali Golji,38369,4324,Sveta Nedelja,4324,18,Istarska,18
38377,Mali Gorenec,38377,124,Bednja,124,5,Varaždinska,5
38385,Mali Grabičani,38385,4057,Sokolovac,4057,6,Koprivničko-križevačka,6
38393,Mali Gradac,38393,1210,Glina,1210,3,Sisačko-moslavačka,3
38407,Mali Grđevac,38407,4804,Veliki Grđevac,4804,7,Bjelovarsko-bilogorska,7
38415,Mali Iž,38415,5207,Zadar,5207,13,Zadarska,13
38423,Mali Jadrč,38423,5096,Vrbovsko,5096,8,Primorsko-goranska,8
38431,Mali Komor,38431,2488,Mače,2488,2,Krapinsko-zagorska,2
38440,Mali Kozinac,38440,78,Barilovići,78,4,Karlovačka,4
38458,Mali Lipovec,38458,3808,Samobor,3808,1,Zagrebačka,1
38466,Mali Lošinj,38466,2526,Mali Lošinj,2526,8,Primorsko-goranska,8
38474,Mali Lovrečan,38474,485,Cestica,485,5,Varaždinska,5
38482,Mali Lug,38482,558,Čabar,558,8,Primorsko-goranska,8
38512,Mali Mihaljevec,38512,4405,Sveti Juraj Na Bregu,4405,20,Međimurska,20
38539,Mali Miletinac,38539,1058,Đulovac,1058,7,Bjelovarsko-bilogorska,7
38547,Mali Mlun,38547,434,Buzet,434,18,Istarska,18
38555,Mali Modruš Potok,38555,2810,Netretić,2810,4,Karlovačka,4
38563,Mali Obljaj,38563,1210,Glina,1210,3,Sisačko-moslavačka,3
38571,Mali Otok,38571,2275,Legrad,2275,6,Koprivničko-križevačka,6
38580,Mali Pašijan,38580,1198,Garešnica,1198,7,Bjelovarsko-bilogorska,7
38598,Mali Podol,38598,523,Cres,523,8,Primorsko-goranska,8
38601,Mali Poganac,38601,4057,Sokolovac,4057,6,Koprivničko-križevačka,6
38610,Mali Potočec,38610,2143,Križevci,2143,6,Koprivničko-križevačka,6
38628,Mali Prolog,38628,3433,Pojezerje,3433,19,Dubrovačko-neretvanska,19
38636,Mali Rastovac,38636,540,Crnac,540,10,Virovitičko-podravska,10
38644,Mali Raven,38644,2143,Križevci,2143,6,Koprivničko-križevačka,6
38652,Mali Ston,38652,4197,Ston,4197,19,Dubrovačko-neretvanska,19
38679,Mali Tabor,38679,1520,Hum Na Sutli,1520,2,Krapinsko-zagorska,2
38687,Mali Turini,38687,4324,Sveta Nedelja,4324,18,Istarska,18
38695,Mali Vareški,38695,2542,Marčana,2542,18,Istarska,18
38709,Mali Vrh Kamanjski,38709,5304,Žakanje,5304,4,Karlovačka,4
38717,Mali Vuković,38717,4006,Slunj,4006,4,Karlovačka,4
38725,Mali Zdenci,38725,1392,Grubišno Polje,1392,7,Bjelovarsko-bilogorska,7
38733,Malička,38733,4570,Topusko,4570,3,Sisačko-moslavačka,3
38741,Malik,38741,302,Bosiljevo,302,4,Karlovačka,4
38750,Malinci,38750,3158,Ozalj,3158,4,Karlovačka,4
38768,Malino,38768,3093,Oriovac,3093,12,Brodsko-posavska,12
38776,Malinovac,38776,5789,Magadenovac,5789,14,Osječko-baranjska,14
38784,Malinska,38784,2534,Malinska-Dubašnica,2534,8,Primorsko-goranska,8
76341,Mališi,76341,4979,Višnjan,4979,18,Istarska,18
38903,Maljevac,38903,493,Cetingrad,493,4,Karlovačka,4
38911,Maljevačko Selište,38911,493,Cetingrad,493,4,Karlovačka,4
38920,Maljkovo,38920,1481,Hrvace,1481,17,Splitsko-dalmatinska,17
38792,Malo Grablje,38792,1538,Hvar,1538,17,Splitsko-dalmatinska,17
38806,Malo Gradišće,38806,485,Cestica,485,5,Varaždinska,5
38814,Malo Korenovo,38814,248,Bjelovar,248,7,Bjelovarsko-bilogorska,7
38822,Malo Krčevo,38822,5550,Majur,5550,3,Sisačko-moslavačka,3
38849,Malo Polje,38849,3239,Perušić,3239,9,Ličko-senjska,9
38857,Malo Selce,38857,3930,Skrad,3930,8,Primorsko-goranska,8
38865,Malo Selo,38865,698,Delnice,698,8,Primorsko-goranska,8
38873,Malo Trojstvo,38873,4839,Veliko Trojstvo,4839,7,Bjelovarsko-bilogorska,7
38881,Malo Vukovje,38881,1198,Garešnica,1198,7,Bjelovarsko-bilogorska,7
38890,Malunje,38890,1694,Jastrebarsko,1694,1,Zagrebačka,1
38938,Mandalenčići,38938,1325,Gračišće,1325,18,Istarska,18
76236,Mandaljena,76236,6025,Župa Dubrovačka,6025,19,Dubrovačko-neretvanska,19
38946,Mandić Selo,38946,5037,Vojnić,5037,4,Karlovačka,4
38954,Mandićevac,38954,949,Drenje,949,14,Osječko-baranjska,14
38962,Mandli,38962,558,Čabar,558,8,Primorsko-goranska,8
38989,Mandre,38989,3166,Pag,3166,13,Zadarska,13
38997,Manja Vas,38997,3808,Samobor,3808,1,Zagrebačka,1
39004,Manjadvorci,39004,60,Barban,60,18,Istarska,18
39012,Manjerovići,39012,1791,Karlovac,1791,4,Karlovačka,4
39039,Maovice,39039,5134,Vrlika,5134,17,Splitsko-dalmatinska,17
75566,Maračići,75566,5380,Kostrena,5380,8,Primorsko-goranska,8
39047,Maranovići,39047,2682,Mljet,2682,19,Dubrovačko-neretvanska,19
39055,Marasi,39055,4316,Sveti Lovreč,4316,18,Istarska,18
39071,Marceljani,39071,2224,Labin,2224,18,Istarska,18
39080,Marčan,39080,4863,Vinica,4863,5,Varaždinska,5
39098,Marčana,39098,2542,Marčana,2542,18,Istarska,18
39101,Marčani,39101,639,Čazma,639,7,Bjelovarsko-bilogorska,7
39110,Marčelji,39110,4952,Viškovo,4952,8,Primorsko-goranska,8
39128,Marčenegla,39128,434,Buzet,434,18,Istarska,18
39136,Mareda,39136,2917,Novigrad - Istarska ž.,2917,18,Istarska,18
39144,Marenić,39144,5088,Vrbovec,5088,1,Zagrebačka,1
39152,Maretić,39152,1465,Hrašćina,1465,2,Krapinsko-zagorska,2
76610,Maretići,76595,4979,Višnjan,4979,18,Istarska,18
39179,Margečan,39179,1562,Ivanec,1562,5,Varaždinska,5
39187,Marići,39187,1759,Kanfanar,1759,18,Istarska,18
39195,Marići,39195,4324,Sveta Nedelja,4324,18,Istarska,18
39209,Marigutić,39209,418,Budinščina,418,2,Krapinsko-zagorska,2
39217,Marija Bistrica,39217,2569,Marija Bistrica,2569,2,Krapinsko-zagorska,2
39225,Marija Gorica,39225,5398,Marija Gorica,5398,1,Zagrebačka,1
39233,Marija Magdalena,39233,3620,Pušća,3620,1,Zagrebačka,1
39241,Marija Trošt,39241,698,Delnice,698,8,Primorsko-goranska,8
39250,Marijanci,39250,2577,Marijanci,2577,14,Osječko-baranjska,14
39268,Marina,39268,2585,Marina,2585,17,Splitsko-dalmatinska,17
39276,Marinbrod,39276,1210,Glina,1210,3,Sisačko-moslavačka,3
39284,Marinci,39284,434,Buzet,434,18,Istarska,18
39292,Marinci,39292,2941,Nuštar,2941,16,Vukovarsko-srijemska,16
39306,Marindolsko Brdo,39306,4006,Slunj,4006,4,Karlovačka,4
39314,Marindvor,39314,3514,Požega,3514,11,Požeško-slavonska,11
39322,Marinec,39322,3522,Pregrada,3522,2,Krapinsko-zagorska,2
39349,Marinići,39349,4952,Viškovo,4952,8,Primorsko-goranska,8
39381,Marinje Zemlje,39381,4928,Vis,4928,17,Splitsko-dalmatinska,17
39357,Marino Selo,39357,2313,Lipik,2313,11,Požeško-slavonska,11
39365,Marinovec,39365,2143,Križevci,2143,6,Koprivničko-križevačka,6
39373,Marinovec Zelinski,39373,4294,Sveti Ivan Zelina,4294,1,Zagrebačka,1
39390,Marjančaci,39390,4715,Valpovo,4715,14,Osječko-baranjska,14
39403,Marjanski Ivanovci,39403,2577,Marijanci,2577,14,Osječko-baranjska,14
39411,Markoci,39411,4324,Sveta Nedelja,4324,18,Istarska,18
39420,Markovac,39420,671,Daruvar,671,7,Bjelovarsko-bilogorska,7
39438,Markovac,39438,3107,Orlić,3107,15,Šibensko-kninska,15
39446,Markovac,39446,4758,Velika,4758,11,Požeško-slavonska,11
39454,Markovac,39454,4979,Višnjan,4979,18,Istarska,18
39462,Markovac Križevački,39462,4391,Sveti Ivan Žabno,4391,6,Koprivničko-križevačka,6
39489,Markovac Našički,39489,2780,Našice,2780,14,Osječko-baranjska,14
39497,Marković Selo,39497,2976,Ogulin,2976,4,Karlovačka,4
39519,Markovići,39519,4987,Vižinada,4987,18,Istarska,18
76023,Markovo,76023,3956,Slatina,3956,10,Virovitičko-podravska,10
39527,Markovo Polje,39527,1333,Grad Zagreb,1333,22,Grad Zagreb,22
39543,Markušbrijeg,39543,2364,Lobor,2364,2,Krapinsko-zagorska,2
39551,Markuševec Turopoljski,39551,5410,Velika Gorica,5410,1,Zagrebačka,1
39560,Markušica,39560,6106,Markušica,6106,16,Vukovarsko-srijemska,16
39578,Markušići,39578,5401,Žumberak,5401,1,Zagrebačka,1
39586,Marlovac,39586,78,Barilovići,78,4,Karlovačka,4
39594,Marof,39594,4413,Sveti Martin Na Muri,4413,20,Međimurska,20
39608,Maršići,39608,2534,Malinska-Dubašnica,2534,8,Primorsko-goranska,8
39616,Martin,39616,2780,Našice,2780,14,Osječko-baranjska,14
39624,Martina,39624,2739,Mošćenička Draga,2739,8,Primorsko-goranska,8
39632,Martinac,39632,639,Čazma,639,7,Bjelovarsko-bilogorska,7
39659,Martinac,39659,4839,Veliko Trojstvo,4839,7,Bjelovarsko-bilogorska,7
39667,Martinci,39667,434,Buzet,434,18,Istarska,18
39675,Martinci Miholjački,39675,2712,Podravska Moslavina,2712,14,Osječko-baranjska,14
39683,Martinčići,39683,1384,Grožnjan,1384,18,Istarska,18
39691,Martinec Orehovički,39691,116,Bedekovčina,116,2,Krapinsko-zagorska,2
39705,Martinić,39705,2518,Mali Bukovec,2518,5,Varaždinska,5
39713,Martinišće,39713,5193,Zabok,5193,2,Krapinsko-zagorska,2
39721,Martinkovec,39721,4731,Varaždinske Toplice,4731,5,Varaždinska,5
39730,Martinovići,39730,1210,Glina,1210,3,Sisačko-moslavačka,3
75329,Martinovići,75329,6025,Župa Dubrovačka,6025,19,Dubrovačko-neretvanska,19
39748,Martinovo Selo,39748,1708,Jelenje,1708,8,Primorsko-goranska,8
76295,Martinska Ves,76295,2593,Martinska Ves,2593,3,Sisačko-moslavačka,3
39756,Martinska Ves,39756,5088,Vrbovec,5088,1,Zagrebačka,1
39764,Martinski,39764,4324,Sveta Nedelja,4324,18,Istarska,18
39772,Martinski Vrh,39772,5568,Ribnik,5568,4,Karlovačka,4
39799,Martinšćica,39799,523,Cres,523,8,Primorsko-goranska,8
75710,Martinšćica,75710,5380,Kostrena,5380,8,Primorsko-goranska,8
39802,Martinšćina,39802,5266,Zlatar,5266,2,Krapinsko-zagorska,2
75426,Martinuševec,75426,6041,Gornji Mihaljevec,6041,20,Međimurska,20
75434,Martinuševec,75434,4529,Štrigova,4529,20,Međimurska,20
39837,Martiša Ves,39837,3522,Pregrada,3522,2,Krapinsko-zagorska,2
39845,Maruševec,39845,2607,Maruševec,2607,5,Varaždinska,5
39853,Marušići,39853,426,Buje,426,18,Istarska,18
39861,Marušići,39861,3000,Omiš,3000,17,Splitsko-dalmatinska,17
39870,Marušići,39870,4880,Vinodolska Općina,4880,8,Primorsko-goranska,8
39888,Maružini,39888,1759,Kanfanar,1759,18,Istarska,18
76724,Maslenica,76724,1678,Jasenice,1678,13,Zadarska,13
74772,Maslenjača,74772,1058,Đulovac,1058,7,Bjelovarsko-bilogorska,7
39896,Maslinica,39896,4472,Šolta,4472,17,Splitsko-dalmatinska,17
39900,Mastelići,39900,4987,Vižinada,4987,18,Istarska,18
39918,Mastrinka,39918,4634,Trogir,4634,17,Splitsko-dalmatinska,17
39926,Mašić,39926,5681,Dragalić,5681,12,Brodsko-posavska,12
39934,Mašvina,39934,3654,Rakovica,3654,4,Karlovačka,4
39942,Matase,39942,2984,Promina,2984,15,Šibensko-kninska,15
39969,Matenci,39969,795,Donja Stubica,795,2,Krapinsko-zagorska,2
39977,Materada,39977,4685,Umag,4685,18,Istarska,18
40002,Mateše,40002,302,Bosiljevo,302,4,Karlovačka,4
40029,Mateško Selo,40029,1201,Generalski Stol,1201,4,Karlovačka,4
40037,Matići,40037,5096,Vrbovsko,5096,8,Primorsko-goranska,8
40045,Matijaši,40045,5312,Žminj,5312,18,Istarska,18
40053,Matijevići,40053,1023,Dvor,1023,3,Sisačko-moslavačka,3
75213,Matijevići,75213,2194,Kula Norinska,2194,19,Dubrovačko-neretvanska,19
40061,Matković Mala,40061,3387,Podcrkavlje,3387,12,Brodsko-posavska,12
40070,Matohanci,40070,1759,Kanfanar,1759,18,Istarska,18
40088,Matulini,40088,3484,Poreč,3484,18,Istarska,18
40096,Matulji,40096,2615,Matulji,2615,8,Primorsko-goranska,8
39993,Maturovec,39993,2127,Krapinske Toplice,2127,2,Krapinsko-zagorska,2
40100,Maurovići,40100,78,Barilovići,78,4,Karlovačka,4
40118,Mavrići,40118,4880,Vinodolska Općina,4880,8,Primorsko-goranska,8
40126,Mavrinci,40126,612,Čavle,612,8,Primorsko-goranska,8
40134,Mazin,40134,1317,Gračac,1317,13,Zadarska,13
40142,Mece,40142,663,Darda,663,14,Osječko-baranjska,14
40169,Mečenčani,40169,833,Donji Kukuruzari,833,3,Sisačko-moslavačka,3
40177,Medak,40177,1309,Gospić,1309,9,Ličko-senjska,9
40185,Medaki,40185,4316,Sveti Lovreč,4316,18,Istarska,18
40193,Medančići,40193,60,Barban,60,18,Istarska,18
40207,Medari,40207,5681,Dragalić,5681,12,Brodsko-posavska,12
40215,Medinci,40215,3956,Slatina,3956,10,Virovitičko-podravska,10
40223,Medovdolac,40223,2437,Lovreć,2437,17,Splitsko-dalmatinska,17
40231,Medsave,40231,3808,Samobor,3808,1,Zagrebačka,1
40240,Medulin,40240,2631,Medulin,2631,18,Istarska,18
40258,Medveja,40258,2429,Lovran,2429,8,Primorsko-goranska,8
40266,Medveje,40266,434,Buzet,434,18,Istarska,18
40274,Medven Draga,40274,5339,Krašić,5339,1,Zagrebačka,1
40282,Medvidići,40282,4316,Sveti Lovreč,4316,18,Istarska,18
40304,Medvidovića Draga,40304,1554,Imotski,1554,17,Splitsko-dalmatinska,17
40312,Medviđa,40312,175,Benkovac,175,13,Zadarska,13
40339,Međa,40339,4421,Sveti Petar Orehovec,4421,6,Koprivničko-križevačka,6
40347,Međare,40347,3948,Skradin,3948,15,Šibensko-kninska,15
40355,Međedi,40355,5096,Vrbovsko,5096,8,Primorsko-goranska,8
40363,Međeđak,40363,3336,Plaški,3336,4,Karlovačka,4
40371,Međeđak Utinjski,40371,5037,Vojnić,5037,4,Karlovačka,4
40380,Međurača,40380,2879,Nova Rača,2879,7,Bjelovarsko-bilogorska,7
40398,Međurače,40398,3280,Petrinja,3280,3,Sisačko-moslavačka,3
40401,Međurić,40401,2208,Kutina,2208,3,Sisačko-moslavačka,3
40410,Meja Gaj,40410,43,Bakar,43,8,Primorsko-goranska,8
40428,Mekiši Kod Kaštelira,40428,5975,Kaštelir - Labinci,5975,18,Istarska,18
40436,Mekiši Kod Vižinade,40436,4987,Vižinada,4987,18,Istarska,18
40444,Melinovac,40444,841,Donji Lapac,841,9,Ličko-senjska,9
40487,Meljan,40487,124,Bednja,124,5,Varaždinska,5
40452,Melnica,40452,60,Barban,60,18,Istarska,18
40479,Melnice,40479,3875,Senj,3875,9,Ličko-senjska,9
40495,Merag,40495,523,Cres,523,8,Primorsko-goranska,8
40509,Merenje,40509,5436,Zaprešić,5436,1,Zagrebačka,1
40517,Merhatovec,40517,3859,Selnica,3859,20,Međimurska,20
40525,Merišće,40525,426,Buje,426,18,Istarska,18
40533,Merolino Sikirevačko,40533,4219,Strizivojna,4219,14,Osječko-baranjska,14
40541,Metajna,40541,2887,Novalja,2887,9,Ličko-senjska,9
40550,Metković,40550,2640,Metković,2640,19,Dubrovačko-neretvanska,19
40568,Metohija,40568,4197,Ston,4197,19,Dubrovačko-neretvanska,19
40576,Mezinovac,40576,3239,Perušić,3239,9,Ličko-senjska,9
40584,Mičetići,40584,3484,Poreč,3484,18,Istarska,18
40592,Mičetinac,40592,1074,Đurđevac,1074,6,Koprivničko-križevačka,6
40606,Mičevec,40606,5410,Velika Gorica,5410,1,Zagrebačka,1
40614,Mičijevac,40614,2143,Križevci,2143,6,Koprivničko-križevačka,6
40622,Migalovci,40622,582,Čaglin,582,11,Požeško-slavonska,11
40649,Mihajlije,40649,353,Brestovac,353,11,Požeško-slavonska,11
40657,Mihalić Selo,40657,990,Duga Resa,990,4,Karlovačka,4
40665,Mihalj,40665,3999,Slivno,3999,19,Dubrovačko-neretvanska,19
40673,Mihaljekov Jarek,40673,2119,Krapina,2119,2,Krapinsko-zagorska,2
40681,Mihaljevac,40681,4553,Plitvička Jezera,4553,9,Ličko-senjska,9
40690,Mihaljevci,40690,3514,Požega,3514,11,Požeško-slavonska,11
40703,Mihaljevići,40703,3344,Pleternica,3344,11,Požeško-slavonska,11
40711,Mihanići,40711,1988,Konavle,1988,19,Dubrovačko-neretvanska,19
40720,Mihanovićev Dol,40720,1872,Klanjec,1872,2,Krapinsko-zagorska,2
40738,Mihatovići,40738,3484,Poreč,3484,18,Istarska,18
40746,Mihelići,40746,3484,Poreč,3484,18,Istarska,18
40754,Miholašćica,40754,523,Cres,523,8,Primorsko-goranska,8
40762,Miholec,40762,4421,Sveti Petar Orehovec,4421,6,Koprivničko-križevačka,6
40789,Miholjački Poreč,40789,868,Donji Miholjac,868,14,Osječko-baranjska,14
40797,Miholjanec,40797,4901,Virje,4901,6,Koprivničko-križevačka,6
40819,Miholjsko,40819,5037,Vojnić,5037,4,Karlovačka,4
40827,Mihotići,40827,2615,Matulji,2615,8,Primorsko-goranska,8
40835,Mihovljan,40835,604,Čakovec,604,20,Međimurska,20
40843,Mihovljan,40843,2658,Mihovljan,2658,2,Krapinsko-zagorska,2
40851,Mijaca,40851,5118,Vrgorac,5118,17,Splitsko-dalmatinska,17
40860,Mijači,40860,353,Brestovac,353,11,Požeško-slavonska,11
40886,Miklavec,40886,3425,Podturen,3425,20,Međimurska,20
40894,Mikleuš,40894,2666,Mikleuš,2666,10,Virovitičko-podravska,10
40908,Mikleuška,40908,2208,Kutina,2208,3,Sisačko-moslavačka,3
40916,Mikluševci,40916,4561,Tompojevci,4561,16,Vukovarsko-srijemska,16
40924,Mikovec,40924,4421,Sveti Petar Orehovec,4421,6,Koprivničko-križevačka,6
40932,Mikulići,40932,1988,Konavle,1988,19,Dubrovačko-neretvanska,19
40959,Miladini,40959,1694,Jastrebarsko,1694,1,Zagrebačka,1
40967,Milanezi,40967,4979,Višnjan,4979,18,Istarska,18
40975,Milani,40975,302,Bosiljevo,302,4,Karlovačka,4
40983,Milanlug,40983,582,Čaglin,582,11,Požeško-slavonska,11
40991,Milanovac,40991,540,Crnac,540,10,Virovitičko-podravska,10
41009,Milanovac,41009,4758,Velika,4758,11,Požeško-slavonska,11
41017,Milanovac,41017,4910,Virovitica,4910,10,Virovitičko-podravska,10
41025,Milaševac,41025,639,Čazma,639,7,Bjelovarsko-bilogorska,7
41033,Milaši,41033,1708,Jelenje,1708,8,Primorsko-goranska,8
41041,Milčetići,41041,2534,Malinska-Dubašnica,2534,8,Primorsko-goranska,8
41050,Milekovo Selo,41050,795,Donja Stubica,795,2,Krapinsko-zagorska,2
41068,Miličani,41068,4057,Sokolovac,4057,6,Koprivničko-križevačka,6
41076,Milinac,41076,2305,Levanjska Varoš,2305,14,Osječko-baranjska,14
41084,Milivojevci,41084,4758,Velika,4758,11,Požeško-slavonska,11
41165,Miljana,41165,5215,Zagorska Sela,5215,2,Krapinsko-zagorska,2
41173,Miljanovac,41173,3905,Sirač,3905,7,Bjelovarsko-bilogorska,7
41181,Miljevac,41181,4006,Slunj,4006,4,Karlovačka,4
41190,Miljevci,41190,2836,Nova Bukovica,2836,10,Virovitičko-podravska,10
41092,Milna,41092,1538,Hvar,1538,17,Splitsko-dalmatinska,17
41106,Milna,41106,2674,Milna,2674,17,Splitsko-dalmatinska,17
75949,Milna,75949,4928,Vis,4928,17,Splitsko-dalmatinska,17
41114,Milohnići,41114,2151,Krk,2151,8,Primorsko-goranska,8
41122,Miloševac,41122,78,Barilovići,78,4,Karlovačka,4
41149,Milotski Breg,41149,1325,Gračišće,1325,18,Istarska,18
41157,Milovčići,41157,2534,Malinska-Dubašnica,2534,8,Primorsko-goranska,8
41203,Mimice,41203,3000,Omiš,3000,17,Splitsko-dalmatinska,17
41211,Miočić,41211,957,Drniš,957,15,Šibensko-kninska,15
41220,Miočinovići,41220,3280,Petrinja,3280,3,Sisačko-moslavačka,3
41238,Miranje,41238,175,Benkovac,175,13,Zadarska,13
41246,Mirca,41246,4278,Supetar,4278,17,Splitsko-dalmatinska,17
41289,Mirkopolje,41289,5339,Krašić,5339,1,Zagrebačka,1
41297,Mirkovac,41297,1953,Kneževi Vinogradi,1953,14,Osječko-baranjska,14
41319,Mirkovci,41319,6114,Mirkovci,6114,16,Vukovarsko-srijemska,16
41327,Mirkovec,41327,4308,Sveti Križ Začretje,4308,2,Krapinsko-zagorska,2
41335,Mirkovec Breznički,41335,361,Breznica,361,5,Varaždinska,5
41343,Mirlović Polje,41343,3778,Ružić,3778,15,Šibensko-kninska,15
41351,Mirlović Zagora,41351,4693,Unešić,4693,15,Šibensko-kninska,15
41360,Miroši,41360,4880,Vinodolska Općina,4880,8,Primorsko-goranska,8
41378,Mislina,41378,5231,Zažablje,5231,19,Dubrovačko-neretvanska,19
41386,Mišinci,41386,5304,Žakanje,5304,4,Karlovačka,4
41394,Mišinka,41394,2208,Kutina,2208,3,Sisačko-moslavačka,3
41408,Miškovci,41408,3166,Pag,3166,13,Zadarska,13
41416,Mišljenovac,41416,841,Donji Lapac,841,9,Ličko-senjska,9
41424,Mitlo,41424,2585,Marina,2585,17,Splitsko-dalmatinska,17
41432,Mitrovac,41432,647,Čeminac,647,14,Osječko-baranjska,14
41459,Mitrovac,41459,2216,Kutjevo,2216,11,Požeško-slavonska,11
41475,Mjesto Primišlje,41475,4006,Slunj,4006,4,Karlovačka,4
41483,Mladenići,41483,4952,Viškovo,4952,8,Primorsko-goranska,8
41491,Mlaka,41491,1686,Jasenovac,1686,3,Sisačko-moslavačka,3
41505,Mlaka,41505,5363,Rakovec,5363,1,Zagrebačka,1
41513,Mlaka Antinska,41513,4588,Tordinci,4588,16,Vukovarsko-srijemska,16
41521,Mlakovac,41521,2160,Krnjak,2160,4,Karlovačka,4
41530,Mlakva,41530,3239,Perušić,3239,9,Ličko-senjska,9
41548,Mlinari,41548,5096,Vrbovsko,5096,8,Primorsko-goranska,8
75345,Mlini,75345,6025,Župa Dubrovačka,6025,19,Dubrovačko-neretvanska,19
41556,Mlinište,41556,5231,Zažablje,5231,19,Dubrovačko-neretvanska,19
41564,Mlinski Vinogradi,41564,5657,Velika Trnovitica,5657,7,Bjelovarsko-bilogorska,7
41572,Močići,41572,1988,Konavle,1988,19,Dubrovačko-neretvanska,19
41599,Močile,41599,5096,Vrbovsko,5096,8,Primorsko-goranska,8
41602,Modrino Selo,41602,1848,Kistanje,1848,15,Šibensko-kninska,15
41629,Modrovec,41629,1252,Gornja Stubica,1252,2,Krapinsko-zagorska,2
41637,Modruš,41637,1724,Josipdol,1724,4,Karlovačka,4
41645,Modrušani,41645,5312,Žminj,5312,18,Istarska,18
41653,Mogorić,41653,1309,Gospić,1309,9,Ličko-senjska,9
41661,Mohovo,41661,1546,Ilok,1546,16,Vukovarsko-srijemska,16
75124,Mokošica,75124,981,Dubrovnik,981,19,Dubrovačko-neretvanska,19
41670,Mokreš,41670,582,Čaglin,582,11,Požeško-slavonska,11
41688,Mokrica Tomaševečka,41688,4294,Sveti Ivan Zelina,4294,1,Zagrebačka,1
41696,Mokrice,41696,3115,Oroslavje,3115,2,Krapinsko-zagorska,2
41700,Mokrice Miholečke,41700,4421,Sveti Petar Orehovec,4421,6,Koprivničko-križevačka,6
41718,Mokro Polje,41718,1139,Ervenik,1139,15,Šibensko-kninska,15
41726,Molat,41726,5207,Zadar,5207,13,Zadarska,13
41734,Molunat,41734,1988,Konavle,1988,19,Dubrovačko-neretvanska,19
41742,Molve,41742,2704,Molve,2704,6,Koprivničko-križevačka,6
41769,Molve Grede,41769,2704,Molve,2704,6,Koprivničko-križevačka,6
41777,Molvice,41777,5592,Kalinovac,5592,6,Koprivničko-križevačka,6
41785,Molvice,41785,3808,Samobor,3808,1,Zagrebačka,1
41793,Momčilovića Kosa,41793,1210,Glina,1210,3,Sisačko-moslavačka,3
41807,Momići,41807,2194,Kula Norinska,2194,19,Dubrovačko-neretvanska,19
41815,Momjan,41815,426,Buje,426,18,Istarska,18
41823,Monterol,41823,4685,Umag,4685,18,Istarska,18
41831,Montižana,41831,3484,Poreč,3484,18,Istarska,18
41840,Montovani,41840,3301,Pićan,3301,18,Istarska,18
41858,Moravče,41858,1333,Grad Zagreb,1333,22,Grad Zagreb,22
59595,Moravice,59595,5096,Vrbovsko,5096,8,Primorsko-goranska,8
41866,Moravička Sela,41866,388,Brod Moravice,388,8,Primorsko-goranska,8
41874,Morpolača,41874,4111,Stankovci,4111,13,Zadarska,13
41882,Moseć,41882,3778,Ružić,3778,15,Šibensko-kninska,15
41904,Moslavačka Slatina,41904,3476,Popovača,3476,3,Sisačko-moslavačka,3
41912,Moslavina Podravska,41912,2712,Podravska Moslavina,2712,14,Osječko-baranjska,14
41947,Mostari,41947,973,Dubrava,973,1,Zagrebačka,1
41939,Most-Raša,41939,3689,Raša,3689,18,Istarska,18
41955,Mošanci,41955,5304,Žakanje,5304,4,Karlovačka,4
41963,Mošćenica,41963,3280,Petrinja,3280,3,Sisačko-moslavačka,3
41971,Mošćenice,41971,2739,Mošćenička Draga,2739,8,Primorsko-goranska,8
41980,Mošćenička Draga,41980,2739,Mošćenička Draga,2739,8,Primorsko-goranska,8
41998,Moštanica,41998,3280,Petrinja,3280,3,Sisačko-moslavačka,3
42005,Motovun,42005,2747,Motovun,2747,18,Istarska,18
42013,Movrač,42013,2089,Kraljevec Na Sutli,2089,2,Krapinsko-zagorska,2
42021,Možđenec,42021,2895,Novi Marof,2895,5,Varaždinska,5
42030,Mracelj,42030,5037,Vojnić,5037,4,Karlovačka,4
42048,Mraclin,42048,5410,Velika Gorica,5410,1,Zagrebačka,1
42056,Mračaj,42056,5550,Majur,5550,3,Sisačko-moslavačka,3
42064,Mračaj Krstinjski,42064,5037,Vojnić,5037,4,Karlovačka,4
42072,Mračin,42072,2810,Netretić,2810,4,Karlovačka,4
42099,Mratovo,42099,2984,Promina,2984,15,Šibensko-kninska,15
42102,Mravince,42102,4065,Solin,4065,17,Splitsko-dalmatinska,17
42129,Mravinjac,42129,981,Dubrovnik,981,19,Dubrovačko-neretvanska,19
42137,Mravnica,42137,5983,Dubrovačko Primorje,5983,19,Dubrovačko-neretvanska,19
42145,Mravnica,42145,4448,Šibenik,4448,15,Šibensko-kninska,15
42153,Mrčevo,42153,981,Dubrovnik,981,19,Dubrovačko-neretvanska,19
42161,Mrežnica,42161,78,Barilovići,78,4,Karlovačka,4
42170,Mrežničke Poljice,42170,990,Duga Resa,990,4,Karlovačka,4
42188,Mrežnički Brest,42188,1201,Generalski Stol,1201,4,Karlovačka,4
42196,Mrežnički Brig,42196,990,Duga Resa,990,4,Karlovačka,4
42200,Mrežnički Novaki,42200,990,Duga Resa,990,4,Karlovačka,4
42218,Mrežnički Varoš,42218,990,Duga Resa,990,4,Karlovačka,4
42226,Mrežničko Dvorište,42226,990,Duga Resa,990,4,Karlovačka,4
42234,Mrgani,42234,1759,Kanfanar,1759,18,Istarska,18
42242,Mrkopalj,42242,2755,Mrkopalj,2755,8,Primorsko-goranska,8
42269,Mrkoplje,42269,353,Brestovac,353,11,Požeško-slavonska,11
42277,Mrljane,42277,3204,Pašman,3204,13,Zadarska,13
42285,Mrzla Vodica,42285,2372,Lokve,2372,8,Primorsko-goranska,8
42293,Mrzli Dol,42293,3875,Senj,3875,9,Ličko-senjska,9
42323,Mrzljaki,42323,2810,Netretić,2810,4,Karlovačka,4
42307,Mrzlo Polje,42307,4812,Veliko Trgovišće,4812,2,Krapinsko-zagorska,2
42315,Mrzlo Polje Žumberačko,42315,5401,Žumberak,5401,1,Zagrebačka,1
42340,Mrzović,42340,3867,Semeljci,3867,14,Osječko-baranjska,14
42358,Mučići,42358,2615,Matulji,2615,8,Primorsko-goranska,8
42366,Mugeba,42366,3484,Poreč,3484,18,Istarska,18
42374,Mundanije,42374,3638,Rab,3638,8,Primorsko-goranska,8
42382,Munije,42382,1392,Grubišno Polje,1392,7,Bjelovarsko-bilogorska,7
42447,Munjava,42447,1724,Josipdol,1724,4,Karlovačka,4
42455,Munjava Modruška,42455,1724,Josipdol,1724,4,Karlovačka,4
42404,Muntić,42404,2356,Ližnjan,2356,18,Istarska,18
42412,Muntrilj,42412,4537,Tinjan,4537,18,Istarska,18
42463,Muraj,42463,2151,Krk,2151,8,Primorsko-goranska,8
42471,Muričevec,42471,2291,Lepoglava,2291,5,Varaždinska,5
42480,Murine,42480,4685,Umag,4685,18,Istarska,18
42498,Mursko Središće,42498,2763,Mursko Središće,2763,20,Međimurska,20
42501,Murter,42501,4545,Tisno,4545,15,Šibensko-kninska,15
42510,Murvica,42510,272,Bol,272,17,Splitsko-dalmatinska,17
42528,Murvica,42528,3450,Poličnik,3450,13,Zadarska,13
76618,Murvica Gornja,76597,3450,Poličnik,3450,13,Zadarska,13
42536,Musić,42536,2305,Levanjska Varoš,2305,14,Osječko-baranjska,14
42544,Mustafina Klada,42544,4774,Velika Ludina,4774,3,Sisačko-moslavačka,3
42552,Musulini,42552,5096,Vrbovsko,5096,8,Primorsko-goranska,8
42579,Mušalež,42579,3484,Poreč,3484,18,Istarska,18
42587,Mušaluk,42587,1309,Gospić,1309,9,Ličko-senjska,9
42595,Muškovci,42595,2968,Obrovac,2968,13,Zadarska,13
42609,Mutilić,42609,4677,Udbina,4677,9,Ličko-senjska,9
42617,Mutvoran,42617,2542,Marčana,2542,18,Istarska,18
42625,Mužilovčica,42625,3913,Sisak,3913,3,Sisačko-moslavačka,3
42633,Mužini,42633,5312,Žminj,5312,18,Istarska,18
42641,Nadin,42641,175,Benkovac,175,13,Zadarska,13
42650,Nadvoda,42650,2968,Obrovac,2968,13,Zadarska,13
42668,Nadvrelo,42668,1317,Gračac,1317,13,Zadarska,13
42676,Nadvučnik,42676,5096,Vrbovsko,5096,8,Primorsko-goranska,8
42684,Naglići,42684,388,Brod Moravice,388,8,Primorsko-goranska,8
74748,Najevi,74748,2585,Marina,2585,17,Splitsko-dalmatinska,17
42692,Naklice,42692,3000,Omiš,3000,17,Splitsko-dalmatinska,17
42706,Nakovanj,42706,3085,Orebić,3085,19,Dubrovačko-neretvanska,19
42714,Nard,42714,4715,Valpovo,4715,14,Osječko-baranjska,14
42722,Nardući,42722,4987,Vižinada,4987,18,Istarska,18
42749,Nart Savski,42749,3760,Rugvica,3760,1,Zagrebačka,1
42757,Narta,42757,4502,Štefanje,4502,7,Bjelovarsko-bilogorska,7
42765,Naselje Stjepana Radića,42765,5088,Vrbovec,5088,1,Zagrebačka,1
42773,Našice,42773,2780,Našice,2780,14,Osječko-baranjska,14
42781,Našičko Novo Selo,42781,1066,Đurđenovac,1066,14,Osječko-baranjska,14
42790,Natkrižovljan,42790,485,Cestica,485,5,Varaždinska,5
42803,Naudovac,42803,4243,Suhopolje,4243,10,Virovitičko-podravska,10
42811,Nebljusi,42811,841,Donji Lapac,841,9,Ličko-senjska,9
42820,Nebojan,42820,3280,Petrinja,3280,3,Sisačko-moslavačka,3
42838,Nebojse,42838,701,Desinić,701,2,Krapinsko-zagorska,2
75493,Nečujam,75493,4472,Šolta,4472,17,Splitsko-dalmatinska,17
42846,Nedelišće,42846,2798,Nedelišće,2798,20,Međimurska,20
42854,Nedeljanec,42854,4847,Vidovec,4847,5,Varaždinska,5
42862,Nedešćina,42862,4324,Sveta Nedelja,4324,18,Istarska,18
42897,Negnar,42897,434,Buzet,434,18,Istarska,18
42919,Negoslavci,42919,6122,Negoslavci,6122,16,Vukovarsko-srijemska,16
42927,Negovec,42927,5088,Vrbovec,5088,1,Zagrebačka,1
42935,Nemčevec,42935,4421,Sveti Petar Orehovec,4421,6,Koprivničko-križevačka,6
42943,Nemetin,42943,3123,Osijek,3123,14,Osječko-baranjska,14
42951,Nenadići,42951,2151,Krk,2151,8,Primorsko-goranska,8
42960,Neorić,42960,876,Muć,876,17,Splitsko-dalmatinska,17
42978,Nerezine,42978,2526,Mali Lošinj,2526,8,Primorsko-goranska,8
42986,Nerežišća,42986,2801,Nerežišća,2801,17,Splitsko-dalmatinska,17
42994,Nespeš,42994,4294,Sveti Ivan Zelina,4294,1,Zagrebačka,1
43001,Neteka,43001,1317,Gračac,1317,13,Zadarska,13
43010,Netretić,43010,2810,Netretić,2810,4,Karlovačka,4
43028,Nevest,43028,4693,Unešić,4693,15,Šibensko-kninska,15
43036,Neviđane,43036,3204,Pašman,3204,13,Zadarska,13
43044,Nevinac,43044,2879,Nova Rača,2879,7,Bjelovarsko-bilogorska,7
43052,Nijemci,43052,2950,Nijemci,2950,16,Vukovarsko-srijemska,16
43087,Nikšići,43087,5096,Vrbovsko,5096,8,Primorsko-goranska,8
43095,Nin,43095,2828,Nin,2828,13,Zadarska,13
43109,Ninski Stanovi,43109,2828,Nin,2828,13,Zadarska,13
43117,Nisko,43117,1929,Klis,1929,17,Splitsko-dalmatinska,17
43125,Niza,43125,2054,Koška,2054,14,Osječko-baranjska,14
44482,Nježić,44482,4758,Velika,4758,11,Požeško-slavonska,11
44504,Njivice,44504,3018,Omišalj,3018,8,Primorsko-goranska,8
71447,Normanci,71447,2054,Koška,2054,14,Osječko-baranjska,14
43133,Noršić Selo,43133,3808,Samobor,3808,1,Zagrebačka,1
43141,Nos Kalik,43141,957,Drniš,957,15,Šibensko-kninska,15
43150,Noskovačka Dubrava,43150,574,Čađavica,574,10,Virovitičko-podravska,10
43168,Noskovci,43168,574,Čađavica,574,10,Virovitičko-podravska,10
43176,Nova Bukovica,43176,2836,Nova Bukovica,2836,10,Virovitičko-podravska,10
43192,Nova Diklenica,43192,1767,Kapela,1767,7,Bjelovarsko-bilogorska,7
43206,Nova Drenčina,43206,3280,Petrinja,3280,3,Sisačko-moslavačka,3
43214,Nova Gradiška,43214,2844,Nova Gradiška,2844,12,Brodsko-posavska,12
43222,Nova Jošava,43222,3077,Orahovica,3077,10,Virovitičko-podravska,10
43249,Nova Kapela,43249,973,Dubrava,973,1,Zagrebačka,1
43257,Nova Kapela,43257,2852,Nova Kapela,2852,12,Brodsko-posavska,12
43265,Nova Krivaja,43265,1058,Đulovac,1058,7,Bjelovarsko-bilogorska,7
43273,Nova Kršlja,43273,3654,Rakovica,3654,4,Karlovačka,4
43281,Nova Lipa,43281,3514,Požega,3514,11,Požeško-slavonska,11
43290,Nova Lipovica,43290,582,Čaglin,582,11,Požeško-slavonska,11
43303,Nova Ljeskovica,43303,582,Čaglin,582,11,Požeško-slavonska,11
75132,Nova Mokošica,75132,981,Dubrovnik,981,19,Dubrovačko-neretvanska,19
43311,Nova Pisanica,43311,4782,Velika Pisanica,4782,7,Bjelovarsko-bilogorska,7
43320,Nova Ploščica,43320,5657,Velika Trnovitica,5657,7,Bjelovarsko-bilogorska,7
43338,Nova Rača,43338,2879,Nova Rača,2879,7,Bjelovarsko-bilogorska,7
43346,Nova Sela,43346,2194,Kula Norinska,2194,19,Dubrovačko-neretvanska,19
43354,Nova Sela,43354,3000,Omiš,3000,17,Splitsko-dalmatinska,17
43362,Nova Sela,43362,4600,Trilj,4600,17,Splitsko-dalmatinska,17
43389,Nova Subocka,43389,2933,Novska,2933,3,Sisačko-moslavačka,3
9695,Nova Šarovka,9695,4073,Sopje,4073,10,Virovitičko-podravska,10
43397,Nova Vas,43397,400,Brtonigla,400,18,Istarska,18
43419,Nova Vas,43419,2178,Kršan,2178,18,Istarska,18
43427,Nova Vas,43427,3484,Poreč,3484,18,Istarska,18
43435,Nova Ves Petrijanečka,43435,3263,Petrijanec,3263,5,Varaždinska,5
43443,Novačka,43443,1228,Gola,1228,6,Koprivničko-križevačka,6
43451,Novaki,43451,973,Dubrava,973,1,Zagrebačka,1
43460,Novaki,43460,2607,Maruševec,2607,5,Varaždinska,5
43478,Novaki,43478,4073,Sopje,4073,10,Virovitičko-podravska,10
43591,Novaki,43591,4367,Sveta Nedelja,4367,1,Zagrebačka,1
43486,Novaki Bistranski,43486,5479,Bistra,5479,1,Zagrebačka,1
43494,Novaki Bizovački,43494,230,Bizovac,230,14,Osječko-baranjska,14
43508,Novaki Lipnički,43508,5568,Ribnik,5568,4,Karlovačka,4
43516,Novaki Motovunski,43516,5967,Karojba,5967,18,Istarska,18
43524,Novaki Nartski,43524,3760,Rugvica,3760,1,Zagrebačka,1
43532,Novaki Oborovski,43532,3760,Rugvica,3760,1,Zagrebačka,1
43559,Novaki Ozaljski,43559,3158,Ozalj,3158,4,Karlovačka,4
43567,Novaki Pazinski,43567,477,Cerovlje,477,18,Istarska,18
43575,Novaki Petrovinski,43575,1694,Jastrebarsko,1694,1,Zagrebačka,1
43583,Novaki Ravenski,43583,2143,Križevci,2143,6,Koprivničko-križevačka,6
43605,Novaki Šćitarjevski,43605,5410,Velika Gorica,5410,1,Zagrebačka,1
43613,Novakovec,43613,1651,Jalžabet,1651,5,Varaždinska,5
43621,Novakovec,43621,3425,Podturen,3425,20,Međimurska,20
43630,Novakovec Bisaški,43630,4294,Sveti Ivan Zelina,4294,1,Zagrebačka,1
43648,Novalja,43648,2887,Novalja,2887,9,Ličko-senjska,9
43656,Nove Hiže,43656,388,Brod Moravice,388,8,Primorsko-goranska,8
43664,Novi Antunovac,43664,4499,Špišić Bukovica,4499,10,Virovitičko-podravska,10
43672,Novi Bešinci,43672,1775,Kaptol,1775,11,Požeško-slavonska,11
43699,Novi Bezdan,43699,3255,Petlovac,3255,14,Osječko-baranjska,14
43702,Novi Bolman,43702,6092,Jagodnjak,6092,14,Osječko-baranjska,14
43729,Novi Bošnjani,43729,2143,Križevci,2143,6,Koprivničko-križevačka,6
43737,Novi Čeminac,43737,6092,Jagodnjak,6092,14,Osječko-baranjska,14
43745,Novi Dol,43745,78,Barilovići,78,4,Karlovačka,4
43753,Novi Dvori Klanječki,43753,1872,Klanjec,1872,2,Krapinsko-zagorska,2
43761,Novi Đurđic,43761,2143,Križevci,2143,6,Koprivničko-križevačka,6
43770,Novi Farkašić,43770,3280,Petrinja,3280,3,Sisačko-moslavačka,3
43788,Novi Glog,43788,4391,Sveti Ivan Žabno,4391,6,Koprivničko-križevačka,6
43796,Novi Golubovec,43796,5541,Novi Golubovec,5541,2,Krapinsko-zagorska,2
43800,Novi Grabovac,43800,2933,Novska,2933,3,Sisačko-moslavačka,3
43818,Novi Grad,43818,3034,Oprisavci,3034,12,Brodsko-posavska,12
43826,Novi Gradac,43826,1368,Gradina,1368,10,Virovitičko-podravska,10
43834,Novi Jankovci,43834,4146,Stari Jankovci,4146,16,Vukovarsko-srijemska,16
43842,Novi Lazi,43842,388,Brod Moravice,388,8,Primorsko-goranska,8
43869,Novi Majur,43869,3182,Pakrac,3182,11,Požeško-slavonska,11
43877,Novi Marof,43877,2895,Novi Marof,2895,5,Varaždinska,5
43885,Novi Mihaljevci,43885,3514,Požega,3514,11,Požeško-slavonska,11
43893,Novi Mikanovci,43893,4154,Stari Mikanovci,4154,16,Vukovarsko-srijemska,16
43907,Novi Pavljani,43907,248,Bjelovar,248,7,Bjelovarsko-bilogorska,7
43915,Novi Perkovci,43915,1031,Đakovo,1031,14,Osječko-baranjska,14
43923,Novi Senkovac,43923,3956,Slatina,3956,10,Virovitičko-podravska,10
43931,Novi Skucani,43931,1767,Kapela,1767,7,Bjelovarsko-bilogorska,7
43940,Novi Štitnjak,43940,3514,Požega,3514,11,Požeško-slavonska,11
43958,Novi Varoš,43958,4120,Stara Gradiška,4120,12,Brodsko-posavska,12
43966,Novi Vinodolski,43966,2909,Novi Vinodolski,2909,8,Primorsko-goranska,8
43974,Novi Zdenkovac,43974,582,Čaglin,582,11,Požeško-slavonska,11
43982,Novigrad,43982,2917,Novigrad - Istarska ž.,2917,18,Istarska,18
44008,Novigrad,44008,5371,Novigrad - Zadarska ž.,5371,13,Zadarska,13
44016,Novigrad Na Dobri,44016,2810,Netretić,2810,4,Karlovačka,4
44024,Novigrad Podravski,44024,2925,Novigrad Podravski,2925,6,Koprivničko-križevačka,6
44032,Novo Brdo,44032,5452,Kravarsko,5452,1,Zagrebačka,1
44059,Novo Brdo Mrežničko,44059,990,Duga Resa,990,4,Karlovačka,4
44067,Novo Čiče,44067,5410,Velika Gorica,5410,1,Zagrebačka,1
44075,Novo Kusonje,44075,4995,Voćin,4995,10,Virovitičko-podravska,10
44083,Novo Mjesto,44083,4294,Sveti Ivan Zelina,4294,1,Zagrebačka,1
44091,Novo Nevesinje,44091,3255,Petlovac,3255,14,Osječko-baranjska,14
44105,Novo Petrovo Polje,44105,540,Crnac,540,10,Virovitičko-podravska,10
44113,Novo Pračno,44113,3913,Sisak,3913,3,Sisačko-moslavačka,3
44121,Novo Selište,44121,3280,Petrinja,3280,3,Sisačko-moslavačka,3
44130,Novo Selo,44130,639,Čazma,639,7,Bjelovarsko-bilogorska,7
44148,Novo Selo,44148,3514,Požega,3514,11,Požeško-slavonska,11
44156,Novo Selo,44156,3832,Selca,3832,17,Splitsko-dalmatinska,17
44164,Novo Selo,44164,3913,Sisak,3913,3,Sisačko-moslavačka,3
44172,Novo Selo,44172,4006,Slunj,4006,4,Karlovačka,4
44199,Novo Selo,44199,5088,Vrbovec,5088,1,Zagrebačka,1
44202,Novo Selo Bosiljevsko,44202,302,Bosiljevo,302,4,Karlovačka,4
44229,Novo Selo Garešničko,44229,183,Berek,183,7,Bjelovarsko-bilogorska,7
44237,Novo Selo Glinsko,44237,1210,Glina,1210,3,Sisačko-moslavačka,3
44245,Novo Selo Koreničko,44245,4553,Plitvička Jezera,4553,9,Ličko-senjska,9
44253,Novo Selo Lasinjsko,44253,2259,Lasinja,2259,4,Karlovačka,4
44261,Novo Selo Lekeničko,44261,5410,Velika Gorica,5410,1,Zagrebačka,1
44270,Novo Selo Na Dravi,44270,604,Čakovec,604,20,Međimurska,20
44288,Novo Selo Okićko,44288,1902,Klinča Sela,1902,1,Zagrebačka,1
44296,Novo Selo Palanječko,44296,3913,Sisak,3913,3,Sisačko-moslavačka,3
44300,Novo Selo Perjasičko,44300,78,Barilovići,78,4,Karlovačka,4
44318,Novo Selo Podravsko,44318,2518,Mali Bukovec,2518,5,Varaždinska,5
44326,Novo Selo Rok,44326,604,Čakovec,604,20,Međimurska,20
44334,Novo Selo Žumberačko,44334,3808,Samobor,3808,1,Zagrebačka,1
44342,Novo Topolje,44342,817,Donji Andrijevci,817,12,Brodsko-posavska,12
44369,Novo Virje,44369,5614,Novo Virje,5614,6,Koprivničko-križevačka,6
44377,Novo Zvečevo,44377,353,Brestovac,353,11,Požeško-slavonska,11
44385,Novoselci,44385,3344,Pleternica,3344,11,Požeško-slavonska,11
44393,Novoselci,44393,4260,Sunja,4260,3,Sisačko-moslavačka,3
44407,Novoselec,44407,2135,Križ,2135,1,Zagrebačka,1
44431,Novoseljani,44431,248,Bjelovar,248,7,Bjelovarsko-bilogorska,7
44415,Novoselo Bilajsko,44415,1309,Gospić,1309,9,Ličko-senjska,9
44423,Novoselo Trnovačko,44423,1309,Gospić,1309,9,Ličko-senjska,9
44440,Novska,44440,2933,Novska,2933,3,Sisačko-moslavačka,3
44458,Nunić,44458,1848,Kistanje,1848,15,Šibensko-kninska,15
44466,Nurkovac,44466,353,Brestovac,353,11,Požeško-slavonska,11
44474,Nuštar,44474,2941,Nuštar,2941,16,Vukovarsko-srijemska,16
44512,Obed,44512,5428,Orle,5428,1,Zagrebačka,1
44539,Obedišće,44539,2135,Križ,2135,1,Zagrebačka,1
44547,Obedišće Ježevsko,44547,3760,Rugvica,3760,1,Zagrebačka,1
44555,Oblakovac,44555,353,Brestovac,353,11,Požeško-slavonska,11
44563,Oborovo,44563,3760,Rugvica,3760,1,Zagrebačka,1
44571,Oborovo Bistransko,44571,5479,Bistra,5479,1,Zagrebačka,1
44580,Obradovci,44580,5240,Zdenci,5240,10,Virovitičko-podravska,10
44598,Obrankovec,44598,4375,Sveti Đurđ,4375,5,Varaždinska,5
44601,Obrezina,44601,5410,Velika Gorica,5410,1,Zagrebačka,1
44610,Obrež Kalnički,44610,5606,Kalnik,5606,6,Koprivničko-križevačka,6
44628,Obrež Vivodinski,44628,3158,Ozalj,3158,4,Karlovačka,4
44636,Obrež Zelinski,44636,4294,Sveti Ivan Zelina,4294,1,Zagrebačka,1
44644,Obrh,44644,5568,Ribnik,5568,4,Karlovačka,4
44652,Obrovac,44652,2968,Obrovac,2968,13,Zadarska,13
44679,Obrovac Sinjski,44679,3891,Sinj,3891,17,Splitsko-dalmatinska,17
44687,Obrovnica,44687,248,Bjelovar,248,7,Bjelovarsko-bilogorska,7
44695,Obrš,44695,2739,Mošćenička Draga,2739,8,Primorsko-goranska,8
44709,Očura,44709,2291,Lepoglava,2291,5,Varaždinska,5
44717,Očura,44717,5541,Novi Golubovec,5541,2,Krapinsko-zagorska,2
44725,Oćestovo,44725,1961,Knin,1961,15,Šibensko-kninska,15
44733,Odra,44733,1333,Grad Zagreb,1333,22,Grad Zagreb,22
44741,Odra Sisačka,44741,3913,Sisak,3913,3,Sisačko-moslavačka,3
44750,Odranski Obrež,44750,1333,Grad Zagreb,1333,22,Grad Zagreb,22
44768,Oglavci,44768,5827,Rogoznica,5827,15,Šibensko-kninska,15
44776,Ogulin,44776,2976,Ogulin,2976,4,Karlovačka,4
44784,Ogulinec,44784,5410,Velika Gorica,5410,1,Zagrebačka,1
44792,Ohnići,44792,4987,Vižinada,4987,18,Istarska,18
44806,Okešinec,44806,2135,Križ,2135,1,Zagrebačka,1
44814,Okić,44814,1791,Karlovac,1791,4,Karlovačka,4
44822,Oklaj,44822,2984,Promina,2984,15,Šibensko-kninska,15
44857,Oključna,44857,1970,Komiža,1970,17,Splitsko-dalmatinska,17
44865,Okoli,44865,4774,Velika Ludina,4774,3,Sisačko-moslavačka,3
44873,Okreti,44873,1759,Kanfanar,1759,18,Istarska,18
44881,Okrivje,44881,558,Čabar,558,8,Primorsko-goranska,8
44890,Okrug Donji,44890,5886,Okrug,5886,17,Splitsko-dalmatinska,17
44903,Okrug Gornji,44903,5886,Okrug,5886,17,Splitsko-dalmatinska,17
44911,Okrugli Vrh,44911,4405,Sveti Juraj Na Bregu,4405,20,Međimurska,20
44938,Okrugljača,44938,4499,Špišić Bukovica,4499,10,Virovitičko-podravska,10
44946,Okučani,44946,2992,Okučani,2992,12,Brodsko-posavska,12
44954,Okuje,44954,5410,Velika Gorica,5410,1,Zagrebačka,1
44962,Okuklje,44962,2682,Mljet,2682,19,Dubrovačko-neretvanska,19
44989,Okunšćak,44989,3760,Rugvica,3760,1,Zagrebačka,1
44997,Olib,44997,5207,Zadar,5207,13,Zadarska,13
45004,Oljasi,45004,4758,Velika,4758,11,Požeško-slavonska,11
45012,Omamno,45012,5509,Bedenica,5509,1,Zagrebačka,1
45039,Omanovac,45039,3182,Pakrac,3182,11,Požeško-slavonska,11
45047,Omiš,45047,3000,Omiš,3000,17,Splitsko-dalmatinska,17
45055,Omišalj,45055,3018,Omišalj,3018,8,Primorsko-goranska,8
45063,Omsica,45063,1317,Gračac,1317,13,Zadarska,13
45071,Ondić,45071,4677,Udbina,4677,9,Ličko-senjska,9
45080,Opanci,45080,2437,Lovreć,2437,17,Splitsko-dalmatinska,17
45098,Opasanjek,45098,5274,Zlatar-Bistrica,5274,2,Krapinsko-zagorska,2
45110,Opatija,45110,3026,Opatija,3026,8,Primorsko-goranska,8
45101,Opatija,45101,5444,Pokupsko,5444,1,Zagrebačka,1
45128,Opatinec,45128,1589,Ivanić-Grad,1589,1,Zagrebačka,1
45136,Opatovac,45136,469,Cernik,469,12,Brodsko-posavska,12
45144,Opatovac,45144,2399,Lovas,2399,16,Vukovarsko-srijemska,16
45152,Općevac,45152,639,Čazma,639,7,Bjelovarsko-bilogorska,7
45179,Oplaznik,45179,5398,Marija Gorica,5398,1,Zagrebačka,1
45187,Oporovec,45187,3557,Prelog,3557,20,Međimurska,20
45195,Oprič,45195,3026,Opatija,3026,8,Primorsko-goranska,8
45209,Oprisavci,45209,3034,Oprisavci,3034,12,Brodsko-posavska,12
45217,Opršinac,45217,469,Cernik,469,12,Brodsko-posavska,12
45225,Oprtalj,45225,3042,Oprtalj,3042,18,Istarska,18
45233,Opuzen,45233,3069,Opuzen,3069,19,Dubrovačko-neretvanska,19
45241,Orah,45241,5118,Vrgorac,5118,17,Splitsko-dalmatinska,17
45250,Orahovica,45250,3077,Orahovica,3077,10,Virovitičko-podravska,10
45268,Oraovac,45268,841,Donji Lapac,841,9,Ličko-senjska,9
45276,Orašac,45276,981,Dubrovnik,981,19,Dubrovačko-neretvanska,19
45284,Oratje,45284,2127,Krapinske Toplice,2127,2,Krapinsko-zagorska,2
45292,Oravac,45292,4553,Plitvička Jezera,4553,9,Ličko-senjska,9
45306,Orbani,45306,4316,Sveti Lovreč,4316,18,Istarska,18
45314,Orbanići,45314,2542,Marčana,2542,18,Istarska,18
45322,Orbanići,45322,5312,Žminj,5312,18,Istarska,18
45349,Ordanja,45349,2054,Koška,2054,14,Osječko-baranjska,14
45357,Orebić,45357,3085,Orebić,3085,19,Dubrovačko-neretvanska,19
45365,Orehova Gorica,45365,1252,Gornja Stubica,1252,2,Krapinsko-zagorska,2
45373,Orehovec,45373,2895,Novi Marof,2895,5,Varaždinska,5
45381,Orehovec,45381,4421,Sveti Petar Orehovec,4421,6,Koprivničko-križevačka,6
45390,Orehovec Radobojski,45390,3646,Radoboj,3646,2,Krapinsko-zagorska,2
45403,Orehovica,45403,116,Bedekovčina,116,2,Krapinsko-zagorska,2
45411,Orehovica,45411,6050,Orehovica,6050,20,Međimurska,20
45420,Orešac,45420,4243,Suhopolje,4243,10,Virovitičko-podravska,10
45438,Orešje,45438,4367,Sveta Nedelja,4367,1,Zagrebačka,1
45446,Orešje Humsko,45446,1520,Hum Na Sutli,1520,2,Krapinsko-zagorska,2
45454,Orešje Okićko,45454,1694,Jastrebarsko,1694,1,Zagrebačka,1
45462,Orič,45462,3301,Pićan,3301,18,Istarska,18
45489,Orihi,45489,60,Barban,60,18,Istarska,18
45497,Orijevac,45497,78,Barilovići,78,4,Karlovačka,4
45519,Oriovac,45519,3093,Oriovac,3093,12,Brodsko-posavska,12
45527,Oriovčić,45527,3387,Podcrkavlje,3387,12,Brodsko-posavska,12
45535,Orišje,45535,302,Bosiljevo,302,4,Karlovačka,4
45551,Orle,45551,5428,Orle,5428,1,Zagrebačka,1
45560,Orlec,45560,523,Cres,523,8,Primorsko-goranska,8
45578,Orlić,45578,3107,Orlić,3107,15,Šibensko-kninska,15
45543,Orljakovo,45543,5304,Žakanje,5304,4,Karlovačka,4
45608,Orljavac,45608,353,Brestovac,353,11,Požeško-slavonska,11
45594,Orlovac,45594,1392,Grubišno Polje,1392,7,Bjelovarsko-bilogorska,7
45586,Orlovac,45586,2879,Nova Rača,2879,7,Bjelovarsko-bilogorska,7
45616,Ornice,45616,1309,Gospić,1309,9,Ličko-senjska,9
45624,Orolik,45624,4146,Stari Jankovci,4146,16,Vukovarsko-srijemska,16
45632,Oroslavje,45632,3115,Oroslavje,3115,2,Krapinsko-zagorska,2
45659,Orovac,45659,5622,Severin,5622,7,Bjelovarsko-bilogorska,7
45667,Orubica,45667,680,Davor,680,12,Brodsko-posavska,12
45675,Osečka,45675,1562,Ivanec,1562,5,Varaždinska,5
45683,Osekovo,45683,3476,Popovača,3476,3,Sisačko-moslavačka,3
45691,Osijek,45691,3123,Osijek,3123,14,Osječko-baranjska,14
45705,Osijek Vojakovački,45705,2143,Križevci,2143,6,Koprivničko-križevačka,6
45713,Oskoruš,45713,426,Buje,426,18,Istarska,18
45721,Oskorušno,45721,3085,Orebić,3085,19,Dubrovačko-neretvanska,19
45730,Oslići,45730,477,Cerovlje,477,18,Istarska,18
45748,Osobjava,45748,5991,Janjina,5991,19,Dubrovačko-neretvanska,19
45756,Osoje,45756,728,Dicmo,728,17,Splitsko-dalmatinska,17
45764,Osojnik,45764,981,Dubrovnik,981,19,Dubrovačko-neretvanska,19
45772,Osojnik,45772,5096,Vrbovsko,5096,8,Primorsko-goranska,8
45799,Osonjak,45799,124,Bednja,124,5,Varaždinska,5
45802,Osor,45802,2526,Mali Lošinj,2526,8,Primorsko-goranska,8
45829,Osredci,45829,1317,Gračac,1317,13,Zadarska,13
45837,Osredek Desinićki,45837,701,Desinić,701,2,Krapinsko-zagorska,2
45845,Osredek Žumberački,45845,3808,Samobor,3808,1,Zagrebačka,1
45853,Ostojići,45853,1023,Dvor,1023,3,Sisačko-moslavačka,3
45861,Ostrogašica,45861,4693,Unešić,4693,15,Šibensko-kninska,15
45870,Ostrošinci,45870,3409,Podgorač,3409,14,Osječko-baranjska,14
45888,Ostrovica,45888,2348,Lišane Ostrovičke,2348,13,Zadarska,13
45896,Ostrovo,45896,6106,Markušica,6106,16,Vukovarsko-srijemska,16
45900,Ostrožin,45900,5100,Gvozd,5100,3,Sisačko-moslavačka,3
45918,Ostrvica,45918,1309,Gospić,1309,9,Ličko-senjska,9
45926,Ostrvica,45926,3000,Omiš,3000,17,Splitsko-dalmatinska,17
45934,Osunja,45934,3808,Samobor,3808,1,Zagrebačka,1
45942,Ošljak,45942,3549,Preko,3549,13,Zadarska,13
45969,Ošlje,45969,5983,Dubrovačko Primorje,5983,19,Dubrovačko-neretvanska,19
45977,Oštarije,45977,1724,Josipdol,1724,4,Karlovačka,4
45985,Oštarski Stanovi,45985,3654,Rakovica,3654,4,Karlovačka,4
46019,Oštri Vrh,46019,4189,Staro Petrovo Selo,4189,12,Brodsko-posavska,12
46027,Oštri Zid,46027,183,Berek,183,7,Bjelovarsko-bilogorska,7
46035,Oštrice,46035,2895,Novi Marof,2895,5,Varaždinska,5
46043,Oštrobradić,46043,2534,Malinska-Dubašnica,2534,8,Primorsko-goranska,8
46051,Otavice,46051,3778,Ružić,3778,15,Šibensko-kninska,15
46060,Oteš,46060,1309,Gospić,1309,9,Ličko-senjska,9
46078,Otišić,46078,5134,Vrlika,5134,17,Splitsko-dalmatinska,17
46086,Otkopi,46086,1996,Končanica,1996,7,Bjelovarsko-bilogorska,7
46094,Otočac,46094,3131,Otočac,3131,9,Ličko-senjska,9
46108,Otočka,46108,1228,Gola,1228,6,Koprivničko-križevačka,6
46124,Otok,46124,3140,Otok,3140,17,Splitsko-dalmatinska,17
46116,Otok,46116,5355,Otok (Vinkovci),5355,16,Vukovarsko-srijemska,16
46132,Otok,46132,3557,Prelog,3557,20,Međimurska,20
76031,Otok,76031,3999,Slivno,3999,19,Dubrovačko-neretvanska,19
46159,Otok Na Dobri,46159,302,Bosiljevo,302,4,Karlovačka,4
46167,Otok Nartski,46167,3760,Rugvica,3760,1,Zagrebačka,1
46175,Otok Oštarijski,46175,2976,Ogulin,2976,4,Karlovačka,4
46183,Otok Svibovski,46183,3760,Rugvica,3760,1,Zagrebačka,1
46191,Otok Virje,46191,485,Cestica,485,5,Varaždinska,5
46205,Otok-Duba,46205,3999,Slivno,3999,19,Dubrovačko-neretvanska,19
46213,Oton,46213,1139,Ervenik,1139,15,Šibensko-kninska,15
46221,Otrčkovec,46221,5509,Bedenica,5509,1,Zagrebačka,1
46230,Otrić,46230,1317,Gračac,1317,13,Zadarska,13
46248,Otrić-Seoci,46248,3433,Pojezerje,3433,19,Dubrovačko-neretvanska,19
46256,Otrovanec,46256,3328,Pitomača,3328,10,Virovitičko-podravska,10
46264,Otruševec,46264,3808,Samobor,3808,1,Zagrebačka,1
46272,Ovčara,46272,655,Čepin,655,14,Osječko-baranjska,14
46299,Ovčara,46299,2305,Levanjska Varoš,2305,14,Osječko-baranjska,14
46329,Ovčare,46329,2216,Kutjevo,2216,11,Požeško-slavonska,11
46337,Ovrlje,46337,3140,Otok,3140,17,Splitsko-dalmatinska,17
46345,Ozalj,46345,3158,Ozalj,3158,4,Karlovačka,4
46353,Ozdakovci,46353,4758,Velika,4758,11,Požeško-slavonska,11
46361,Ožegovci,46361,3182,Pakrac,3182,11,Požeško-slavonska,11
46370,Pačetin,46370,4642,Trpinja,4642,16,Vukovarsko-srijemska,16
46388,Pađene,46388,1139,Ervenik,1139,15,Šibensko-kninska,15
46396,Pag,46396,3166,Pag,3166,13,Zadarska,13
46400,Pagubice,46400,477,Cerovlje,477,18,Istarska,18
46418,Pajari,46418,4316,Sveti Lovreč,4316,18,Istarska,18
46426,Pajkovići,46426,4359,Svetvinčenat,4359,18,Istarska,18
46434,Paka,46434,582,Čaglin,582,11,Požeško-slavonska,11
46442,Paka,46442,2895,Novi Marof,2895,5,Varaždinska,5
46469,Paklenica,46469,2933,Novska,2933,3,Sisačko-moslavačka,3
46477,Pakoštane,46477,3174,Pakoštane,3174,13,Zadarska,13
46485,Pakovo Selo,46485,957,Drniš,957,15,Šibensko-kninska,15
46493,Pakrac,46493,3182,Pakrac,3182,11,Požeško-slavonska,11
46507,Pakrani,46507,3905,Sirač,3905,7,Bjelovarsko-bilogorska,7
46515,Palača,46515,6149,Šodolovci,6149,14,Osječko-baranjska,14
46523,Paladini,46523,434,Buzet,434,18,Istarska,18
46531,Palagruža,46531,1970,Komiža,1970,17,Splitsko-dalmatinska,17
46540,Palančani,46540,639,Čazma,639,7,Bjelovarsko-bilogorska,7
46566,Palanjek,46566,3913,Sisak,3913,3,Sisačko-moslavačka,3
46574,Palanjek Pokupski,46574,2283,Lekenik,2283,3,Sisačko-moslavačka,3
46558,Palanka,46558,1317,Gračac,1317,13,Zadarska,13
46582,Palešnik,46582,1449,Hercegovac,1449,7,Bjelovarsko-bilogorska,7
46604,Palinovec,46604,825,Donji Kraljevec,825,20,Međimurska,20
46612,Palit,46612,3638,Rab,3638,8,Primorsko-goranska,8
46647,Palje Brdo,46647,1988,Konavle,1988,19,Dubrovačko-neretvanska,19
46655,Paljevina,46655,949,Drenje,949,14,Osječko-baranjska,14
46663,Paljevine,46663,1619,Ivanska,1619,7,Bjelovarsko-bilogorska,7
46671,Paljugi,46671,1694,Jastrebarsko,1694,1,Zagrebačka,1
46680,Paljuv,46680,5371,Novigrad - Zadarska ž.,5371,13,Zadarska,13
46639,Palovec,46639,2500,Mala Subotica,2500,20,Međimurska,20
46698,Pamići,46698,5312,Žminj,5312,18,Istarska,18
46701,Panjani,46701,1503,Hrvatska Kostajnica,1503,3,Sisačko-moslavačka,3
46710,Papići,46710,4260,Sunja,4260,3,Sisačko-moslavačka,3
46728,Papinec,46728,4847,Vidovec,4847,5,Varaždinska,5
46736,Paradiž,46736,4324,Sveta Nedelja,4324,18,Istarska,18
76406,Parag,76406,2798,Nedelišće,2798,20,Međimurska,20
46744,Parčić,46744,957,Drniš,957,15,Šibensko-kninska,15
46752,Parčić,46752,1848,Kistanje,1848,15,Šibensko-kninska,15
46779,Parg,46779,558,Čabar,558,8,Primorsko-goranska,8
46795,Paruževac,46795,973,Dubrava,973,1,Zagrebačka,1
46809,Paruževina,46809,1333,Grad Zagreb,1333,22,Grad Zagreb,22
46817,Pasadur,46817,2267,Lastovo,2267,19,Dubrovačko-neretvanska,19
46825,Pasanska Gorica,46825,1252,Gornja Stubica,1252,2,Krapinsko-zagorska,2
46833,Pasikovci,46833,353,Brestovac,353,11,Požeško-slavonska,11
46841,Pasjak,46841,2615,Matulji,2615,8,Primorsko-goranska,8
46850,Pašin Potok,46850,493,Cetingrad,493,4,Karlovačka,4
46868,Pašman,46868,3204,Pašman,3204,13,Zadarska,13
46876,Pašnik,46876,124,Bednja,124,5,Varaždinska,5
46884,Patkovac,46884,248,Bjelovar,248,7,Bjelovarsko-bilogorska,7
46892,Pauci,46892,388,Brod Moravice,388,8,Primorsko-goranska,8
46906,Paučje,46906,2305,Levanjska Varoš,2305,14,Osječko-baranjska,14
46914,Paukovac,46914,1023,Dvor,1023,3,Sisačko-moslavačka,3
46922,Paukovec,46922,4294,Sveti Ivan Zelina,4294,1,Zagrebačka,1
46949,Paulin Dvor,46949,6149,Šodolovci,6149,14,Osječko-baranjska,14
46957,Paulovac,46957,4839,Veliko Trojstvo,4839,7,Bjelovarsko-bilogorska,7
46965,Paunovac,46965,4057,Sokolovac,4057,6,Koprivničko-križevačka,6
46973,Paušinci,46973,566,Čačinci,566,10,Virovitičko-podravska,10
75574,Paveki,75574,5380,Kostrena,5380,8,Primorsko-goranska,8
46981,Pavičići,46981,2810,Netretić,2810,4,Karlovačka,4
46990,Pavićini,46990,2542,Marčana,2542,18,Istarska,18
47007,Pavković Selo,47007,2160,Krnjak,2160,4,Karlovačka,4
47015,Pavličani,47015,639,Čazma,639,7,Bjelovarsko-bilogorska,7
47023,Pavlin Kloštar,47023,1767,Kapela,1767,7,Bjelovarsko-bilogorska,7
47031,Pavlovac,47031,4006,Slunj,4006,4,Karlovačka,4
47040,Pavlovac,47040,4804,Veliki Grđevac,4804,7,Bjelovarsko-bilogorska,7
47058,Pavlovac Vrebački,47058,1309,Gospić,1309,9,Ličko-senjska,9
47066,Pavlovci,47066,353,Brestovac,353,11,Požeško-slavonska,11
47074,Pavlovci,47074,2852,Nova Kapela,2852,12,Brodsko-posavska,12
47082,Pavlovčani,47082,1694,Jastrebarsko,1694,1,Zagrebačka,1
47104,Pavlovec Pregradski,47104,3522,Pregrada,3522,2,Krapinsko-zagorska,2
47112,Pavlovec Ravenski,47112,2143,Križevci,2143,6,Koprivničko-križevačka,6
47139,Pavlovec Zabočki,47139,5193,Zabok,5193,2,Krapinsko-zagorska,2
47147,Pavučnjak,47147,3808,Samobor,3808,1,Zagrebačka,1
47155,Paz,47155,477,Cerovlje,477,18,Istarska,18
47163,Pazin,47163,3212,Pazin,3212,18,Istarska,18
47171,Pažurovec,47171,418,Budinščina,418,2,Krapinsko-zagorska,2
47180,Pčelić,47180,4243,Suhopolje,4243,10,Virovitičko-podravska,10
47198,Pece,47198,418,Budinščina,418,2,Krapinsko-zagorska,2
47201,Pece,47201,1562,Ivanec,1562,5,Varaždinska,5
47210,Pecka,47210,4570,Topusko,4570,3,Sisačko-moslavačka,3
47228,Pecki,47228,3280,Petrinja,3280,3,Sisačko-moslavačka,3
47236,Pećane,47236,4677,Udbina,4677,9,Ličko-senjska,9
47244,Pećarići,47244,3158,Ozalj,3158,4,Karlovačka,4
47252,Pećca,47252,4880,Vinodolska Općina,4880,8,Primorsko-goranska,8
47279,Pećišće,47279,3930,Skrad,3930,8,Primorsko-goranska,8
47287,Pećno,47287,5339,Krašić,5339,1,Zagrebačka,1
47295,Pećurkovo Brdo,47295,990,Duga Resa,990,4,Karlovačka,4
47309,Pedalj,47309,1023,Dvor,1023,3,Sisačko-moslavačka,3
47317,Pehardovac,47317,973,Dubrava,973,1,Zagrebačka,1
47325,Peklenica,47325,2763,Mursko Središće,2763,20,Međimurska,20
47333,Pengari,47333,434,Buzet,434,18,Istarska,18
47341,Peničići,47341,434,Buzet,434,18,Istarska,18
47350,Pepelana,47350,4243,Suhopolje,4243,10,Virovitičko-podravska,10
47368,Peračko Blato,47368,3352,Ploče,3352,19,Dubrovačko-neretvanska,19
47376,Perci,47376,434,Buzet,434,18,Istarska,18
47384,Perci,47384,3484,Poreč,3484,18,Istarska,18
47392,Perenci,47392,353,Brestovac,353,11,Požeško-slavonska,11
47406,Peresiji,47406,4359,Svetvinčenat,4359,18,Istarska,18
47414,Perići,47414,2160,Krnjak,2160,4,Karlovačka,4
47449,Perini,47449,4316,Sveti Lovreč,4316,18,Istarska,18
47457,Perjasica,47457,78,Barilovići,78,4,Karlovačka,4
47465,Perković,47465,4448,Šibenik,4448,15,Šibensko-kninska,15
47473,Permani,47473,2615,Matulji,2615,8,Primorsko-goranska,8
47481,Perna,47481,4570,Topusko,4570,3,Sisačko-moslavačka,3
47490,Pernat,47490,523,Cres,523,8,Primorsko-goranska,8
47503,Peroj,47503,5029,Vodnjan,5029,18,Istarska,18
75604,Perovići,75604,5380,Kostrena,5380,8,Primorsko-goranska,8
47511,Peršaves,47511,2488,Mače,2488,2,Krapinsko-zagorska,2
47520,Perušić,47520,3239,Perušić,3239,9,Ličko-senjska,9
47538,Perušić Benkovački,47538,175,Benkovac,175,13,Zadarska,13
76171,Perušić Donji,76171,175,Benkovac,175,13,Zadarska,13
47546,Peruški,47546,2542,Marčana,2542,18,Istarska,18
47554,Pesak,47554,1694,Jastrebarsko,1694,1,Zagrebačka,1
47562,Pesek,47562,2143,Križevci,2143,6,Koprivničko-križevačka,6
47589,Peskovec,47589,5088,Vrbovec,5088,1,Zagrebačka,1
47597,Peščenik,47597,4057,Sokolovac,4057,6,Koprivničko-križevačka,6
47619,Pešćenica,47619,2283,Lekenik,2283,3,Sisačko-moslavačka,3
47627,Pešćenica Vinička,47627,4863,Vinica,4863,5,Varaždinska,5
47635,Pešćeno,47635,2003,Konjščina,2003,2,Krapinsko-zagorska,2
47651,Petar,47651,2739,Mošćenička Draga,2739,8,Primorsko-goranska,8
47660,Petehi,47660,60,Barban,60,18,Istarska,18
47678,Peteranec,47678,3247,Peteranec,3247,6,Koprivničko-križevačka,6
47686,Petina,47686,5410,Velika Gorica,5410,1,Zagrebačka,1
47694,Petkov Breg,47694,3808,Samobor,3808,1,Zagrebačka,1
47708,Petkovac,47708,3280,Petrinja,3280,3,Sisačko-moslavačka,3
47716,Petkovec Toplički,47716,4731,Varaždinske Toplice,4731,5,Varaždinska,5
47724,Petlovac,47724,3255,Petlovac,3255,14,Osječko-baranjska,14
75353,Petrača,75353,6025,Župa Dubrovačka,6025,19,Dubrovačko-neretvanska,19
47732,Petrakovo Brdo,47732,990,Duga Resa,990,4,Karlovačka,4
47759,Petravec,47759,5410,Velika Gorica,5410,1,Zagrebačka,1
47767,Petrčane,47767,5207,Zadar,5207,13,Zadarska,13
47775,Petričko Selo,47775,5401,Žumberak,5401,1,Zagrebačka,1
47783,Petrijanec,47783,3263,Petrijanec,3263,5,Varaždinska,5
47791,Petrijevci,47791,3271,Petrijevci,3271,14,Osječko-baranjska,14
47813,Petrinja,47813,3280,Petrinja,3280,3,Sisačko-moslavačka,3
47821,Petrinjci,47821,4260,Sunja,4260,3,Sisačko-moslavačka,3
47805,Petrinovići,47805,4880,Vinodolska Općina,4880,8,Primorsko-goranska,8
47830,Petrova Gora,47830,2364,Lobor,2364,2,Krapinsko-zagorska,2
47848,Petrova Poljana,47848,5037,Vojnić,5037,4,Karlovačka,4
47856,Petrova Slatina,47856,6149,Šodolovci,6149,14,Osječko-baranjska,14
47872,Petrovci,47872,264,Bogdanovci,264,16,Vukovarsko-srijemska,16
47899,Petrovec,47899,2283,Lekenik,2283,3,Sisačko-moslavačka,3
47902,Petrovići,47902,5096,Vrbovsko,5096,8,Primorsko-goranska,8
47929,Petrovija,47929,4685,Umag,4685,18,Istarska,18
47937,Petrovina,47937,1694,Jastrebarsko,1694,1,Zagrebačka,1
47945,Petrovina Turopoljska,47945,5410,Velika Gorica,5410,1,Zagrebačka,1
75159,Petrovo Selo,75159,981,Dubrovnik,981,19,Dubrovačko-neretvanska,19
47953,Petrovsko,47953,3298,Petrovsko,3298,2,Krapinsko-zagorska,2
47961,Petrunići,47961,1201,Generalski Stol,1201,4,Karlovačka,4
47970,Petruš Vrh,47970,3158,Ozalj,3158,4,Karlovačka,4
47988,Petruševec,47988,5266,Zlatar,5266,2,Krapinsko-zagorska,2
47996,Pićan,47996,3301,Pićan,3301,18,Istarska,18
48003,Pifari,48003,5312,Žminj,5312,18,Istarska,18
48011,Pihovec,48011,1651,Jalžabet,1651,5,Varaždinska,5
76613,Pijavica,76598,3875,Senj,3875,9,Ličko-senjska,9
48020,Pijavičino,48020,3085,Orebić,3085,19,Dubrovačko-neretvanska,19
48038,Pila,48038,4227,Stubičke Toplice,4227,2,Krapinsko-zagorska,2
48046,Pilatovci,48046,3158,Ozalj,3158,4,Karlovačka,4
48054,Piljenice,48054,2321,Lipovljani,2321,3,Sisačko-moslavačka,3
48062,Pinezići,48062,2151,Krk,2151,8,Primorsko-goranska,8
48089,Pinezići,48089,2542,Marčana,2542,18,Istarska,18
48097,Pirakovec,48097,5088,Vrbovec,5088,1,Zagrebačka,1
48119,Piramatovci,48119,3948,Skradin,3948,15,Šibensko-kninska,15
48127,Pirelići,48127,3042,Oprtalj,3042,18,Istarska,18
48135,Pirovac,48135,5819,Pirovac,5819,15,Šibensko-kninska,15
48143,Pirovište,48143,1171,Fužine,1171,8,Primorsko-goranska,8
48151,Pisak,48151,3000,Omiš,3000,17,Splitsko-dalmatinska,17
48160,Pisarovina,48160,3310,Pisarovina,3310,1,Zagrebačka,1
48178,Piščetke,48178,2810,Netretić,2810,4,Karlovačka,4
48186,Pišćanovec,48186,4731,Varaždinske Toplice,4731,5,Varaždinska,5
48194,Piškorevci,48194,1031,Đakovo,1031,14,Osječko-baranjska,14
76244,Piškorovec,76244,2500,Mala Subotica,2500,20,Međimurska,20
48208,Piškovec,48208,4421,Sveti Petar Orehovec,4421,6,Koprivničko-križevačka,6
48216,Piškovica,48216,4987,Vižinada,4987,18,Istarska,18
48224,Pitomača,48224,3328,Pitomača,3328,10,Virovitičko-podravska,10
48232,Pitve,48232,1716,Jelsa,1716,17,Splitsko-dalmatinska,17
48259,Pivare,48259,4120,Stara Gradiška,4120,12,Brodsko-posavska,12
48267,Pivnica Slavonska,48267,4243,Suhopolje,4243,10,Virovitičko-podravska,10
76058,Pižinovac,76058,3999,Slivno,3999,19,Dubrovačko-neretvanska,19
75019,Pješčana Uvala,75019,2631,Medulin,2631,18,Istarska,18
48275,Pješčanica,48275,5100,Gvozd,5100,3,Sisačko-moslavačka,3
48283,Plajzi,48283,698,Delnice,698,8,Primorsko-goranska,8
48291,Planica,48291,388,Brod Moravice,388,8,Primorsko-goranska,8
48305,Planina Donja,48305,1333,Grad Zagreb,1333,22,Grad Zagreb,22
48313,Planina Gornja,48313,1333,Grad Zagreb,1333,22,Grad Zagreb,22
48321,Planina Kunićka,48321,2810,Netretić,2810,4,Karlovačka,4
48330,Planina Skradska,48330,3930,Skrad,3930,8,Primorsko-goranska,8
48348,Plano,48348,4634,Trogir,4634,17,Splitsko-dalmatinska,17
48356,Plastovo,48356,3948,Skradin,3948,15,Šibensko-kninska,15
48364,Plaški,48364,3336,Plaški,3336,4,Karlovačka,4
75361,Plat,75361,6025,Župa Dubrovačka,6025,19,Dubrovačko-neretvanska,19
48372,Plavci,48372,5401,Žumberak,5401,1,Zagrebačka,1
48399,Plavić,48399,5215,Zagorska Sela,5215,2,Krapinsko-zagorska,2
48437,Plavno,48437,1961,Knin,1961,15,Šibensko-kninska,15
48445,Plavšinac,48445,2925,Novigrad Podravski,2925,6,Koprivničko-križevačka,6
48453,Plemenitaš,48453,5096,Vrbovsko,5096,8,Primorsko-goranska,8
48461,Plemenšćina,48461,1899,Klenovnik,1899,5,Varaždinska,5
48470,Plesmo,48470,2933,Novska,2933,3,Sisačko-moslavačka,3
48488,Pleš,48488,124,Bednja,124,5,Varaždinska,5
48496,Plešce,48496,558,Čabar,558,8,Primorsko-goranska,8
75582,Plešići,75582,5380,Kostrena,5380,8,Primorsko-goranska,8
48500,Plešivica,48500,1694,Jastrebarsko,1694,1,Zagrebačka,1
48518,Plešivica,48518,3859,Selnica,3859,20,Međimurska,20
48526,Plešivica,48526,5096,Vrbovsko,5096,8,Primorsko-goranska,8
48534,Pleškovec,48534,4405,Sveti Juraj Na Bregu,4405,20,Međimurska,20
48542,Pleternica,48542,3344,Pleternica,3344,11,Požeško-slavonska,11
48569,Pleternički Mihaljevci,48569,3344,Pleternica,3344,11,Požeško-slavonska,11
48577,Plina Jezero,48577,3352,Ploče,3352,19,Dubrovačko-neretvanska,19
48585,Plisko Polje,48585,4928,Vis,4928,17,Splitsko-dalmatinska,17
48593,Plišići,48593,4880,Vinodolska Općina,4880,8,Primorsko-goranska,8
48607,Plitvica Selo,48607,4553,Plitvička Jezera,4553,9,Ličko-senjska,9
48615,Plitvica Voćanska,48615,809,Donja Voća,809,5,Varaždinska,5
74799,Plitvička Jezera,74799,4553,Plitvička Jezera,4553,9,Ličko-senjska,9
48623,Plitvički Ljeskovac,48623,4553,Plitvička Jezera,4553,9,Ličko-senjska,9
48631,Ploče,48631,3352,Ploče,3352,19,Dubrovačko-neretvanska,19
48640,Pločice,48640,1988,Konavle,1988,19,Dubrovačko-neretvanska,19
48658,Plomin,48658,2178,Kršan,2178,18,Istarska,18
48666,Plomin Luka,48666,2178,Kršan,2178,18,Istarska,18
48674,Plosna,48674,43,Bakar,43,8,Primorsko-goranska,8
48682,Ploštine,48682,3182,Pakrac,3182,11,Požeško-slavonska,11
48704,Plovanija,48704,426,Buje,426,18,Istarska,18
48712,Pluska,48712,5487,Luka,5487,1,Zagrebačka,1
48739,Pobjenik,48739,639,Čazma,639,7,Bjelovarsko-bilogorska,7
48747,Pobrđani,48747,639,Čazma,639,7,Bjelovarsko-bilogorska,7
48755,Pobrđani,48755,4260,Sunja,4260,3,Sisačko-moslavačka,3
75167,Pobrežje,75167,981,Dubrovnik,981,19,Dubrovačko-neretvanska,19
48763,Pobri,48763,3026,Opatija,3026,8,Primorsko-goranska,8
48771,Počekaji,48771,434,Buzet,434,18,Istarska,18
48780,Počitelj,48780,1309,Gospić,1309,9,Ličko-senjska,9
48798,Podaca,48798,1341,Gradac,1341,17,Splitsko-dalmatinska,17
48801,Podastrana,48801,1309,Gospić,1309,9,Ličko-senjska,9
48810,Podašpilje,48810,3000,Omiš,3000,17,Splitsko-dalmatinska,17
48828,Podbilo,48828,3875,Senj,3875,9,Ličko-senjska,9
48844,Podbrđani Vojakovački,48844,2143,Križevci,2143,6,Koprivničko-križevačka,6
48852,Podbrđe,48852,3476,Popovača,3476,3,Sisačko-moslavačka,3
48879,Podbrest,48879,6050,Orehovica,6050,20,Međimurska,20
48887,Podbrezovica,48887,1082,Đurmanec,1082,2,Krapinsko-zagorska,2
48895,Podbrežje,48895,3158,Ozalj,3158,4,Karlovačka,4
48909,Podcetin,48909,493,Cetingrad,493,4,Karlovačka,4
48917,Podcrkavlje,48917,3387,Podcrkavlje,3387,12,Brodsko-posavska,12
48925,Podčudnič,48925,612,Čavle,612,8,Primorsko-goranska,8
48933,Podevčevo,48933,2895,Novi Marof,2895,5,Varaždinska,5
48941,Podgaće,48941,2232,Lanišće,2232,18,Istarska,18
48950,Podgaj Petrovski,48950,3298,Petrovsko,3298,2,Krapinsko-zagorska,2
48968,Podgajci Podravski,48968,868,Donji Miholjac,868,14,Osječko-baranjska,14
48984,Podgajec,48984,2143,Križevci,2143,6,Koprivničko-križevačka,6
48992,Podgarić,48992,183,Berek,183,7,Bjelovarsko-bilogorska,7
49000,Podglavica,49000,5827,Rogoznica,5827,15,Šibensko-kninska,15
49018,Podgora,49018,5983,Dubrovačko Primorje,5983,19,Dubrovačko-neretvanska,19
49026,Podgora,49026,5533,Kumrovec,5533,2,Krapinsko-zagorska,2
49034,Podgora,49034,3395,Podgora,3395,17,Splitsko-dalmatinska,17
49042,Podgora Krapinska,49042,2119,Krapina,2119,2,Krapinsko-zagorska,2
49069,Podgora Turkovska,49069,698,Delnice,698,8,Primorsko-goranska,8
49077,Podgorač,49077,3409,Podgorač,3409,14,Osječko-baranjska,14
49085,Podgorani,49085,388,Brod Moravice,388,8,Primorsko-goranska,8
49093,Podgorci,49093,3751,Rovišće,3751,7,Bjelovarsko-bilogorska,7
49107,Podgori,49107,4880,Vinodolska Općina,4880,8,Primorsko-goranska,8
49140,Podgorje,49140,5100,Gvozd,5100,3,Sisačko-moslavačka,3
49115,Podgorje,49115,1775,Kaptol,1775,11,Požeško-slavonska,11
49123,Podgorje,49123,3085,Orebić,3085,19,Dubrovačko-neretvanska,19
49131,Podgorje,49131,4910,Virovitica,4910,10,Virovitičko-podravska,10
49158,Podgorje Bednjansko,49158,124,Bednja,124,5,Varaždinska,5
49166,Podgorje Bistričko,49166,2569,Marija Bistrica,2569,2,Krapinsko-zagorska,2
49174,Podgorje Bračevačko,49174,949,Drenje,949,14,Osječko-baranjska,14
49182,Podgorje Jamničko,49182,3310,Pisarovina,3310,1,Zagrebačka,1
49204,Podgorje Krnjačko,49204,2160,Krnjak,2160,4,Karlovačka,4
49212,Podgradina,49212,3492,Posedarje,3492,13,Zadarska,13
49239,Podgradina,49239,3999,Slivno,3999,19,Dubrovačko-neretvanska,19
74896,Podgrađe,74896,175,Benkovac,175,13,Zadarska,13
49247,Podgrađe,49247,2569,Marija Bistrica,2569,2,Krapinsko-zagorska,2
49255,Podgrađe,49255,2950,Nijemci,2950,16,Vukovarsko-srijemska,16
49263,Podgrađe,49263,3000,Omiš,3000,17,Splitsko-dalmatinska,17
49271,Podgrađe Podokićko,49271,3808,Samobor,3808,1,Zagrebačka,1
49280,Podgraj,49280,3158,Ozalj,3158,4,Karlovačka,4
49298,Podhum,49298,1708,Jelenje,1708,8,Primorsko-goranska,8
49301,Podhumlje,49301,1970,Komiža,1970,17,Splitsko-dalmatinska,17
49310,Podi,49310,4600,Trilj,4600,17,Splitsko-dalmatinska,17
49328,Podimoć,49328,5983,Dubrovačko Primorje,5983,19,Dubrovačko-neretvanska,19
49336,Podine,49336,4448,Šibenik,4448,15,Šibensko-kninska,15
49344,Podjales,49344,1350,Gradec,1350,1,Zagrebačka,1
49352,Podkilavac,49352,1708,Jelenje,1708,8,Primorsko-goranska,8
49379,Podkuk,49379,434,Buzet,434,18,Istarska,18
49387,Podlapača,49387,4677,Udbina,4677,9,Ličko-senjska,9
49395,Podlug,49395,175,Benkovac,175,13,Zadarska,13
49409,Podlužan,49409,973,Dubrava,973,1,Zagrebačka,1
49417,Podmelnica,49417,4006,Slunj,4006,4,Karlovačka,4
49425,Podmelnik,49425,2909,Novi Vinodolski,2909,8,Primorsko-goranska,8
49433,Podobuče,49433,3085,Orebić,3085,19,Dubrovačko-neretvanska,19
49441,Podolec,49441,5088,Vrbovec,5088,1,Zagrebačka,1
49450,Podolje,49450,914,Draž,914,14,Osječko-baranjska,14
49468,Podorljak,49468,5827,Rogoznica,5827,15,Šibensko-kninska,15
49484,Podosoje,49484,5916,Runovići,5916,17,Splitsko-dalmatinska,17
49476,Podosoje,49476,5134,Vrlika,5134,17,Splitsko-dalmatinska,17
45993,Podoštra,45993,1309,Gospić,1309,9,Ličko-senjska,9
75876,Podpolje,75876,3786,Saborsko,3786,4,Karlovačka,4
49506,Podravlje,49506,3123,Osijek,3123,14,Osječko-baranjska,14
49514,Podravske Sesvete,49514,6165,Podravske Sesvete,6165,6,Koprivničko-križevačka,6
49522,Podrebar,49522,302,Bosiljevo,302,4,Karlovačka,4
49549,Podrebar,49549,434,Buzet,434,18,Istarska,18
49557,Podrinje,49557,6106,Markušica,6106,16,Vukovarsko-srijemska,16
49565,Podrujnica,49565,2194,Kula Norinska,2194,19,Dubrovačko-neretvanska,19
49573,Podrute,49573,2895,Novi Marof,2895,5,Varaždinska,5
49581,Podrvanj,49581,612,Čavle,612,8,Primorsko-goranska,8
49590,Podsedlo,49590,5037,Vojnić,5037,4,Karlovačka,4
49603,Podselje,49603,4928,Vis,4928,17,Splitsko-dalmatinska,17
49611,Podskoči,49611,4880,Vinodolska Općina,4880,8,Primorsko-goranska,8
49620,Podslemeni Lazi,49620,3930,Skrad,3930,8,Primorsko-goranska,8
49638,Podsopalj Belgradski,49638,4880,Vinodolska Općina,4880,8,Primorsko-goranska,8
49646,Podsopalj Drivenički,49646,4880,Vinodolska Općina,4880,8,Primorsko-goranska,8
49654,Podsreće,49654,353,Brestovac,353,11,Požeško-slavonska,11
49662,Podstena,49662,3930,Skrad,3930,8,Primorsko-goranska,8
49689,Podstene,49689,388,Brod Moravice,388,8,Primorsko-goranska,8
49697,Podstene,49697,558,Čabar,558,8,Primorsko-goranska,8
49719,Podstrana,49719,3417,Podstrana,3417,17,Splitsko-dalmatinska,17
49727,Podstražje,49727,4928,Vis,4928,17,Splitsko-dalmatinska,17
49735,Podšpilje,49735,1970,Komiža,1970,17,Splitsko-dalmatinska,17
49743,Podturen,49743,3425,Podturen,3425,20,Međimurska,20
49751,Podugrinac,49751,4880,Vinodolska Općina,4880,8,Primorsko-goranska,8
49760,Poduljin,49760,4880,Vinodolska Općina,4880,8,Primorsko-goranska,8
49778,Podum,49778,3131,Otočac,3131,9,Ličko-senjska,9
49786,Podumci,49786,4693,Unešić,4693,15,Šibensko-kninska,15
49794,Podumol,49794,302,Bosiljevo,302,4,Karlovačka,4
49808,Podunavlje,49808,213,Bilje,213,14,Osječko-baranjska,14
74977,Podvinje,74977,3964,Slavonski Brod,3964,12,Brodsko-posavska,12
49816,Podvinje Miholečko,49816,4421,Sveti Petar Orehovec,4421,6,Koprivničko-križevačka,6
49824,Podvorec,49824,361,Breznica,361,5,Varaždinska,5
49832,Podvornica,49832,5452,Kravarsko,5452,1,Zagrebačka,1
49859,Podvožić,49859,78,Barilovići,78,4,Karlovačka,4
49867,Podvrh,49867,3808,Samobor,3808,1,Zagrebačka,1
49875,Podvrško,49875,469,Cernik,469,12,Brodsko-posavska,12
49883,Podvučnik,49883,5096,Vrbovsko,5096,8,Primorsko-goranska,8
49891,Pofuki,49891,4421,Sveti Petar Orehovec,4421,6,Koprivničko-križevačka,6
49905,Pogančec,49905,3565,Preseka,3565,1,Zagrebačka,1
49913,Poganovci,49913,3409,Podgorač,3409,14,Osječko-baranjska,14
49921,Pojatno,49921,5436,Zaprešić,5436,1,Zagrebačka,1
49930,Pokasin,49930,1350,Gradec,1350,1,Zagrebačka,1
49948,Poklek,49948,3808,Samobor,3808,1,Zagrebačka,1
49956,Pokojec,49956,418,Budinščina,418,2,Krapinsko-zagorska,2
49964,Pokrovnik,49964,957,Drniš,957,15,Šibensko-kninska,15
49972,Pokupsko,49972,5444,Pokupsko,5444,1,Zagrebačka,1
49999,Pokupsko Vratečko,49999,2283,Lekenik,2283,3,Sisačko-moslavačka,3
50008,Polača,50008,1961,Knin,1961,15,Šibensko-kninska,15
50016,Polača,50016,3441,Polača,3441,13,Zadarska,13
50024,Polače,50024,2682,Mljet,2682,19,Dubrovačko-neretvanska,19
50032,Police,50032,1872,Klanjec,1872,2,Krapinsko-zagorska,2
50059,Police Pirišće,50059,3158,Ozalj,3158,4,Karlovačka,4
50067,Poličnik,50067,3450,Poličnik,3450,13,Zadarska,13
50148,Poljana,50148,2313,Lipik,2313,11,Požeško-slavonska,11
50156,Poljana,50156,3549,Preko,3549,13,Zadarska,13
50164,Poljana,50164,5088,Vrbovec,5088,1,Zagrebačka,1
50172,Poljana,50172,5096,Vrbovsko,5096,8,Primorsko-goranska,8
50199,Poljana Biškupečka,50199,4723,Varaždin,4723,5,Varaždinska,5
50202,Poljana Čička,50202,5410,Velika Gorica,5410,1,Zagrebačka,1
50229,Poljana Križevačka,50229,2143,Križevci,2143,6,Koprivničko-križevačka,6
50237,Poljana Lekenička,50237,2283,Lekenik,2283,3,Sisačko-moslavačka,3
50245,Poljana Sutlanska,50245,5215,Zagorska Sela,5215,2,Krapinsko-zagorska,2
50253,Poljana Vojnićka,50253,2160,Krnjak,2160,4,Karlovačka,4
50261,Poljanak,50261,4553,Plitvička Jezera,4553,9,Ličko-senjska,9
50270,Poljanci,50270,3034,Oprisavci,3034,12,Brodsko-posavska,12
50288,Poljančani,50288,1767,Kapela,1767,7,Bjelovarsko-bilogorska,7
50296,Poljane,50296,5681,Dragalić,5681,12,Brodsko-posavska,12
50300,Poljane,50300,3026,Opatija,3026,8,Primorsko-goranska,8
50318,Poljanec,50318,850,Donji Martijanec,850,5,Varaždinska,5
50326,Poljani,50326,1392,Grubišno Polje,1392,7,Bjelovarsko-bilogorska,7
50334,Poljanica Bistranska,50334,5479,Bistra,5479,1,Zagrebačka,1
50342,Poljanica Bistrička,50342,2569,Marija Bistrica,2569,2,Krapinsko-zagorska,2
50369,Poljanica Okićka,50369,1902,Klinča Sela,1902,1,Zagrebačka,1
50377,Poljanska,50377,4758,Velika,4758,11,Požeško-slavonska,11
50385,Poljanski Lug,50385,5088,Vrbovec,5088,1,Zagrebačka,1
50393,Polje,50393,744,Dobrinj,744,8,Primorsko-goranska,8
50407,Polje,50407,3689,Raša,3689,18,Istarska,18
50415,Polje,50415,4006,Slunj,4006,4,Karlovačka,4
50423,Polje Čepić,50423,2178,Kršan,2178,18,Istarska,18
50431,Polje Krapinsko,50431,2119,Krapina,2119,2,Krapinsko-zagorska,2
50440,Polje Ozaljsko,50440,3158,Ozalj,3158,4,Karlovačka,4
50458,Poljica,50458,1716,Jelsa,1716,17,Splitsko-dalmatinska,17
50466,Poljica,50466,2151,Krk,2151,8,Primorsko-goranska,8
50474,Poljica,50474,2585,Marina,2585,17,Splitsko-dalmatinska,17
50482,Poljica,50482,2828,Nin,2828,13,Zadarska,13
50504,Poljica,50504,3379,Podbablje,3379,17,Splitsko-dalmatinska,17
50512,Poljica Kozička,50512,5118,Vrgorac,5118,17,Splitsko-dalmatinska,17
76198,Poljica-Brig,76198,2828,Nin,2828,13,Zadarska,13
50539,Poljice,50539,1988,Konavle,1988,19,Dubrovačko-neretvanska,19
50547,Poljice,50547,4677,Udbina,4677,9,Ličko-senjska,9
50075,Pologi,50075,5495,Dubravica,5495,1,Zagrebačka,1
50083,Poloje,50083,3344,Pleternica,3344,11,Požeško-slavonska,11
50091,Polojski Varoš,50091,493,Cetingrad,493,4,Karlovačka,4
50105,Polonje,50105,4294,Sveti Ivan Zelina,4294,1,Zagrebačka,1
50113,Polonje Tomaševečko,50113,4294,Sveti Ivan Zelina,4294,1,Zagrebačka,1
50121,Polubaše,50121,2780,Našice,2780,14,Osječko-baranjska,14
50130,Polum,50130,4782,Velika Pisanica,4782,7,Bjelovarsko-bilogorska,7
50555,Pomena,50555,2682,Mljet,2682,19,Dubrovačko-neretvanska,19
50563,Pomer,50563,2631,Medulin,2631,18,Istarska,18
50571,Pomperovec,50571,418,Budinščina,418,2,Krapinsko-zagorska,2
50580,Ponikvari,50580,4570,Topusko,4570,3,Sisačko-moslavačka,3
50598,Ponikve,50598,43,Bakar,43,8,Primorsko-goranska,8
50601,Ponikve,50601,2976,Ogulin,2976,4,Karlovačka,4
50610,Ponor,50610,493,Cetingrad,493,4,Karlovačka,4
50628,Ponor Korenički,50628,4553,Plitvička Jezera,4553,9,Ličko-senjska,9
50636,Ponorac,50636,2160,Krnjak,2160,4,Karlovačka,4
50644,Ponorac Perjasički,50644,78,Barilovići,78,4,Karlovačka,4
50652,Ponori,50652,3131,Otočac,3131,9,Ličko-senjska,9
50679,Popova Luka,50679,5991,Janjina,5991,19,Dubrovačko-neretvanska,19
50709,Popovac,50709,2933,Novska,2933,3,Sisačko-moslavačka,3
50687,Popovac,50687,3468,Popovac,3468,14,Osječko-baranjska,14
50695,Popovac,50695,4995,Voćin,4995,10,Virovitičko-podravska,10
50717,Popovača,50717,3476,Popovača,3476,3,Sisačko-moslavačka,3
50725,Popovača Pazariška,50725,1309,Gospić,1309,9,Ličko-senjska,9
50733,Popovci,50733,3182,Pakrac,3182,11,Požeško-slavonska,11
50741,Popovec,50741,1333,Grad Zagreb,1333,22,Grad Zagreb,22
50750,Popovec Kalnički,50750,5606,Kalnik,5606,6,Koprivničko-križevačka,6
50768,Popović Brdo,50768,1791,Karlovac,1791,4,Karlovačka,4
50784,Popovići,50784,175,Benkovac,175,13,Zadarska,13
50776,Popovići,50776,1988,Konavle,1988,19,Dubrovačko-neretvanska,19
50792,Popovići Žumberački,50792,3158,Ozalj,3158,4,Karlovačka,4
50806,Popovo Selo,50806,2976,Ogulin,2976,4,Karlovačka,4
50814,Porat,50814,2534,Malinska-Dubašnica,2534,8,Primorsko-goranska,8
50822,Poreč,50822,2216,Kutjevo,2216,11,Požeško-slavonska,11
50849,Poreč,50849,3484,Poreč,3484,18,Istarska,18
50857,Poredje,50857,1520,Hum Na Sutli,1520,2,Krapinsko-zagorska,2
76147,Porozina,76147,523,Cres,523,8,Primorsko-goranska,8
50865,Posavski Bregi,50865,1589,Ivanić-Grad,1589,1,Zagrebačka,1
48976,Posavski Podgajci,48976,922,Drenovci,922,16,Vukovarsko-srijemska,16
50873,Posedarje,50873,3492,Posedarje,3492,13,Zadarska,13
50881,Postira,50881,3506,Postira,3506,17,Splitsko-dalmatinska,17
50890,Postranje,50890,884,Proložac,884,17,Splitsko-dalmatinska,17
50903,Pothum Plaščanski,50903,3336,Plaški,3336,4,Karlovačka,4
50911,Potirna,50911,256,Blato,256,19,Dubrovačko-neretvanska,19
50920,Potkobiljak,50920,1171,Fužine,1171,8,Primorsko-goranska,8
50938,Potkonje,50938,1961,Knin,1961,15,Šibensko-kninska,15
50946,Potnjani,50946,949,Drenje,949,14,Osječko-baranjska,14
50954,Potočani,50954,1058,Đulovac,1058,7,Bjelovarsko-bilogorska,7
50962,Potočani,50962,4758,Velika,4758,11,Požeško-slavonska,11
50989,Potočec,50989,1350,Gradec,1350,1,Zagrebačka,1
50997,Potočnica,50997,2887,Novalja,2887,9,Ličko-senjska,9
51004,Potok,51004,183,Berek,183,7,Bjelovarsko-bilogorska,7
51012,Potok,51012,3476,Popovača,3476,3,Sisačko-moslavačka,3
51039,Potok Bosiljevski,51039,302,Bosiljevo,302,4,Karlovačka,4
51047,Potok Kalnički,51047,5606,Kalnik,5606,6,Koprivničko-križevačka,6
51055,Potok Musulinski,51055,2976,Ogulin,2976,4,Karlovačka,4
51063,Potok Tounjski,51063,5576,Tounj,5576,4,Karlovačka,4
51071,Potomje,51071,3085,Orebić,3085,19,Dubrovačko-neretvanska,19
49492,Potpićan,49492,2178,Kršan,2178,18,Istarska,18
51080,Potplaninsko Selo,51080,78,Barilovići,78,4,Karlovačka,4
51098,Potprolog,51098,5118,Vrgorac,5118,17,Splitsko-dalmatinska,17
51101,Potravlje,51101,1481,Hrvace,1481,17,Splitsko-dalmatinska,17
51110,Povelić,51110,2143,Križevci,2143,6,Koprivničko-križevačka,6
51128,Povile,51128,2909,Novi Vinodolski,2909,8,Primorsko-goranska,8
51136,Povlja,51136,3832,Selca,3832,17,Splitsko-dalmatinska,17
51144,Povljana,51144,5738,Povljana,5738,13,Zadarska,13
51152,Pozla Gora,51152,3433,Pojezerje,3433,19,Dubrovačko-neretvanska,19
51179,Poznanovec,51179,116,Bedekovčina,116,2,Krapinsko-zagorska,2
74756,Pozorac,74756,2585,Marina,2585,17,Splitsko-dalmatinska,17
51187,Požar,51187,698,Delnice,698,8,Primorsko-goranska,8
51195,Požari,51195,4910,Virovitica,4910,10,Virovitičko-podravska,10
51209,Požarkovec,51209,4812,Veliko Trgovišće,4812,2,Krapinsko-zagorska,2
51217,Požarnica,51217,558,Čabar,558,8,Primorsko-goranska,8
51225,Požega,51225,3514,Požega,3514,11,Požeško-slavonska,11
51233,Požeški Brđani,51233,353,Brestovac,353,11,Požeško-slavonska,11
51241,Požun,51241,3158,Ozalj,3158,4,Karlovačka,4
51250,Pračana,51250,434,Buzet,434,18,Istarska,18
51268,Prapatnica,51268,3824,Seget,3824,17,Splitsko-dalmatinska,17
51276,Prapatnice,51276,5118,Vrgorac,5118,17,Splitsko-dalmatinska,17
51284,Prapoće,51284,2232,Lanišće,2232,18,Istarska,18
51292,Praporčan,51292,3859,Selnica,3859,20,Međimurska,20
51306,Praputnjak,51306,43,Bakar,43,8,Primorsko-goranska,8
51314,Praščevac,51314,1147,Farkaševac,1147,1,Zagrebačka,1
51322,Prašćari,51322,4979,Višnjan,4979,18,Istarska,18
51349,Pravutina,51349,5304,Žakanje,5304,4,Karlovačka,4
51357,Pražnica,51357,3581,Pučišća,3581,17,Splitsko-dalmatinska,17
51365,Prebukovje,51365,124,Bednja,124,5,Varaždinska,5
51373,Prečec,51373,337,Brckovljani,337,1,Zagrebačka,1
51381,Prečno,51381,1589,Ivanić-Grad,1589,1,Zagrebačka,1
51390,Predavac,51390,3751,Rovišće,3751,7,Bjelovarsko-bilogorska,7
51403,Predavec,51403,1937,Kloštar Ivanić,1937,1,Zagrebačka,1
51411,Predavec Križevački,51411,4391,Sveti Ivan Žabno,4391,6,Koprivničko-križevačka,6
51420,Predošćica,51420,523,Cres,523,8,Primorsko-goranska,8
51438,Pregrada,51438,3522,Pregrada,3522,2,Krapinsko-zagorska,2
51446,Prekno,51446,4847,Vidovec,4847,5,Varaždinska,5
51454,Preko,51454,3549,Preko,3549,13,Zadarska,13
51462,Prekobrdo,51462,3751,Rovišće,3751,7,Bjelovarsko-bilogorska,7
51489,Prekopa,51489,1210,Glina,1210,3,Sisačko-moslavačka,3
51497,Prekopa,51497,4529,Štrigova,4529,20,Međimurska,20
51519,Prekopakra,51519,3182,Pakrac,3182,11,Požeško-slavonska,11
51527,Prekoračani,51527,566,Čačinci,566,10,Virovitičko-podravska,10
51535,Prekrižje Plešivičko,51535,3808,Samobor,3808,1,Zagrebačka,1
51543,Prekvršje,51543,1333,Grad Zagreb,1333,22,Grad Zagreb,22
51551,Prelog,51551,3557,Prelog,3557,20,Međimurska,20
51560,Prelošćica,51560,3913,Sisak,3913,3,Sisačko-moslavačka,3
51578,Premantura,51578,2631,Medulin,2631,18,Istarska,18
51586,Premuda,51586,5207,Zadar,5207,13,Zadarska,13
51594,Prepolno,51594,4294,Sveti Ivan Zelina,4294,1,Zagrebačka,1
51608,Prepuštovec,51608,418,Budinščina,418,2,Krapinsko-zagorska,2
51616,Prepuštovec,51616,1333,Grad Zagreb,1333,22,Grad Zagreb,22
51624,Prerovec,51624,1589,Ivanić-Grad,1589,1,Zagrebačka,1
51632,Presečno,51632,2895,Novi Marof,2895,5,Varaždinska,5
51659,Presečno Visočko,51659,4936,Visoko,4936,5,Varaždinska,5
51675,Preseka,51675,6041,Gornji Mihaljevec,6041,20,Međimurska,20
51667,Preseka,51667,3565,Preseka,3565,1,Zagrebačka,1
51683,Preseka Oborovska,51683,3760,Rugvica,3760,1,Zagrebačka,1
51691,Preseka Ozaljska,51691,5304,Žakanje,5304,4,Karlovačka,4
51705,Preseka Petrovska,51705,3298,Petrovsko,3298,2,Krapinsko-zagorska,2
51713,Presika,51713,2224,Labin,2224,18,Istarska,18
51721,Presika,51721,5096,Vrbovsko,5096,8,Primorsko-goranska,8
51730,Preslatinci,51730,949,Drenje,949,14,Osječko-baranjska,14
51748,Prespa,51748,248,Bjelovar,248,7,Bjelovarsko-bilogorska,7
51756,Pretetinec,51756,2798,Nedelišće,2798,20,Međimurska,20
51764,Pretkovec,51764,2119,Krapina,2119,2,Krapinsko-zagorska,2
51772,Pretoki,51772,4294,Sveti Ivan Zelina,4294,1,Zagrebačka,1
51799,Previž,51799,477,Cerovlje,477,18,Istarska,18
51802,Prevlaka,51802,3760,Rugvica,3760,1,Zagrebačka,1
51829,Prevršac,51829,833,Donji Kukuruzari,833,3,Sisačko-moslavačka,3
51837,Prezid,51837,558,Čabar,558,8,Primorsko-goranska,8
51845,Prgomelje,51845,248,Bjelovar,248,7,Bjelovarsko-bilogorska,7
51853,Prgomelje,51853,3182,Pakrac,3182,11,Požeško-slavonska,11
51861,Prgomet,51861,5894,Prgomet,5894,17,Splitsko-dalmatinska,17
51870,Prhati,51870,60,Barban,60,18,Istarska,18
51888,Prhati,51888,4979,Višnjan,4979,18,Istarska,18
51896,Prhci,51896,558,Čabar,558,8,Primorsko-goranska,8
51900,Prhoć,51900,1694,Jastrebarsko,1694,1,Zagrebačka,1
51918,Prhovec,51918,6041,Gornji Mihaljevec,6041,20,Međimurska,20
51926,Prhutova Draga,51926,558,Čabar,558,8,Primorsko-goranska,8
51934,Pribanjci,51934,302,Bosiljevo,302,4,Karlovačka,4
51942,Pribić,51942,5339,Krašić,5339,1,Zagrebačka,1
51969,Pribić Crkveni,51969,5339,Krašić,5339,1,Zagrebačka,1
51977,Pribislavec,51977,604,Čakovec,604,20,Međimurska,20
51985,Pribiševci,51985,1066,Đurđenovac,1066,14,Osječko-baranjska,14
51993,Pribude,51993,876,Muć,876,17,Splitsko-dalmatinska,17
52019,Pribudić,52019,1317,Gračac,1317,13,Zadarska,13
52027,Pričac,52027,3093,Oriovac,3093,12,Brodsko-posavska,12
52035,Pridraga,52035,5371,Novigrad - Zadarska ž.,5371,13,Zadarska,13
52043,Pridvorje,52043,949,Drenje,949,14,Osječko-baranjska,14
52051,Pridvorje,52051,1988,Konavle,1988,19,Dubrovačko-neretvanska,19
52060,Prigorec,52060,1562,Ivanec,1562,5,Varaždinska,5
52078,Prigorje,52078,1082,Đurmanec,1082,2,Krapinsko-zagorska,2
52086,Prigorje Brdovečko,52086,345,Brdovec,345,1,Zagrebačka,1
52094,Prijeboj,52094,4553,Plitvička Jezera,4553,9,Ličko-senjska,9
52108,Prijeka,52108,1210,Glina,1210,3,Sisačko-moslavačka,3
75175,Prijevor,75175,981,Dubrovnik,981,19,Dubrovačko-neretvanska,19
52116,Prikraj,52116,337,Brckovljani,337,1,Zagrebačka,1
52124,Prikraj Križevački,52124,2143,Križevci,2143,6,Koprivničko-križevačka,6
52132,Priles,52132,4375,Sveti Đurđ,4375,5,Varaždinska,5
52159,Prilesje,52159,5088,Vrbovec,5088,1,Zagrebačka,1
52167,Prilipje,52167,1694,Jastrebarsko,1694,1,Zagrebačka,1
52175,Primorski Dolac,52175,5908,Primorski Dolac,5908,17,Splitsko-dalmatinska,17
52183,Primošten,52183,3573,Primošten,3573,15,Šibensko-kninska,15
52191,Primošten Burnji,52191,3573,Primošten,3573,15,Šibensko-kninska,15
52205,Priselci,52205,1791,Karlovac,1791,4,Karlovačka,4
52213,Prisjeka,52213,5037,Vojnić,5037,4,Karlovačka,4
52221,Prisoje,52221,728,Dicmo,728,17,Splitsko-dalmatinska,17
52230,Pristava,52230,4669,Tuhelj,4669,2,Krapinsko-zagorska,2
52248,Pristava Krapinska,52248,2119,Krapina,2119,2,Krapinsko-zagorska,2
52256,Pristeg,52256,175,Benkovac,175,13,Zadarska,13
52264,Prišlin,52264,1520,Hum Na Sutli,1520,2,Krapinsko-zagorska,2
52299,Privlaka,52299,5835,Privlaka - Vukovarsko-sr. ž.,5835,16,Vukovarsko-srijemska,16
52272,Privlaka,52272,5746,Privlaka - Zadarska ž.,5746,13,Zadarska,13
52302,Prizna,52302,3875,Senj,3875,9,Ličko-senjska,9
52329,Prkačini,52329,5312,Žminj,5312,18,Istarska,18
52337,Prkos,52337,3662,Rasinja,3662,6,Koprivničko-križevačka,6
52345,Prkos,52345,4456,Škabrnja,4456,13,Zadarska,13
52353,Prkos Ivanićki,52353,1589,Ivanić-Grad,1589,1,Zagrebačka,1
52361,Prkos Lasinjski,52361,2259,Lasinja,2259,4,Karlovačka,4
52370,Prkovci,52370,1597,Ivankovo,1597,16,Vukovarsko-srijemska,16
76376,Prkovići,76376,4979,Višnjan,4979,18,Istarska,18
52388,Prljevo,52388,1317,Gračac,1317,13,Zadarska,13
52396,Prnjarovac,52396,639,Čazma,639,7,Bjelovarsko-bilogorska,7
52400,Prnjavor,52400,1767,Kapela,1767,7,Bjelovarsko-bilogorska,7
52418,Prnjavor,52418,3034,Oprisavci,3034,12,Brodsko-posavska,12
52426,Prnjavor Čuntićki,52426,3280,Petrinja,3280,3,Sisačko-moslavačka,3
52434,Prnjavor Lepavinski,52434,4057,Sokolovac,4057,6,Koprivničko-križevačka,6
52442,Prodani,52442,434,Buzet,434,18,Istarska,18
52469,Prodin Dol,52469,1694,Jastrebarsko,1694,1,Zagrebačka,1
52477,Prodol,52477,2542,Marčana,2542,18,Istarska,18
52485,Prokike,52485,370,Brinje,370,9,Ličko-senjska,9
52493,Prokljuvani,52493,248,Bjelovar,248,7,Bjelovarsko-bilogorska,7
52507,Prokljuvani,52507,639,Čazma,639,7,Bjelovarsko-bilogorska,7
52515,Promajna,52515,94,Baška Voda,94,17,Splitsko-dalmatinska,17
52523,Prosenik,52523,4669,Tuhelj,4669,2,Krapinsko-zagorska,2
52531,Prosenik Gubaševski,52531,5193,Zabok,5193,2,Krapinsko-zagorska,2
52540,Prosenik Začretski,52540,5193,Zabok,5193,2,Krapinsko-zagorska,2
52558,Prosinec,52558,5495,Dubravica,5495,1,Zagrebačka,1
52566,Protulipa,52566,1201,Generalski Stol,1201,4,Karlovačka,4
52574,Prović,52574,175,Benkovac,175,13,Zadarska,13
52582,Prozor,52582,3131,Otočac,3131,9,Ličko-senjska,9
52604,Prozorje,52604,1015,Dugo Selo,1015,1,Zagrebačka,1
52612,Prožura,52612,2682,Mljet,2682,19,Dubrovačko-neretvanska,19
52639,Prožurska Luka,52639,2682,Mljet,2682,19,Dubrovačko-neretvanska,19
52647,Pršleti,52647,558,Čabar,558,8,Primorsko-goranska,8
52655,Pršurići,52655,4979,Višnjan,4979,18,Istarska,18
52663,Prud,52663,2640,Metković,2640,19,Dubrovačko-neretvanska,19
52671,Prudnice,52671,345,Brdovec,345,1,Zagrebačka,1
52680,Prugovac,52680,1945,Kloštar Podravski,1945,6,Koprivničko-križevačka,6
52698,Prugovo,52698,1929,Klis,1929,17,Splitsko-dalmatinska,17
52701,Prvan Selo,52701,3239,Perušić,3239,9,Ličko-senjska,9
52710,Prvča,52710,2844,Nova Gradiška,2844,12,Brodsko-posavska,12
52728,Prvić Luka,52728,5002,Vodice,5002,15,Šibensko-kninska,15
52736,Prvić Šepurine,52736,5002,Vodice,5002,15,Šibensko-kninska,15
52744,Prvinci,52744,5339,Krašić,5339,1,Zagrebačka,1
52752,Prvonožina,52752,5410,Velika Gorica,5410,1,Zagrebačka,1
76228,Pržinovac,76228,3069,Opuzen,3069,19,Dubrovačko-neretvanska,19
52779,Pucak,52779,3930,Skrad,3930,8,Primorsko-goranska,8
52787,Pucići,52787,5312,Žminj,5312,18,Istarska,18
52795,Pučišća,52795,3581,Pučišća,3581,17,Splitsko-dalmatinska,17
52809,Puhovo,52809,1015,Dugo Selo,1015,1,Zagrebačka,1
52817,Puklica,52817,1058,Đulovac,1058,7,Bjelovarsko-bilogorska,7
52825,Pula,52825,3590,Pula,3590,18,Istarska,18
52833,Puljane,52833,2984,Promina,2984,15,Šibensko-kninska,15
52841,Punat,52841,3603,Punat,3603,8,Primorsko-goranska,8
52850,Punikve,52850,1562,Ivanec,1562,5,Varaždinska,5
52868,Punitovci,52868,3611,Punitovci,3611,14,Osječko-baranjska,14
52876,Punta Križa,52876,2526,Mali Lošinj,2526,8,Primorsko-goranska,8
52884,Puntera,52884,60,Barban,60,18,Istarska,18
52892,Pupelica,52892,5649,Šandrovac,5649,7,Bjelovarsko-bilogorska,7
52906,Pupnat,52906,2046,Korčula,2046,19,Dubrovačko-neretvanska,19
52914,Purga Bednjanska,52914,124,Bednja,124,5,Varaždinska,5
52922,Purgarija Čepić,52922,2178,Kršan,2178,18,Istarska,18
52949,Puričani,52949,248,Bjelovar,248,7,Bjelovarsko-bilogorska,7
52957,Puska,52957,1686,Jasenovac,1686,3,Sisačko-moslavačka,3
52965,Pustakovec,52965,2038,Koprivnički Ivanec,2038,6,Koprivničko-križevačka,6
52973,Pusti,52973,4359,Svetvinčenat,4359,18,Istarska,18
52981,Pustike,52981,5452,Kravarsko,5452,1,Zagrebačka,1
52990,Pustodol,52990,795,Donja Stubica,795,2,Krapinsko-zagorska,2
53007,Pustodol Orehovički,53007,116,Bedekovčina,116,2,Krapinsko-zagorska,2
53015,Pustodol Začretski,53015,4308,Sveti Križ Začretje,4308,2,Krapinsko-zagorska,2
53023,Pušava,53023,2089,Kraljevec Na Sutli,2089,2,Krapinsko-zagorska,2
53031,Pušća,53031,5215,Zagorska Sela,5215,2,Krapinsko-zagorska,2
53040,Pušćine,53040,2798,Nedelišće,2798,20,Međimurska,20
53058,Pušina,53058,566,Čačinci,566,10,Virovitičko-podravska,10
53066,Puškarići,53066,2976,Ogulin,2976,4,Karlovačka,4
53074,Putičanje,53074,5819,Pirovac,5819,15,Šibensko-kninska,15
53082,Putini,53082,1759,Kanfanar,1759,18,Istarska,18
53104,Putišići,53104,3000,Omiš,3000,17,Splitsko-dalmatinska,17
53112,Putkovec,53112,1082,Đurmanec,1082,2,Krapinsko-zagorska,2
53139,Putniković,53139,4197,Ston,4197,19,Dubrovačko-neretvanska,19
53147,Rab,53147,3638,Rab,3638,8,Primorsko-goranska,8
53155,Raba,53155,3999,Slivno,3999,19,Dubrovačko-neretvanska,19
53163,Rabac,53163,2224,Labin,2224,18,Istarska,18
53171,Rabinja,53171,4006,Slunj,4006,4,Karlovačka,4
53180,Račak,53180,2810,Netretić,2810,4,Karlovačka,4
53198,Račice,53198,434,Buzet,434,18,Istarska,18
53201,Račički Brijeg,53201,434,Buzet,434,18,Istarska,18
53210,Račinovci,53210,922,Drenovci,922,16,Vukovarsko-srijemska,16
53228,Račišće,53228,2046,Korčula,2046,19,Dubrovačko-neretvanska,19
53236,Račja Vas,53236,2232,Lanišće,2232,18,Istarska,18
53244,Radakovo,53244,2089,Kraljevec Na Sutli,2089,2,Krapinsko-zagorska,2
53252,Radatovići,53252,3158,Ozalj,3158,4,Karlovačka,4
53279,Radeljevo Selo,53279,3662,Rasinja,3662,6,Koprivničko-križevačka,6
53287,Radešić,53287,1511,Breznički Hum,1511,5,Varaždinska,5
53295,Radetići,53295,4537,Tinjan,4537,18,Istarska,18
53309,Radići,53309,2534,Malinska-Dubašnica,2534,8,Primorsko-goranska,8
53317,Radići,53317,4316,Sveti Lovreč,4316,18,Istarska,18
53325,Radigojna,53325,5096,Vrbovsko,5096,8,Primorsko-goranska,8
53333,Radikovci,53333,868,Donji Miholjac,868,14,Osječko-baranjska,14
53341,Radina Gorica,53341,5339,Krašić,5339,1,Zagrebačka,1
53350,Radina Vas,53350,3158,Ozalj,3158,4,Karlovačka,4
53368,Radini,53368,400,Brtonigla,400,18,Istarska,18
53376,Radinovo Brdo,53376,5401,Žumberak,5401,1,Zagrebačka,1
53384,Radljevac,53384,1961,Knin,1961,15,Šibensko-kninska,15
53392,Radmani,53392,3484,Poreč,3484,18,Istarska,18
53406,Radmanovac,53406,5037,Vojnić,5037,4,Karlovačka,4
53414,Radnovac,53414,1643,Jakšić,1643,11,Požeško-slavonska,11
53422,Radoboj,53422,3646,Radoboj,3646,2,Krapinsko-zagorska,2
76615,Radočaj,76600,5096,Vrbovsko,5096,8,Primorsko-goranska,8
53449,Radočaj Brodski,53449,698,Delnice,698,8,Primorsko-goranska,8
53457,Radočaji,53457,1201,Generalski Stol,1201,4,Karlovačka,4
53465,Radoišće,53465,4294,Sveti Ivan Zelina,4294,1,Zagrebačka,1
53481,Radonić,53481,957,Drniš,957,15,Šibensko-kninska,15
53490,Radonić,53490,4448,Šibenik,4448,15,Šibensko-kninska,15
53503,Radonja,53503,5037,Vojnić,5037,4,Karlovačka,4
53511,Radonja Luka,53511,4260,Sunja,4260,3,Sisačko-moslavačka,3
53520,Radosavci,53520,3956,Slatina,3956,10,Virovitičko-podravska,10
53538,Radoševići,53538,5096,Vrbovsko,5096,8,Primorsko-goranska,8
53546,Radoši Kod Višnjana,53546,4979,Višnjan,4979,18,Istarska,18
53554,Radoši Kod Žbandaja,53554,3484,Poreč,3484,18,Istarska,18
53562,Radošić,53562,5860,Lećevica,5860,17,Splitsko-dalmatinska,17
53589,Radošić,53589,3891,Sinj,3891,17,Splitsko-dalmatinska,17
53597,Radošinovci,53597,175,Benkovac,175,13,Zadarska,13
53619,Radovan,53619,1562,Ivanec,1562,5,Varaždinska,5
53627,Radovanci,53627,4758,Velika,4758,11,Požeško-slavonska,11
53635,Radovani,53635,4979,Višnjan,4979,18,Istarska,18
53643,Radovanje,53643,3093,Oriovac,3093,12,Brodsko-posavska,12
53651,Radovčići,53651,1988,Konavle,1988,19,Dubrovačko-neretvanska,19
53660,Radovec,53660,485,Cestica,485,5,Varaždinska,5
53678,Radovec Polje,53678,485,Cestica,485,5,Varaždinska,5
53686,Radovin,53686,3719,Ražanac,3719,13,Zadarska,13
53694,Raduč,53694,2402,Lovinac,2402,9,Ličko-senjska,9
53708,Radučić,53708,1139,Ervenik,1139,15,Šibensko-kninska,15
53716,Radulec,53716,973,Dubrava,973,1,Zagrebačka,1
53724,Radunić,53724,876,Muć,876,17,Splitsko-dalmatinska,17
53732,Rađenovci,53732,2933,Novska,2933,3,Sisačko-moslavačka,3
53759,Rafaeli,53759,4979,Višnjan,4979,18,Istarska,18
53767,Rajakovići,53767,3158,Ozalj,3158,4,Karlovačka,4
53775,Rajčići,53775,2933,Novska,2933,3,Sisačko-moslavačka,3
53783,Rajevo Selo,53783,922,Drenovci,922,16,Vukovarsko-srijemska,16
53791,Rajić,53791,248,Bjelovar,248,7,Bjelovarsko-bilogorska,7
53805,Rajić,53805,2933,Novska,2933,3,Sisačko-moslavačka,3
53813,Rajić Brdo,53813,5037,Vojnić,5037,4,Karlovačka,4
53821,Rajino Polje,53821,566,Čačinci,566,10,Virovitičko-podravska,10
53830,Rajki,53830,60,Barban,60,18,Istarska,18
53848,Rajki,53848,4316,Sveti Lovreč,4316,18,Istarska,18
53856,Rajsavac,53856,1643,Jakšić,1643,11,Požeško-slavonska,11
53864,Rakalj,53864,2542,Marčana,2542,18,Istarska,18
53872,Rakitje,53872,4367,Sveta Nedelja,4367,1,Zagrebačka,1
53899,Rakitnica,53899,4901,Virje,4901,6,Koprivničko-križevačka,6
53902,Rakitovec,53902,5410,Velika Gorica,5410,1,Zagrebačka,1
53929,Rakitovica,53929,868,Donji Miholjac,868,14,Osječko-baranjska,14
53937,Rakotule,53937,5967,Karojba,5967,18,Istarska,18
53945,Rakov Potok,53945,3808,Samobor,3808,1,Zagrebačka,1
53953,Rakovci,53953,3484,Poreč,3484,18,Istarska,18
53961,Rakovec,53961,2470,Ljubešćica,2470,5,Varaždinska,5
53970,Rakovec,53970,5363,Rakovec,5363,1,Zagrebačka,1
53988,Rakovec Tomaševečki,53988,1872,Klanjec,1872,2,Krapinsko-zagorska,2
53996,Rakovica,53996,3654,Rakovica,3654,4,Karlovačka,4
54003,Rakovičko Selište,54003,3654,Rakovica,3654,4,Karlovačka,4
54011,Ramanovci,54011,1775,Kaptol,1775,11,Požeško-slavonska,11
54020,Ramljane,54020,876,Muć,876,17,Splitsko-dalmatinska,17
54038,Ramljane,54038,3107,Orlić,3107,15,Šibensko-kninska,15
54046,Ramljani,54046,3131,Otočac,3131,9,Ličko-senjska,9
75612,Randići,75612,5380,Kostrena,5380,8,Primorsko-goranska,8
54054,Rapain Klanac,54054,370,Brinje,370,9,Ličko-senjska,9
54062,Rapavel,54062,4979,Višnjan,4979,18,Istarska,18
54089,Raponji,54089,4359,Svetvinčenat,4359,18,Istarska,18
54097,Rasinja,54097,3662,Rasinja,3662,6,Koprivničko-križevačka,6
54119,Raskrižje,54119,3930,Skrad,3930,8,Primorsko-goranska,8
54127,Raskrižje Tihovo,54127,698,Delnice,698,8,Primorsko-goranska,8
54135,Raslina,54135,4448,Šibenik,4448,15,Šibensko-kninska,15
54143,Rasna,54143,353,Brestovac,353,11,Požeško-slavonska,11
54151,Rasohe,54151,3930,Skrad,3930,8,Primorsko-goranska,8
54160,Rasopasno,54160,744,Dobrinj,744,8,Primorsko-goranska,8
54178,Rastičevo,54178,1317,Gračac,1317,13,Zadarska,13
54186,Rastoka,54186,1309,Gospić,1309,9,Ličko-senjska,9
54194,Rastoke,54194,4006,Slunj,4006,4,Karlovačka,4
54208,Rastoki,54208,1694,Jastrebarsko,1694,1,Zagrebačka,1
54216,Rastovac,54216,1392,Grubišno Polje,1392,7,Bjelovarsko-bilogorska,7
54224,Rastovac,54224,1619,Ivanska,1619,7,Bjelovarsko-bilogorska,7
54232,Rastovac,54232,2585,Marina,2585,17,Splitsko-dalmatinska,17
54259,Rastovac,54259,5223,Zagvozd,5223,17,Splitsko-dalmatinska,17
54267,Rastovac Budački,54267,2160,Krnjak,2160,4,Karlovačka,4
54275,Rastovača,54275,4553,Plitvička Jezera,4553,9,Ličko-senjska,9
54283,Rastušje,54283,3387,Podcrkavlje,3387,12,Brodsko-posavska,12
54291,Raša,54291,3689,Raša,3689,18,Istarska,18
75914,Rašćane,75914,5118,Vrgorac,5118,17,Splitsko-dalmatinska,17
54313,Rašćani,54313,4391,Sveti Ivan Žabno,4391,6,Koprivničko-križevačka,6
54305,Rašćani Gornji,54305,5223,Zagvozd,5223,17,Splitsko-dalmatinska,17
54321,Rašpor,54321,2232,Lanišće,2232,18,Istarska,18
54330,Raštević,54330,175,Benkovac,175,13,Zadarska,13
54348,Ratkov Dol,54348,2305,Levanjska Varoš,2305,14,Osječko-baranjska,14
54356,Ratkovac,54356,1279,Gornji Bogićevci,1279,12,Brodsko-posavska,12
54364,Ratkovec,54364,5266,Zlatar,5266,2,Krapinsko-zagorska,2
54372,Ratkovica,54372,3344,Pleternica,3344,11,Požeško-slavonska,11
54399,Ratulje,54399,1708,Jelenje,1708,8,Primorsko-goranska,8
54402,Rausovac,54402,1503,Hrvatska Kostajnica,1503,3,Sisačko-moslavačka,3
54429,Rava,54429,5207,Zadar,5207,13,Zadarska,13
54437,Ravan,54437,3883,Sibinj,3883,12,Brodsko-posavska,12
54445,Ravča,54445,5118,Vrgorac,5118,17,Splitsko-dalmatinska,17
54453,Ravna Gora,54453,3697,Ravna Gora,3697,8,Primorsko-goranska,8
54461,Ravneš,54461,5649,Šandrovac,5649,7,Bjelovarsko-bilogorska,7
54470,Ravni,54470,3689,Raša,3689,18,Istarska,18
54488,Ravni Dabar,54488,1783,Karlobag,1783,9,Ličko-senjska,9
75744,Ravni Lug,75744,3786,Saborsko,3786,4,Karlovačka,4
54496,Ravnica,54496,5568,Ribnik,5568,4,Karlovačka,4
54500,Ravnice,54500,558,Čabar,558,8,Primorsko-goranska,8
54518,Ravnice,54518,4812,Veliko Trgovišće,4812,2,Krapinsko-zagorska,2
54526,Ravnice Desinićke,54526,701,Desinić,701,2,Krapinsko-zagorska,2
54534,Ravninsko,54534,1082,Đurmanec,1082,2,Krapinsko-zagorska,2
54542,Ravno Brezje,54542,5533,Kumrovec,5533,2,Krapinsko-zagorska,2
54569,Ravno Rašće,54569,1210,Glina,1210,3,Sisačko-moslavačka,3
54577,Razbojište,54577,3409,Podgorač,3409,14,Osječko-baranjska,14
54585,Razdrto,54585,388,Brod Moravice,388,8,Primorsko-goranska,8
54593,Razdrto Ii Dio,54593,5096,Vrbovsko,5096,8,Primorsko-goranska,8
54607,Razdrto Tuheljsko,54607,5533,Kumrovec,5533,2,Krapinsko-zagorska,2
54631,Razljev,54631,2135,Križ,2135,1,Zagrebačka,1
54615,Razloge,54615,698,Delnice,698,8,Primorsko-goranska,8
54623,Razloški Okrug,54623,698,Delnice,698,8,Primorsko-goranska,8
54640,Razvođe,54640,2984,Promina,2984,15,Šibensko-kninska,15
54658,Razvor,54658,5533,Kumrovec,5533,2,Krapinsko-zagorska,2
54666,Ražanac,54666,3719,Ražanac,3719,13,Zadarska,13
54674,Ražanj,54674,5827,Rogoznica,5827,15,Šibensko-kninska,15
54682,Rebić,54682,4677,Udbina,4677,9,Ličko-senjska,9
54704,Rebići,54704,60,Barban,60,18,Istarska,18
54712,Rebrovići,54712,5576,Tounj,5576,4,Karlovačka,4
54739,Rečica,54739,1791,Karlovac,1791,4,Karlovačka,4
54747,Rečica Kriška,54747,2135,Križ,2135,1,Zagrebačka,1
54755,Redovje,54755,1694,Jastrebarsko,1694,1,Zagrebačka,1
54763,Reka,54763,2011,Koprivnica,2011,6,Koprivničko-križevačka,6
54771,Remetinec,54771,1350,Gradec,1350,1,Zagrebačka,1
54780,Remetinec,54780,2895,Novi Marof,2895,5,Varaždinska,5
54798,Removac,54798,1058,Đulovac,1058,7,Bjelovarsko-bilogorska,7
54801,Rendulići,54801,302,Bosiljevo,302,4,Karlovačka,4
54810,Repaš,54810,2704,Molve,2704,6,Koprivničko-križevačka,6
54828,Repićevo Selo,54828,1252,Gornja Stubica,1252,2,Krapinsko-zagorska,2
54836,Repinec,54836,1350,Gradec,1350,1,Zagrebačka,1
54844,Repišće,54844,1902,Klinča Sela,1902,1,Zagrebačka,1
54852,Repno,54852,5266,Zlatar,5266,2,Krapinsko-zagorska,2
54879,Repovec,54879,5193,Zabok,5193,2,Krapinsko-zagorska,2
54887,Repušnica,54887,2208,Kutina,2208,3,Sisačko-moslavačka,3
54895,Resnatac,54895,3930,Skrad,3930,8,Primorsko-goranska,8
54909,Resnik,54909,3344,Pleternica,3344,11,Požeško-slavonska,11
54917,Resnik Bosiljevski,54917,302,Bosiljevo,302,4,Karlovačka,4
54925,Rešetar,54925,4553,Plitvička Jezera,4553,9,Ličko-senjska,9
54933,Rešetarevo,54933,2810,Netretić,2810,4,Karlovačka,4
54941,Rešetari,54941,3727,Rešetari,3727,12,Brodsko-posavska,12
54950,Reškovci,54950,1767,Kapela,1767,7,Bjelovarsko-bilogorska,7
54968,Reštovo,54968,5304,Žakanje,5304,4,Karlovačka,4
54976,Reštovo Žumberačko,54976,5401,Žumberak,5401,1,Zagrebačka,1
54984,Retkovci,54984,1597,Ivankovo,1597,16,Vukovarsko-srijemska,16
54992,Retkovec Svibovečki,54992,4731,Varaždinske Toplice,4731,5,Varaždinska,5
55000,Rezovac,55000,4910,Virovitica,4910,10,Virovitičko-podravska,10
55018,Rezovačke Krčevine,55018,4910,Virovitica,4910,10,Virovitičko-podravska,10
55026,Režanci,55026,4359,Svetvinčenat,4359,18,Istarska,18
55034,Ribari,55034,1791,Karlovac,1791,4,Karlovačka,4
74845,Ribarići,74845,2976,Ogulin,2976,4,Karlovačka,4
76350,Ribarići,76350,4979,Višnjan,4979,18,Istarska,18
55042,Ribić Breg,55042,1562,Ivanec,1562,5,Varaždinska,5
55069,Ribnica,55069,5410,Velika Gorica,5410,1,Zagrebačka,1
55077,Ribnik,55077,5568,Ribnik,5568,4,Karlovačka,4
55085,Ribnjaci,55085,2313,Lipik,2313,11,Požeško-slavonska,11
55093,Ribnjačka,55093,4782,Velika Pisanica,4782,7,Bjelovarsko-bilogorska,7
55107,Ribnjak,55107,2780,Našice,2780,14,Osječko-baranjska,14
55115,Ribnjak,55115,3662,Rasinja,3662,6,Koprivničko-križevačka,6
55131,Ričice,55131,2402,Lovinac,2402,9,Ličko-senjska,9
55123,Ričice,55123,884,Proložac,884,17,Splitsko-dalmatinska,17
55140,Ričina,55140,4880,Vinodolska Općina,4880,8,Primorsko-goranska,8
55158,Riđane,55158,3107,Orlić,3107,15,Šibensko-kninska,15
55174,Rijeka,55174,3735,Rijeka,3735,8,Primorsko-goranska,8
55182,Rijeka Koprivnička,55182,4057,Sokolovac,4057,6,Koprivničko-križevačka,6
55204,Rijeka Voćanska,55204,809,Donja Voća,809,5,Varaždinska,5
55212,Rijenci,55212,4995,Voćin,4995,10,Virovitičko-podravska,10
55239,Rim,55239,434,Buzet,434,18,Istarska,18
55247,Rim,55247,5096,Vrbovsko,5096,8,Primorsko-goranska,8
55255,Rimnjak,55255,434,Buzet,434,18,Istarska,18
55263,Rinkovec,55263,124,Bednja,124,5,Varaždinska,5
55271,Ripenda Kosi,55271,2224,Labin,2224,18,Istarska,18
55280,Ripenda Kras,55280,2224,Labin,2224,18,Istarska,18
55298,Ripenda Verbanci,55298,2224,Labin,2224,18,Istarska,18
55301,Risika,55301,5070,Vrbnik,5070,8,Primorsko-goranska,8
55310,Risvica,55310,5533,Kumrovec,5533,2,Krapinsko-zagorska,2
55328,Rit,55328,2453,Lukač,2453,10,Virovitičko-podravska,10
55336,Rivalno,55336,850,Donji Martijanec,850,5,Varaždinska,5
55344,Rivanj,55344,3549,Preko,3549,13,Zadarska,13
55352,Rizvanuša,55352,1309,Gospić,1309,9,Ličko-senjska,9
55379,Robadje,55379,4529,Štrigova,4529,20,Međimurska,20
55387,Roč,55387,434,Buzet,434,18,Istarska,18
55395,Ročko Polje,55395,434,Buzet,434,18,Istarska,18
55409,Rodaljice,55409,175,Benkovac,175,13,Zadarska,13
55417,Rodin Potok,55417,4243,Suhopolje,4243,10,Virovitičko-podravska,10
75507,Rogač,75507,4472,Šolta,4472,17,Splitsko-dalmatinska,17
75922,Rogačić,75922,4928,Vis,4928,17,Splitsko-dalmatinska,17
55425,Rogi,55425,3930,Skrad,3930,8,Primorsko-goranska,8
55433,Rogočana,55433,2224,Labin,2224,18,Istarska,18
55441,Rogotin,55441,3352,Ploče,3352,19,Dubrovačko-neretvanska,19
55450,Rogovac,55450,4499,Špišić Bukovica,4499,10,Virovitičko-podravska,10
55468,Rogovići,55468,5975,Kaštelir - Labinci,5975,18,Istarska,18
55476,Rogoznica,55476,5827,Rogoznica,5827,15,Šibensko-kninska,15
55484,Rogoža,55484,1198,Garešnica,1198,7,Bjelovarsko-bilogorska,7
55492,Rogulje,55492,1023,Dvor,1023,3,Sisačko-moslavačka,3
55506,Rogulje,55506,3182,Pakrac,3182,11,Požeško-slavonska,11
55514,Rojci,55514,5975,Kaštelir - Labinci,5975,18,Istarska,18
55522,Rojnići,55522,60,Barban,60,18,Istarska,18
55557,Rokovci,55557,19,Andrijaševci,19,16,Vukovarsko-srijemska,16
55565,Ropa,55565,2682,Mljet,2682,19,Dubrovačko-neretvanska,19
55573,Ropci,55573,4880,Vinodolska Općina,4880,8,Primorsko-goranska,8
55581,Rosopajnik,55581,2810,Netretić,2810,4,Karlovačka,4
55590,Rosulje,55590,1503,Hrvatska Kostajnica,1503,3,Sisačko-moslavačka,3
55603,Rošini,55603,3484,Poreč,3484,18,Istarska,18
55611,Roškići,55611,5975,Kaštelir - Labinci,5975,18,Istarska,18
76732,Rovanjska,76732,1678,Jasenice,1678,13,Zadarska,13
55620,Rovci,55620,4421,Sveti Petar Orehovec,4421,6,Koprivničko-križevačka,6
55638,Rovinj,55638,3743,Rovinj,3743,18,Istarska,18
55646,Rovinjsko Selo,55646,3743,Rovinj,3743,18,Istarska,18
55654,Rovišće,55654,3751,Rovišće,3751,7,Bjelovarsko-bilogorska,7
55662,Roviška,55662,1210,Glina,1210,3,Sisačko-moslavačka,3
55689,Rovištanci,55689,4057,Sokolovac,4057,6,Koprivničko-križevačka,6
55697,Rovno,55697,3298,Petrovsko,3298,2,Krapinsko-zagorska,2
55719,Rozga,55719,5495,Dubravica,5495,1,Zagrebačka,1
55727,Rozmajerovac,55727,2780,Našice,2780,14,Osječko-baranjska,14
75183,Rožat,75183,981,Dubrovnik,981,19,Dubrovačko-neretvanska,19
55735,Roždanik,55735,2933,Novska,2933,3,Sisačko-moslavačka,3
55743,Rože,55743,4600,Trilj,4600,17,Splitsko-dalmatinska,17
55751,Roženica,55751,5444,Pokupsko,5444,1,Zagrebačka,1
75639,Rožići,75639,5380,Kostrena,5380,8,Primorsko-goranska,8
75647,Rožmanići,75647,5380,Kostrena,5380,8,Primorsko-goranska,8
55760,Rtić,55760,5096,Vrbovsko,5096,8,Primorsko-goranska,8
55778,Rtina,55778,3719,Ražanac,3719,13,Zadarska,13
55786,Rubeši,55786,1805,Kastav,1805,8,Primorsko-goranska,8
55794,Ruča,55794,5428,Orle,5428,1,Zagrebačka,1
55808,Ruda,55808,3140,Otok,3140,17,Splitsko-dalmatinska,17
55816,Rudani,55816,5312,Žminj,5312,18,Istarska,18
55824,Rudanovac,55824,4553,Plitvička Jezera,4553,9,Ličko-senjska,9
55832,Rude,55832,3808,Samobor,3808,1,Zagrebačka,1
55859,Rude Pribićke,55859,5339,Krašić,5339,1,Zagrebačka,1
55867,Rudeži,55867,1023,Dvor,1023,3,Sisačko-moslavačka,3
55875,Rudina,55875,4138,Stari Grad,4138,17,Splitsko-dalmatinska,17
55883,Rudine,55883,744,Dobrinj,744,8,Primorsko-goranska,8
55891,Rudopolje,55891,5126,Vrhovine,5126,9,Ličko-senjska,9
55905,Rudopolje Bruvanjsko,55905,1317,Gračac,1317,13,Zadarska,13
55913,Rugvica,55913,3760,Rugvica,3760,1,Zagrebačka,1
55921,Rujevac,55921,1023,Dvor,1023,3,Sisačko-moslavačka,3
55930,Rujevo,55930,3158,Ozalj,3158,4,Karlovačka,4
55948,Rukavac,55948,2615,Matulji,2615,8,Primorsko-goranska,8
55956,Rukavac,55956,4928,Vis,4928,17,Splitsko-dalmatinska,17
55964,Rukljevina,55964,4731,Varaždinske Toplice,4731,5,Varaždinska,5
55972,Rumin,55972,1481,Hrvace,1481,17,Splitsko-dalmatinska,17
55999,Runović,55999,5916,Runovići,5916,17,Splitsko-dalmatinska,17
56006,Rupa,56006,2615,Matulji,2615,8,Primorsko-goranska,8
56014,Rupalj,56014,3450,Poličnik,3450,13,Zadarska,13
56022,Rupe,56022,3948,Skradin,3948,15,Šibensko-kninska,15
56049,Rupeni,56049,3484,Poreč,3484,18,Istarska,18
56057,Rusnica,56057,1520,Hum Na Sutli,1520,2,Krapinsko-zagorska,2
56065,Rušani,56065,1368,Gradina,1368,10,Virovitičko-podravska,10
56073,Rušćica,56073,1856,Klakar,1856,12,Brodsko-posavska,12
56081,Ruševac,56081,353,Brestovac,353,11,Požeško-slavonska,11
56090,Ruševac,56090,2143,Križevci,2143,6,Koprivničko-križevačka,6
56103,Ruševica,56103,493,Cetingrad,493,4,Karlovačka,4
56111,Ruševo,56111,582,Čaglin,582,11,Požeško-slavonska,11
56120,Ruševo Krmpotsko,56120,2909,Novi Vinodolski,2909,8,Primorsko-goranska,8
56138,Ruškovac,56138,183,Berek,183,7,Bjelovarsko-bilogorska,7
56146,Ruškovica,56146,4774,Velika Ludina,4774,3,Sisačko-moslavačka,3
56154,Ružić,56154,3778,Ružić,3778,15,Šibensko-kninska,15
56162,Ružić Selo,56162,43,Bakar,43,8,Primorsko-goranska,8
56189,Ružići,56189,2615,Matulji,2615,8,Primorsko-goranska,8
56197,Ružići,56197,3484,Poreč,3484,18,Istarska,18
56219,Ružići,56219,4324,Sveta Nedelja,4324,18,Istarska,18
74870,Sabljak Selo,74870,2976,Ogulin,2976,4,Karlovačka,4
56235,Sabljaki Modruški,56235,1724,Josipdol,1724,4,Karlovačka,4
56243,Sabljići,56243,2534,Malinska-Dubašnica,2534,8,Primorsko-goranska,8
56251,Saborsko,56251,3786,Saborsko,3786,4,Karlovačka,4
56260,Sadikovac,56260,493,Cetingrad,493,4,Karlovačka,4
56278,Sadilovac,56278,3654,Rakovica,3654,4,Karlovačka,4
56286,Saftići,56286,4880,Vinodolska Općina,4880,8,Primorsko-goranska,8
56294,Salajci,56294,1350,Gradec,1350,1,Zagrebačka,1
56308,Salakovci,56308,2224,Labin,2224,18,Istarska,18
56316,Salambati,56316,4359,Svetvinčenat,4359,18,Istarska,18
56324,Salež,56324,434,Buzet,434,18,Istarska,18
56332,Sali,56332,3794,Sali,3794,13,Zadarska,13
56359,Salinovec,56359,1562,Ivanec,1562,5,Varaždinska,5
56367,Salnik,56367,4294,Sveti Ivan Zelina,4294,1,Zagrebačka,1
56375,Salopek Luke,56375,4006,Slunj,4006,4,Karlovačka,4
74861,Salopek Selo,74861,2976,Ogulin,2976,4,Karlovačka,4
56383,Salopeki Modruški,56383,1724,Josipdol,1724,4,Karlovačka,4
56391,Samarica,56391,1619,Ivanska,1619,7,Bjelovarsko-bilogorska,7
56405,Samatovci,56405,230,Bizovac,230,14,Osječko-baranjska,14
56413,Samci,56413,1252,Gornja Stubica,1252,2,Krapinsko-zagorska,2
56421,Samobor,56421,3808,Samobor,3808,1,Zagrebačka,1
56430,Samoborec,56430,5088,Vrbovec,5088,1,Zagrebačka,1
56448,Samoborski Otok,56448,3808,Samobor,3808,1,Zagrebačka,1
56456,Santalezi,56456,4324,Sveta Nedelja,4324,18,Istarska,18
56464,Sapci,56464,1180,Garčin,1180,12,Brodsko-posavska,12
56472,Sapina Doca,56472,5827,Rogoznica,5827,15,Šibensko-kninska,15
56499,Saplunara,56499,2682,Mljet,2682,19,Dubrovačko-neretvanska,19
56502,Sapna,56502,582,Čaglin,582,11,Požeško-slavonska,11
56529,Sarovo,56529,1201,Generalski Stol,1201,4,Karlovačka,4
56537,Saršoni,56537,4952,Viškovo,4952,8,Primorsko-goranska,8
56545,Sarvaš,56545,3123,Osijek,3123,14,Osječko-baranjska,14
56553,Sasi,56553,5410,Velika Gorica,5410,1,Zagrebačka,1
56561,Sasovac,56561,2879,Nova Rača,2879,7,Bjelovarsko-bilogorska,7
56570,Sastavak,56570,4006,Slunj,4006,4,Karlovačka,4
56588,Satnica,56588,3271,Petrijevci,3271,14,Osječko-baranjska,14
56596,Satnica Đakovačka,56596,3816,Satnica Đakovačka,3816,14,Osječko-baranjska,14
56600,Satrić,56600,1481,Hrvace,1481,17,Splitsko-dalmatinska,17
56618,Savar,56618,3794,Sali,3794,13,Zadarska,13
56626,Savršćak,56626,3808,Samobor,3808,1,Zagrebačka,1
56634,Savska Cesta,56634,5088,Vrbovec,5088,1,Zagrebačka,1
56642,Savska Ves,56642,604,Čakovec,604,20,Međimurska,20
56669,Savski Bok,56669,5061,Vrbje,5061,12,Brodsko-posavska,12
56677,Savski Marof,56677,345,Brdovec,345,1,Zagrebačka,1
56685,Savudrija,56685,4685,Umag,4685,18,Istarska,18
56693,Sažije,56693,353,Brestovac,353,11,Požeško-slavonska,11
56707,Sedalce,56707,698,Delnice,698,8,Primorsko-goranska,8
56715,Sedlarica,56715,3328,Pitomača,3328,10,Virovitičko-podravska,10
56723,Sedramić,56723,957,Drniš,957,15,Šibensko-kninska,15
62936,Seget,62936,4685,Umag,4685,18,Istarska,18
56731,Seget Donji,56731,3824,Seget,3824,17,Splitsko-dalmatinska,17
56740,Seget Gornji,56740,3824,Seget,3824,17,Splitsko-dalmatinska,17
70416,Seget Vranjica,70416,3824,Seget,3824,17,Splitsko-dalmatinska,17
56758,Segovina,56758,2445,Ludbreg,2445,5,Varaždinska,5
56766,Seketin,56766,4383,Sveti Ilija,4383,5,Varaždinska,5
56774,Sekirevo Selo,56774,1252,Gornja Stubica,1252,2,Krapinsko-zagorska,2
56782,Sekirišće,56782,4308,Sveti Križ Začretje,4308,2,Krapinsko-zagorska,2
56804,Sekulići,56804,3158,Ozalj,3158,4,Karlovačka,4
56812,Sekulinci,56812,4995,Voćin,4995,10,Virovitičko-podravska,10
56839,Sela,56839,3913,Sisak,3913,3,Sisačko-moslavačka,3
56847,Sela Bosiljevska,56847,302,Bosiljevo,302,4,Karlovačka,4
56855,Sela Ravenska,56855,4421,Sveti Petar Orehovec,4421,6,Koprivničko-križevačka,6
56863,Sela Žakanjska,56863,5304,Žakanje,5304,4,Karlovačka,4
56871,Selakova Poljana,56871,5037,Vojnić,5037,4,Karlovačka,4
56880,Selanec,56880,4421,Sveti Petar Orehovec,4421,6,Koprivničko-križevačka,6
56898,Selca,56898,434,Buzet,434,18,Istarska,18
56901,Selca,56901,3832,Selca,3832,17,Splitsko-dalmatinska,17
56910,Selca Kod Bogomolja,56910,4235,Sućuraj,4235,17,Splitsko-dalmatinska,17
56928,Selca Kod Stari Grada,56928,4138,Stari Grad,4138,17,Splitsko-dalmatinska,17
56936,Selce,56936,531,Crikvenica,531,8,Primorsko-goranska,8
56944,Selce Žumberačko,56944,3808,Samobor,3808,1,Zagrebačka,1
56952,Selci,56952,230,Bizovac,230,14,Osječko-baranjska,14
56979,Selci Đakovački,56979,1031,Đakovo,1031,14,Osječko-baranjska,14
56987,Selci Križovljanski,56987,485,Cestica,485,5,Varaždinska,5
57002,Selina,57002,4316,Sveti Lovreč,4316,18,Istarska,18
56995,Seline,56995,4162,Starigrad,4162,13,Zadarska,13
57029,Selišće Sunjsko,57029,4260,Sunja,4260,3,Sisačko-moslavačka,3
57037,Selište,57037,2208,Kutina,2208,3,Sisačko-moslavačka,3
57045,Selište Drežničko,57045,3654,Rakovica,3654,4,Karlovačka,4
57053,Selište Kostajničko,57053,1503,Hrvatska Kostajnica,1503,3,Sisačko-moslavačka,3
57193,Seljaci,57193,434,Buzet,434,18,Istarska,18
57207,Seljanec,57207,1562,Ivanec,1562,5,Varaždinska,5
57061,Selna,57061,1180,Garčin,1180,12,Brodsko-posavska,12
57070,Selnica,57070,2569,Marija Bistrica,2569,2,Krapinsko-zagorska,2
57088,Selnica,57088,3859,Selnica,3859,20,Međimurska,20
57096,Selnica Miholečka,57096,4421,Sveti Petar Orehovec,4421,6,Koprivničko-križevačka,6
57100,Selnica Podravska,57100,2275,Legrad,2275,6,Koprivničko-križevačka,6
57118,Selnica Psarjevačka,57118,4294,Sveti Ivan Zelina,4294,1,Zagrebačka,1
57126,Selnica Šćitarjevska,57126,5410,Velika Gorica,5410,1,Zagrebačka,1
57134,Selnik,57134,2445,Ludbreg,2445,5,Varaždinska,5
57142,Selnik,57142,2607,Maruševec,2607,5,Varaždinska,5
57169,Selno,57169,2127,Krapinske Toplice,2127,2,Krapinsko-zagorska,2
57177,Selo,57177,558,Čabar,558,8,Primorsko-goranska,8
39535,Selo Sveti Marko,39535,3239,Perušić,3239,9,Ličko-senjska,9
57185,Selsko Brdo,57185,3310,Pisarovina,3310,1,Zagrebačka,1
57215,Semeljci,57215,3867,Semeljci,3867,14,Osječko-baranjska,14
57223,Semičevići,57223,4880,Vinodolska Općina,4880,8,Primorsko-goranska,8
57231,Semić,57231,2461,Lupoglav,2461,18,Istarska,18
57240,Senj,57240,434,Buzet,434,18,Istarska,18
75795,Senj,75795,3786,Saborsko,3786,4,Karlovačka,4
57258,Senj,57258,3875,Senj,3875,9,Ličko-senjska,9
57266,Senjska Draga,57266,3875,Senj,3875,9,Ličko-senjska,9
57274,Seoca,57274,3000,Omiš,3000,17,Splitsko-dalmatinska,17
57282,Seoce,57282,2852,Nova Kapela,2852,12,Brodsko-posavska,12
57304,Seoci,57304,3514,Požega,3514,11,Požeško-slavonska,11
57339,Seona,57339,5762,Donja Motičina,5762,14,Osječko-baranjska,14
57347,Sertić Poljana,57347,4553,Plitvička Jezera,4553,9,Ličko-senjska,9
57355,Sestrunj,57355,3549,Preko,3549,13,Zadarska,13
57363,Sesvete,57363,1333,Grad Zagreb,1333,22,Grad Zagreb,22
57371,Sesvete,57371,3344,Pleternica,3344,11,Požeško-slavonska,11
57380,Sesvete Ludbreške,57380,4375,Sveti Đurđ,4375,5,Varaždinska,5
57398,Setuš,57398,2593,Martinska Ves,2593,3,Sisačko-moslavačka,3
57401,Severin,57401,5622,Severin,5622,7,Bjelovarsko-bilogorska,7
57410,Severin Na Kupi,57410,5096,Vrbovsko,5096,8,Primorsko-goranska,8
57428,Severovci,57428,1074,Đurđevac,1074,6,Koprivničko-križevačka,6
57436,Sevid,57436,2585,Marina,2585,17,Splitsko-dalmatinska,17
57444,Sibenik,57444,4804,Veliki Grđevac,4804,7,Bjelovarsko-bilogorska,7
57452,Sibić,57452,3280,Petrinja,3280,3,Sisačko-moslavačka,3
57479,Sibinj,57479,3883,Sibinj,3883,12,Brodsko-posavska,12
57487,Sibinj Krmpotski,57487,2909,Novi Vinodolski,2909,8,Primorsko-goranska,8
57495,Sibokovac,57495,582,Čaglin,582,11,Požeško-slavonska,11
57509,Siča,57509,78,Barilovići,78,4,Karlovačka,4
57517,Sičane,57517,728,Dicmo,728,17,Splitsko-dalmatinska,17
57525,Siče,57525,2852,Nova Kapela,2852,12,Brodsko-posavska,12
57533,Sičice,57533,5061,Vrbje,5061,12,Brodsko-posavska,12
57541,Sigetac,57541,2933,Novska,2933,3,Sisačko-moslavačka,3
57550,Sigetec,57550,3247,Peteranec,3247,6,Koprivničko-križevačka,6
57568,Sigetec Ludbreški,57568,2445,Ludbreg,2445,5,Varaždinska,5
57576,Sikirevci,57576,5703,Sikirevci,5703,12,Brodsko-posavska,12
57584,Sikovo,57584,4286,Sveti Filip I Jakov,4286,13,Zadarska,13
57592,Silaš,57592,6149,Šodolovci,6149,14,Osječko-baranjska,14
57606,Silba,57606,5207,Zadar,5207,13,Zadarska,13
57614,Sinac,57614,3131,Otočac,3131,9,Ličko-senjska,9
57657,Sinj,57657,3891,Sinj,3891,17,Splitsko-dalmatinska,17
57622,Sinlije,57622,469,Cernik,469,12,Brodsko-posavska,12
57649,Sinožići,57649,4979,Višnjan,4979,18,Istarska,18
57665,Sirač,57665,3905,Sirač,3905,7,Bjelovarsko-bilogorska,7
57673,Sirotići,57673,434,Buzet,434,18,Istarska,18
57681,Sirova Katalena,57681,1074,Đurđevac,1074,6,Koprivničko-križevačka,6
57690,Sisak,57690,3913,Sisak,3913,3,Sisačko-moslavačka,3
57703,Siščani,57703,639,Čazma,639,7,Bjelovarsko-bilogorska,7
57711,Sitno,57711,5894,Prgomet,5894,17,Splitsko-dalmatinska,17
57720,Sitno Donje,57720,4448,Šibenik,4448,15,Šibensko-kninska,15
57738,Siverić,57738,957,Drniš,957,15,Šibensko-kninska,15
57746,Sivica,57746,3425,Podturen,3425,20,Međimurska,20
57754,Sječevac,57754,3808,Samobor,3808,1,Zagrebačka,1
57762,Sjeničak Lasinjski,57762,2259,Lasinja,2259,4,Karlovačka,4
57789,Sjeverovac,57789,4260,Sunja,4260,3,Sisačko-moslavačka,3
57797,Skakavac,57797,1791,Karlovac,1791,4,Karlovačka,4
57819,Skela,57819,1210,Glina,1210,3,Sisačko-moslavačka,3
57827,Skenderovci,57827,353,Brestovac,353,11,Požeško-slavonska,11
57835,Skenderovci,57835,2313,Lipik,2313,11,Požeško-slavonska,11
57843,Skitača,57843,3689,Raša,3689,18,Istarska,18
57851,Skoblić Brdo,57851,302,Bosiljevo,302,4,Karlovačka,4
57860,Skrad,57860,3930,Skrad,3930,8,Primorsko-goranska,8
75850,Skrada,75850,3786,Saborsko,3786,4,Karlovačka,4
57878,Skradin,57878,3948,Skradin,3948,15,Šibensko-kninska,15
57886,Skradinsko Polje,57886,3948,Skradin,3948,15,Šibensko-kninska,15
57894,Skradnik,57894,1724,Josipdol,1724,4,Karlovačka,4
57908,Skradsko Selo,57908,5568,Ribnik,5568,4,Karlovačka,4
57916,Skrbčići,57916,2151,Krk,2151,8,Primorsko-goranska,8
57924,Skrivena Luka,57924,2267,Lastovo,2267,19,Dubrovačko-neretvanska,19
57932,Skukani,57932,1201,Generalski Stol,1201,4,Karlovačka,4
57959,Skupica,57959,2810,Netretić,2810,4,Karlovačka,4
57967,Skvaranska,57967,3689,Raša,3689,18,Istarska,18
57975,Slabinja,57975,1490,Hrvatska Dubica,1490,3,Sisačko-moslavačka,3
57983,Sladojevački Lug,57983,3956,Slatina,3956,10,Virovitičko-podravska,10
57991,Sladojevci,57991,3956,Slatina,3956,10,Virovitičko-podravska,10
58009,Slakovci,58009,4146,Stari Jankovci,4146,16,Vukovarsko-srijemska,16
58017,Slakovec,58017,2798,Nedelišće,2798,20,Međimurska,20
58025,Slana,58025,3280,Petrinja,3280,3,Sisačko-moslavačka,3
58033,Slani Dol,58033,3808,Samobor,3808,1,Zagrebačka,1
58041,Slani Potok,58041,1252,Gornja Stubica,1252,2,Krapinsko-zagorska,2
58068,Slanje,58068,850,Donji Martijanec,850,5,Varaždinska,5
58050,Slano,58050,5983,Dubrovačko Primorje,5983,19,Dubrovačko-neretvanska,19
58076,Slapnica,58076,3808,Samobor,3808,1,Zagrebačka,1
58084,Slapno,58084,3158,Ozalj,3158,4,Karlovačka,4
58092,Slatina,58092,3565,Preseka,3565,1,Zagrebačka,1
58106,Slatina,58106,3956,Slatina,3956,10,Virovitičko-podravska,10
58122,Slatina Pokupska,58122,1210,Glina,1210,3,Sisačko-moslavačka,3
58149,Slatina Svedruška,58149,3298,Petrovsko,3298,2,Krapinsko-zagorska,2
58114,Slatine,58114,4090,Split,4090,17,Splitsko-dalmatinska,17
58157,Slatinik Drenjski,58157,949,Drenje,949,14,Osječko-baranjska,14
58165,Slatinski Drenovac,58165,566,Čačinci,566,10,Virovitičko-podravska,10
58173,Slavagora,58173,3808,Samobor,3808,1,Zagrebačka,1
58181,Slavetić,58181,1694,Jastrebarsko,1694,1,Zagrebačka,1
58190,Slavica,58190,1171,Fužine,1171,8,Primorsko-goranska,8
58203,Slavonske Bare,58203,5240,Zdenci,5240,10,Virovitičko-podravska,10
58211,Slavonski Brod,58211,3964,Slavonski Brod,3964,12,Brodsko-posavska,12
58220,Slavonski Kobaš,58220,3093,Oriovac,3093,12,Brodsko-posavska,12
58238,Slavonski Šamac,58238,3972,Slavonski Šamac,3972,12,Brodsko-posavska,12
58246,Slavsko Polje,58246,5100,Gvozd,5100,3,Sisačko-moslavačka,3
58254,Sleme Skradsko,58254,3930,Skrad,3930,8,Primorsko-goranska,8
74942,Slemenice,74942,604,Čakovec,604,20,Međimurska,20
58262,Slime,58262,3000,Omiš,3000,17,Splitsko-dalmatinska,17
58289,Slivarsko,58289,809,Donja Voća,809,5,Varaždinska,5
58297,Slivnica,58297,3492,Posedarje,3492,13,Zadarska,13
58327,Slivno,58327,5916,Runovići,5916,17,Splitsko-dalmatinska,17
58319,Slivno,58319,4448,Šibenik,4448,15,Šibensko-kninska,15
58335,Slivno Ravno,58335,3999,Slivno,3999,19,Dubrovačko-neretvanska,19
58343,Slivonja Jarek,58343,2127,Krapinske Toplice,2127,2,Krapinsko-zagorska,2
58475,Sljeme,58475,2372,Lokve,2372,8,Primorsko-goranska,8
58483,Sljeme,58483,4227,Stubičke Toplice,4227,2,Krapinsko-zagorska,2
58351,Slobodna Vlast,58351,2305,Levanjska Varoš,2305,14,Osječko-baranjska,14
58360,Slobodnica,58360,3883,Sibinj,3883,12,Brodsko-posavska,12
58378,Sloboština,58378,353,Brestovac,353,11,Požeško-slavonska,11
58386,Slokovec,58386,2445,Ludbreg,2445,5,Varaždinska,5
58394,Slovinci,58394,4260,Sunja,4260,3,Sisačko-moslavačka,3
58408,Slovinska Kovačica,58408,2879,Nova Rača,2879,7,Bjelovarsko-bilogorska,7
58416,Slum,58416,2232,Lanišće,2232,18,Istarska,18
58424,Slunj,58424,4006,Slunj,4006,4,Karlovačka,4
58467,Slunjčica,58467,4006,Slunj,4006,4,Karlovačka,4
58432,Slunjska Selnica,58432,1791,Karlovac,1791,4,Karlovačka,4
58459,Slunjski Moravci,58459,1791,Karlovac,1791,4,Karlovačka,4
58491,Smerovišće,58491,3808,Samobor,3808,1,Zagrebačka,1
58505,Smilčić,58505,175,Benkovac,175,13,Zadarska,13
58513,Smiljan,58513,1309,Gospić,1309,9,Ličko-senjska,9
58521,Smiljansko Polje,58521,1309,Gospić,1309,9,Ličko-senjska,9
58530,Smišljak,58530,388,Brod Moravice,388,8,Primorsko-goranska,8
58548,Smišljak,58548,5096,Vrbovsko,5096,8,Primorsko-goranska,8
58556,Smoković,58556,5258,Zemunik Donji,5258,13,Zadarska,13
58564,Smokovljani,58564,5983,Dubrovačko Primorje,5983,19,Dubrovačko-neretvanska,19
58572,Smokovo,58572,531,Crikvenica,531,8,Primorsko-goranska,8
58599,Smokrić,58599,2402,Lovinac,2402,9,Ličko-senjska,9
58602,Smokvica,58602,3166,Pag,3166,13,Zadarska,13
58629,Smokvica,58629,4022,Smokvica,4022,19,Dubrovačko-neretvanska,19
58637,Smokvica Krmpotska,58637,2909,Novi Vinodolski,2909,8,Primorsko-goranska,8
76611,Smolici,76596,4979,Višnjan,4979,18,Istarska,18
58645,Smolići,58645,4979,Višnjan,4979,18,Istarska,18
58661,Smoljanac,58661,4553,Plitvička Jezera,4553,9,Ličko-senjska,9
58670,Smoljanci,58670,4359,Svetvinčenat,4359,18,Istarska,18
58688,Smoljanovci,58688,4758,Velika,4758,11,Požeško-slavonska,11
58653,Smolonje,58653,3000,Omiš,3000,17,Splitsko-dalmatinska,17
58696,Smrdelje,58696,1848,Kistanje,1848,15,Šibensko-kninska,15
58700,Smrečje,58700,558,Čabar,558,8,Primorsko-goranska,8
58718,Smrekari,58718,558,Čabar,558,8,Primorsko-goranska,8
58726,Smrtić,58726,1279,Gornji Bogićevci,1279,12,Brodsko-posavska,12
58734,Smude,58734,4995,Voćin,4995,10,Virovitičko-podravska,10
58742,Snašići,58742,4324,Sveta Nedelja,4324,18,Istarska,18
58769,Snos,58769,4006,Slunj,4006,4,Karlovačka,4
58777,Soblinec,58777,1333,Grad Zagreb,1333,22,Grad Zagreb,22
58785,Sobočani,58785,1937,Kloštar Ivanić,1937,1,Zagrebačka,1
58793,Soboli,58793,612,Čavle,612,8,Primorsko-goranska,8
58807,Sobra,58807,2682,Mljet,2682,19,Dubrovačko-neretvanska,19
58815,Sočanica,58815,1023,Dvor,1023,3,Sisačko-moslavačka,3
58831,Sokoli,58831,558,Čabar,558,8,Primorsko-goranska,8
58840,Sokolovac,58840,710,Dežanovac,710,7,Bjelovarsko-bilogorska,7
58858,Sokolovac,58858,1953,Kneževi Vinogradi,1953,14,Osječko-baranjska,14
58866,Sokolovac,58866,4057,Sokolovac,4057,6,Koprivničko-križevačka,6
58874,Soldatići,58874,3158,Ozalj,3158,4,Karlovačka,4
58882,Solin,58882,4065,Solin,4065,17,Splitsko-dalmatinska,17
58904,Soline,58904,302,Bosiljevo,302,4,Karlovačka,4
58912,Soline,58912,744,Dobrinj,744,8,Primorsko-goranska,8
58939,Soline,58939,3794,Sali,3794,13,Zadarska,13
75370,Soline,75370,6025,Župa Dubrovačka,6025,19,Dubrovačko-neretvanska,19
58947,Soljani,58947,5053,Vrbanja,5053,16,Vukovarsko-srijemska,16
58955,Sonković,58955,3948,Skradin,3948,15,Šibensko-kninska,15
58963,Sop,58963,3760,Rugvica,3760,1,Zagrebačka,1
58971,Sop Bukevski,58971,5410,Velika Gorica,5410,1,Zagrebačka,1
58980,Sopač,58980,2372,Lokve,2372,8,Primorsko-goranska,8
58998,Sopaljska,58998,531,Crikvenica,531,8,Primorsko-goranska,8
59005,Sopčić Vrh,59005,5568,Ribnik,5568,4,Karlovačka,4
59013,Sopjanska Greda,59013,4073,Sopje,4073,10,Virovitičko-podravska,10
59021,Sopje,59021,4073,Sopje,4073,10,Virovitičko-podravska,10
59030,Sopot,59030,3522,Pregrada,3522,2,Krapinsko-zagorska,2
59048,Sopote,59048,5401,Žumberak,5401,1,Zagrebačka,1
59056,Sošice,59056,5401,Žumberak,5401,1,Zagrebačka,1
59064,Sošići,59064,1759,Kanfanar,1759,18,Istarska,18
59072,Sotin,59072,5185,Vukovar,5185,16,Vukovarsko-srijemska,16
59099,Sovari,59099,639,Čazma,639,7,Bjelovarsko-bilogorska,7
59102,Sovinjak,59102,434,Buzet,434,18,Istarska,18
59129,Sovinjska Brda,59129,434,Buzet,434,18,Istarska,18
59137,Sovinjsko Polje,59137,434,Buzet,434,18,Istarska,18
59145,Sovjak,59145,4243,Suhopolje,4243,10,Virovitičko-podravska,10
59153,Sovski Dol,59153,582,Čaglin,582,11,Požeško-slavonska,11
59161,Spahići,59161,302,Bosiljevo,302,4,Karlovačka,4
59170,Sparagovići,59170,4197,Ston,4197,19,Dubrovačko-neretvanska,19
59188,Sparednjak,59188,4006,Slunj,4006,4,Karlovačka,4
59196,Spinčići,59196,1805,Kastav,1805,8,Primorsko-goranska,8
59200,Split,59200,4090,Split,4090,17,Splitsko-dalmatinska,17
59218,Splitska,59218,4278,Supetar,4278,17,Splitsko-dalmatinska,17
59226,Sračak,59226,5304,Žakanje,5304,4,Karlovačka,4
59234,Sračinec,59234,4103,Sračinec,4103,5,Varaždinska,5
76503,Srb,76503,1317,Gračac,1317,13,Zadarska,13
59242,Srdinac,59242,2925,Novigrad Podravski,2925,6,Koprivničko-križevačka,6
75388,Srebreno,75388,6025,Župa Dubrovačka,6025,19,Dubrovačko-neretvanska,19
59269,Srebrnići,59269,4979,Višnjan,4979,18,Istarska,18
59277,Srebrnjak,59277,4367,Sveta Nedelja,4367,1,Zagrebačka,1
59285,Sredanci,59285,817,Donji Andrijevci,817,12,Brodsko-posavska,12
59293,Sredice Gornje,59293,1767,Kapela,1767,7,Bjelovarsko-bilogorska,7
59307,Srednja Diklenica,59307,1767,Kapela,1767,7,Bjelovarsko-bilogorska,7
59315,Srednja Draga,59315,558,Čabar,558,8,Primorsko-goranska,8
59323,Srednja Gora,59323,4677,Udbina,4677,9,Ličko-senjska,9
59331,Srednja Krašićevica,59331,698,Delnice,698,8,Primorsko-goranska,8
59340,Srednja Meminska,59340,5550,Majur,5550,3,Sisačko-moslavačka,3
59358,Srednja Velika,59358,3565,Preseka,3565,1,Zagrebačka,1
59366,Srednjak,59366,1694,Jastrebarsko,1694,1,Zagrebačka,1
59374,Srednje Mokrice,59374,3280,Petrinja,3280,3,Sisačko-moslavačka,3
59382,Srednje Prilišće,59382,2810,Netretić,2810,4,Karlovačka,4
59404,Srednje Selo,59404,493,Cetingrad,493,4,Karlovačka,4
59412,Srednje Selo,59412,3344,Pleternica,3344,11,Požeško-slavonska,11
59439,Srednje Selo,59439,4472,Šolta,4472,17,Splitsko-dalmatinska,17
59455,Srednji Dubovec,59455,2143,Križevci,2143,6,Koprivničko-križevačka,6
59463,Srednji Grahovljani,59463,3182,Pakrac,3182,11,Požeško-slavonska,11
59471,Srednji Lipovac,59471,2852,Nova Kapela,2852,12,Brodsko-posavska,12
59480,Srednji Mosti,59480,1767,Kapela,1767,7,Bjelovarsko-bilogorska,7
59498,Srednji Poloj,59498,78,Barilovići,78,4,Karlovačka,4
59501,Sreser,59501,5991,Janjina,5991,19,Dubrovačko-neretvanska,19
59510,Srijane,59510,3000,Omiš,3000,17,Splitsko-dalmatinska,17
59528,Srijedska,59528,1619,Ivanska,1619,7,Bjelovarsko-bilogorska,7
59536,Srijem,59536,4057,Sokolovac,4057,6,Koprivničko-križevačka,6
59544,Srijemske Laze,59544,4146,Stari Jankovci,4146,16,Vukovarsko-srijemska,16
59552,Srima,59552,5002,Vodice,5002,15,Šibensko-kninska,15
59579,Srinjine,59579,4090,Split,4090,17,Splitsko-dalmatinska,17
59587,Sroki,59587,4952,Viškovo,4952,8,Primorsko-goranska,8
59617,Srpski Čuntić,59617,3280,Petrinja,3280,3,Sisačko-moslavačka,3
59625,Sršići,59625,2534,Malinska-Dubašnica,2534,8,Primorsko-goranska,8
59633,Sršići,59633,3158,Ozalj,3158,4,Karlovačka,4
59641,Stajnica,59641,370,Brinje,370,9,Ličko-senjska,9
76422,Stancija Vodopija,76422,3484,Poreč,3484,18,Istarska,18
59650,Stančić,59650,337,Brckovljani,337,1,Zagrebačka,1
59668,Stančići,59668,248,Bjelovar,248,7,Bjelovarsko-bilogorska,7
59676,Stanetinec,59676,4529,Štrigova,4529,20,Međimurska,20
59684,Stanica Roč,59684,434,Buzet,434,18,Istarska,18
59692,Staničići Žumberački,59692,5339,Krašić,5339,1,Zagrebačka,1
59706,Stanić,59706,523,Cres,523,8,Primorsko-goranska,8
59714,Stanić Polje,59714,1023,Dvor,1023,3,Sisačko-moslavačka,3
59722,Stanići,59722,1767,Kapela,1767,7,Bjelovarsko-bilogorska,7
59749,Stanići,59749,3000,Omiš,3000,17,Splitsko-dalmatinska,17
59757,Staniši,59757,4987,Vižinada,4987,18,Istarska,18
59765,Stanišovi,59765,3689,Raša,3689,18,Istarska,18
59773,Staništa,59773,1783,Karlobag,1783,9,Ličko-senjska,9
59781,Stankovac,59781,1210,Glina,1210,3,Sisačko-moslavačka,3
59790,Stankovci,59790,4111,Stankovci,4111,13,Zadarska,13
59803,Stankovci,59803,5304,Žakanje,5304,4,Karlovačka,4
59811,Stanković,59811,3085,Orebić,3085,19,Dubrovačko-neretvanska,19
59820,Stankovo,59820,1694,Jastrebarsko,1694,1,Zagrebačka,1
59838,Stara Baška,59838,3603,Punat,3603,8,Primorsko-goranska,8
59846,Stara Diklenica,59846,1767,Kapela,1767,7,Bjelovarsko-bilogorska,7
59854,Stara Drenčina,59854,3913,Sisak,3913,3,Sisačko-moslavačka,3
59862,Stara Gradiška,59862,4120,Stara Gradiška,4120,12,Brodsko-posavska,12
59889,Stara Jošava,59889,3077,Orahovica,3077,10,Virovitičko-podravska,10
59897,Stara Kapela,59897,973,Dubrava,973,1,Zagrebačka,1
59919,Stara Kapela,59919,2852,Nova Kapela,2852,12,Brodsko-posavska,12
59927,Stara Krivaja,59927,1058,Đulovac,1058,7,Bjelovarsko-bilogorska,7
59935,Stara Kršlja,59935,3654,Rakovica,3654,4,Karlovačka,4
59943,Stara Lipa,59943,3514,Požega,3514,11,Požeško-slavonska,11
59951,Stara Ljeskovica,59951,582,Čaglin,582,11,Požeško-slavonska,11
59960,Stara Marča,59960,1937,Kloštar Ivanić,1937,1,Zagrebačka,1
59978,Stara Novalja,59978,2887,Novalja,2887,9,Ličko-senjska,9
59986,Stara Plošćica,59986,1619,Ivanska,1619,7,Bjelovarsko-bilogorska,7
59994,Stara Rača,59994,2879,Nova Rača,2879,7,Bjelovarsko-bilogorska,7
60003,Stara Subocka,60003,2933,Novska,2933,3,Sisačko-moslavačka,3
60011,Stara Sušica,60011,3697,Ravna Gora,3697,8,Primorsko-goranska,8
60020,Stara Vas,60020,3166,Pag,3166,13,Zadarska,13
60038,Stara Ves Košnička,60038,701,Desinić,701,2,Krapinsko-zagorska,2
60046,Stara Ves Petrovska,60046,3298,Petrovsko,3298,2,Krapinsko-zagorska,2
60054,Stara Ves Ravenska,60054,2143,Križevci,2143,6,Koprivničko-križevačka,6
60062,Starci,60062,4189,Staro Petrovo Selo,4189,12,Brodsko-posavska,12
60089,Starčevljani,60089,1767,Kapela,1767,7,Bjelovarsko-bilogorska,7
48429,Stare Plavnice,48429,248,Bjelovar,248,7,Bjelovarsko-bilogorska,7
60097,Stari Bošnjani,60097,2143,Križevci,2143,6,Koprivničko-križevačka,6
60119,Stari Brod,60119,2283,Lekenik,2283,3,Sisačko-moslavačka,3
60127,Stari Farkašić,60127,2283,Lekenik,2283,3,Sisačko-moslavačka,3
60135,Stari Glog,60135,1350,Gradec,1350,1,Zagrebačka,1
60143,Stari Golubovec,60143,2364,Lobor,2364,2,Krapinsko-zagorska,2
60151,Stari Grabovac,60151,2933,Novska,2933,3,Sisačko-moslavačka,3
60160,Stari Grad,60160,4138,Stari Grad,4138,17,Splitsko-dalmatinska,17
60178,Stari Grad Žumberački,60178,5401,Žumberak,5401,1,Zagrebačka,1
60186,Stari Gradac,60186,3328,Pitomača,3328,10,Virovitičko-podravska,10
60194,Stari Jankovci,60194,4146,Stari Jankovci,4146,16,Vukovarsko-srijemska,16
60208,Stari Laz,60208,3697,Ravna Gora,3697,8,Primorsko-goranska,8
60216,Stari Lazi,60216,388,Brod Moravice,388,8,Primorsko-goranska,8
60224,Stari Majur,60224,3182,Pakrac,3182,11,Požeško-slavonska,11
60232,Stari Mikanovci,60232,4154,Stari Mikanovci,4154,16,Vukovarsko-srijemska,16
60259,Stari Pavljani,60259,248,Bjelovar,248,7,Bjelovarsko-bilogorska,7
60267,Stari Perkovci,60267,5142,Vrpolje,5142,12,Brodsko-posavska,12
60275,Stari Skucani,60275,1767,Kapela,1767,7,Bjelovarsko-bilogorska,7
60283,Stari Slatinik,60283,396,Brodski Stupnik,396,12,Brodsko-posavska,12
60291,Stari Zdenkovac,60291,582,Čaglin,582,11,Požeško-slavonska,11
60305,Starići,60305,3484,Poreč,3484,18,Istarska,18
60313,Starigrad,60313,2011,Koprivnica,2011,6,Koprivničko-križevačka,6
60321,Starigrad,60321,3875,Senj,3875,9,Ličko-senjska,9
60330,Starigrad,60330,4162,Starigrad,4162,13,Zadarska,13
60348,Starin,60348,574,Čađavica,574,10,Virovitičko-podravska,10
60356,Starine,60356,4502,Štefanje,4502,7,Bjelovarsko-bilogorska,7
60364,Starjak,60364,1333,Grad Zagreb,1333,22,Grad Zagreb,22
60372,Staro Čiče,60372,5410,Velika Gorica,5410,1,Zagrebačka,1
60399,Staro Petrovo Polje,60399,540,Crnac,540,10,Virovitičko-podravska,10
60402,Staro Petrovo Selo,60402,4189,Staro Petrovo Selo,4189,12,Brodsko-posavska,12
60429,Staro Pračno,60429,3913,Sisak,3913,3,Sisačko-moslavačka,3
60437,Staro Selo,60437,3131,Otočac,3131,9,Ličko-senjska,9
60445,Staro Selo,60445,3913,Sisak,3913,3,Sisačko-moslavačka,3
60453,Staro Selo Topusko,60453,4570,Topusko,4570,3,Sisačko-moslavačka,3
60461,Staro Štefanje,60461,4502,Štefanje,4502,7,Bjelovarsko-bilogorska,7
60470,Staro Topolje,60470,817,Donji Andrijevci,817,12,Brodsko-posavska,12
60488,Starogradački Marof,60488,3328,Pitomača,3328,10,Virovitičko-podravska,10
60496,Staševica,60496,3352,Ploče,3352,19,Dubrovačko-neretvanska,19
60500,Staza,60500,4260,Sunja,4260,3,Sisačko-moslavačka,3
60518,Stažnjevec,60518,1562,Ivanec,1562,5,Varaždinska,5
60526,Stepčići,60526,2178,Kršan,2178,18,Istarska,18
60534,Stilja,60534,5118,Vrgorac,5118,17,Splitsko-dalmatinska,17
60542,Stinica,60542,3875,Senj,3875,9,Ličko-senjska,9
60569,Stipan,60569,5100,Gvozd,5100,3,Sisačko-moslavačka,3
60577,Stipanovci,60577,3409,Podgorač,3409,14,Osječko-baranjska,14
60585,Stipernica,60585,3522,Pregrada,3522,2,Krapinsko-zagorska,2
64114,Stivan,64114,523,Cres,523,8,Primorsko-goranska,8
76473,Stivašnica,76473,5827,Rogoznica,5827,15,Šibensko-kninska,15
60593,Stobreč,60593,4090,Split,4090,17,Splitsko-dalmatinska,17
60607,Stojavnica,60607,3158,Ozalj,3158,4,Karlovačka,4
60615,Stojčinovac,60615,582,Čaglin,582,11,Požeško-slavonska,11
60623,Stojdraga,60623,3808,Samobor,3808,1,Zagrebačka,1
60631,Stojmerić,60631,4006,Slunj,4006,4,Karlovačka,4
60640,Stolac,60640,3875,Senj,3875,9,Ličko-senjska,9
60658,Stomorska,60658,4472,Šolta,4472,17,Splitsko-dalmatinska,17
60666,Ston,60666,4197,Ston,4197,19,Dubrovačko-neretvanska,19
60674,Strahinje,60674,2119,Krapina,2119,2,Krapinsko-zagorska,2
60682,Strahinje Radobojsko,60682,3646,Radoboj,3646,2,Krapinsko-zagorska,2
60704,Strahoninec,60704,6068,Strahoninec,6068,20,Međimurska,20
60712,Strana,60712,434,Buzet,434,18,Istarska,18
60739,Stranići Kod Lovreča,60739,4316,Sveti Lovreč,4316,18,Istarska,18
60747,Stranići Kod Nove Vasi,60747,3484,Poreč,3484,18,Istarska,18
60755,Strašnik,60755,3280,Petrinja,3280,3,Sisačko-moslavačka,3
60763,Stravča,60763,1988,Konavle,1988,19,Dubrovačko-neretvanska,19
60771,Straža,60771,2810,Netretić,2810,4,Karlovačka,4
60780,Straža Krapinska,60780,2119,Krapina,2119,2,Krapinsko-zagorska,2
60798,Stražanac,60798,1996,Končanica,1996,7,Bjelovarsko-bilogorska,7
60801,Stražbenica,60801,3280,Petrinja,3280,3,Sisačko-moslavačka,3
60810,Stražeman,60810,4758,Velika,4758,11,Požeško-slavonska,11
60828,Strelec,60828,2500,Mala Subotica,2500,20,Međimurska,20
60836,Strelečko,60836,2593,Martinska Ves,2593,3,Sisačko-moslavačka,3
60844,Strezojevo,60844,5444,Pokupsko,5444,1,Zagrebačka,1
60852,Strgari,60852,302,Bosiljevo,302,4,Karlovačka,4
60879,Striježevica,60879,353,Brestovac,353,11,Požeško-slavonska,11
60887,Strilčići,60887,2534,Malinska-Dubašnica,2534,8,Primorsko-goranska,8
60895,Strizirep,60895,4600,Trilj,4600,17,Splitsko-dalmatinska,17
60909,Strizivojna,60909,4219,Strizivojna,4219,14,Osječko-baranjska,14
60917,Strižičevac,60917,2313,Lipik,2313,11,Požeško-slavonska,11
60933,Strmac Pribićki,60933,5339,Krašić,5339,1,Zagrebačka,1
60941,Strmačka,60941,493,Cetingrad,493,4,Karlovačka,4
60950,Strmec,60950,1333,Grad Zagreb,1333,22,Grad Zagreb,22
60968,Strmec,60968,3565,Preseka,3565,1,Zagrebačka,1
61026,Strmec,61026,4367,Sveta Nedelja,4367,1,Zagrebačka,1
60976,Strmec,60976,4812,Veliko Trgovišće,4812,2,Krapinsko-zagorska,2
60984,Strmec Bukevski,60984,5410,Velika Gorica,5410,1,Zagrebačka,1
60992,Strmec Humski,60992,1520,Hum Na Sutli,1520,2,Krapinsko-zagorska,2
61000,Strmec Podravski,61000,3263,Petrijanec,3263,5,Varaždinska,5
61018,Strmec Remetinečki,61018,2895,Novi Marof,2895,5,Varaždinska,5
61034,Strmec Stubički,61034,4227,Stubičke Toplice,4227,2,Krapinsko-zagorska,2
61042,Strmec Sutlanski,61042,2089,Kraljevec Na Sutli,2089,2,Krapinsko-zagorska,2
61069,Strmen,61069,4260,Sunja,4260,3,Sisačko-moslavačka,3
61077,Strmendolac,61077,4600,Trilj,4600,17,Splitsko-dalmatinska,17
61085,Strmica,61085,1961,Knin,1961,15,Šibensko-kninska,15
61093,Strošinci,61093,5053,Vrbanja,5053,16,Vukovarsko-srijemska,16
61107,Strpačići,61107,4979,Višnjan,4979,18,Istarska,18
61115,Struga,61115,4375,Sveti Đurđ,4375,5,Varaždinska,5
61123,Struga Banska,61123,1023,Dvor,1023,3,Sisačko-moslavačka,3
61131,Struga Nartska,61131,3760,Rugvica,3760,1,Zagrebačka,1
61140,Stružani,61140,3034,Oprisavci,3034,12,Brodsko-posavska,12
61158,Stružec,61158,3476,Popovača,3476,3,Sisačko-moslavačka,3
61166,Stružec Posavski,61166,5428,Orle,5428,1,Zagrebačka,1
61174,Stubalj,61174,5550,Majur,5550,3,Sisačko-moslavačka,3
61182,Stubica,61182,5096,Vrbovsko,5096,8,Primorsko-goranska,8
61204,Stubička Slatina,61204,3115,Oroslavje,3115,2,Krapinsko-zagorska,2
61212,Stubičke Toplice,61212,4227,Stubičke Toplice,4227,2,Krapinsko-zagorska,2
61239,Studena,61239,1864,Klana,1864,8,Primorsko-goranska,8
61247,Studenci,61247,2437,Lovreć,2437,17,Splitsko-dalmatinska,17
61255,Studenci,61255,3239,Perušić,3239,9,Ličko-senjska,9
61263,Stupa,61263,5983,Dubrovačko Primorje,5983,19,Dubrovačko-neretvanska,19
61271,Stupe,61271,5401,Žumberak,5401,1,Zagrebačka,1
61280,Stupnički Kuti,61280,108,Bebrina,108,12,Brodsko-posavska,12
61298,Stupnički Obrež,61298,5517,Stupnik,5517,1,Zagrebačka,1
61301,Stupno,61301,3913,Sisak,3913,3,Sisačko-moslavačka,3
61310,Stupovača,61310,2208,Kutina,2208,3,Sisačko-moslavačka,3
61328,Subocka,61328,2313,Lipik,2313,11,Požeško-slavonska,11
61336,Subotica Podravska,61336,3662,Rasinja,3662,6,Koprivničko-križevačka,6
61344,Sučići,61344,2739,Mošćenička Draga,2739,8,Primorsko-goranska,8
61352,Sućuraj,61352,4235,Sućuraj,4235,17,Splitsko-dalmatinska,17
61379,Sudaraž,61379,3255,Petlovac,3255,14,Osječko-baranjska,14
61387,Sudovčina,61387,850,Donji Martijanec,850,5,Varaždinska,5
61395,Sudovec,61395,2895,Novi Marof,2895,5,Varaždinska,5
61409,Suđurađ,61409,981,Dubrovnik,981,19,Dubrovačko-neretvanska,19
61417,Suha Katalena,61417,1074,Đurđevac,1074,6,Koprivničko-križevačka,6
61425,Suha Mlaka,61425,540,Crnac,540,10,Virovitičko-podravska,10
61433,Suhač,61433,3891,Sinj,3891,17,Splitsko-dalmatinska,17
61441,Suhaja,61441,639,Čazma,639,7,Bjelovarsko-bilogorska,7
61450,Suhodol Budački,61450,2160,Krnjak,2160,4,Karlovačka,4
61468,Suhodol Zelinski,61468,4294,Sveti Ivan Zelina,4294,1,Zagrebačka,1
61476,Suhopolje,61476,4243,Suhopolje,4243,10,Virovitičko-podravska,10
61484,Suhor,61484,698,Delnice,698,8,Primorsko-goranska,8
61492,Suhovare,61492,3450,Poličnik,3450,13,Zadarska,13
61506,Suknovci,61506,2984,Promina,2984,15,Šibensko-kninska,15
61514,Sukošan,61514,4251,Sukošan,4251,13,Zadarska,13
61522,Sulkovci,61522,3344,Pleternica,3344,11,Požeško-slavonska,11
61549,Sumartin,61549,3832,Selca,3832,17,Splitsko-dalmatinska,17
61557,Sunger,61557,2755,Mrkopalj,2755,8,Primorsko-goranska,8
61565,Sunja,61565,4260,Sunja,4260,3,Sisačko-moslavačka,3
61573,Supetar,61573,4278,Supetar,4278,17,Splitsko-dalmatinska,17
61581,Supetarska Draga,61581,3638,Rab,3638,8,Primorsko-goranska,8
61590,Susak,61590,2526,Mali Lošinj,2526,8,Primorsko-goranska,8
75191,Sustjepan,75191,981,Dubrovnik,981,19,Dubrovačko-neretvanska,19
61603,Suša,61603,5428,Orle,5428,1,Zagrebačka,1
61611,Sušac,61611,2267,Lastovo,2267,19,Dubrovačko-neretvanska,19
61620,Sušanj Cesarički,61620,1783,Karlobag,1783,9,Ličko-senjska,9
61638,Sušci,61638,728,Dicmo,728,17,Splitsko-dalmatinska,17
61646,Sušići,61646,434,Buzet,434,18,Istarska,18
61654,Sušik,61654,4880,Vinodolska Općina,4880,8,Primorsko-goranska,8
61662,Sušine,61662,1066,Đurđenovac,1066,14,Osječko-baranjska,14
61689,Sutina,61689,876,Muć,876,17,Splitsko-dalmatinska,17
61697,Sutinske Toplice,61697,2658,Mihovljan,2658,2,Krapinsko-zagorska,2
61719,Sutivan,61719,5924,Sutivan,5924,17,Splitsko-dalmatinska,17
76449,Sutivanac,76449,60,Barban,60,18,Istarska,18
61727,Sutomišćica,61727,3549,Preko,3549,13,Zadarska,13
61735,Suvoj,61735,3913,Sisak,3913,3,Sisačko-moslavačka,3
61743,Suza,61743,1953,Kneževi Vinogradi,1953,14,Osječko-baranjska,14
61751,Sužan,61751,744,Dobrinj,744,8,Primorsko-goranska,8
61794,Svedruža,61794,3298,Petrovsko,3298,2,Krapinsko-zagorska,2
61808,Sveta Ana,61808,1074,Đurđevac,1074,6,Koprivničko-križevačka,6
61816,Sveta Helena,61816,2143,Križevci,2143,6,Koprivničko-križevačka,6
61824,Sveta Helena,61824,4294,Sveti Ivan Zelina,4294,1,Zagrebačka,1
76614,Sveta Jelena,76599,3875,Senj,3875,9,Ličko-senjska,9
61832,Sveta Katarina,61832,3301,Pićan,3301,18,Istarska,18
61859,Sveta Lucija,61859,3042,Oprtalj,3042,18,Istarska,18
61867,Sveta Marija,61867,6076,Sveta Marija,6076,20,Međimurska,20
75442,Sveta Marija Na Krasu,75442,426,Buje,426,18,Istarska,18
75469,Sveta Marija Na Krasu,75469,4685,Umag,4685,18,Istarska,18
61883,Sveta Marina,61883,3689,Raša,3689,18,Istarska,18
61905,Sveta Nedelja,61905,4367,Sveta Nedelja,4367,1,Zagrebačka,1
61891,Sveta Nedjelja,61891,1538,Hvar,1538,17,Splitsko-dalmatinska,17
61913,Sveti Andrija,61913,1970,Komiža,1970,17,Splitsko-dalmatinska,17
61921,Sveti Anton,61921,2534,Malinska-Dubašnica,2534,8,Primorsko-goranska,8
61760,Sveti Bartol,61760,2747,Motovun,2747,18,Istarska,18
68870,Sveti Bartul,68870,3689,Raša,3689,18,Istarska,18
61930,Sveti Donat,61930,434,Buzet,434,18,Istarska,18
61948,Sveti Đurađ,61948,868,Donji Miholjac,868,14,Osječko-baranjska,14
61956,Sveti Đurađ,61956,4910,Virovitica,4910,10,Virovitičko-podravska,10
61964,Sveti Đurđ,61964,4375,Sveti Đurđ,4375,5,Varaždinska,5
61778,Sveti Filip I Jakov,61778,4286,Sveti Filip I Jakov,4286,13,Zadarska,13
61972,Sveti Ilija,61972,4383,Sveti Ilija,4383,5,Varaždinska,5
61999,Sveti Ivan,61999,434,Buzet,434,18,Istarska,18
62006,Sveti Ivan,62006,2534,Malinska-Dubašnica,2534,8,Primorsko-goranska,8
62014,Sveti Ivan,62014,3042,Oprtalj,3042,18,Istarska,18
62022,Sveti Ivan,62022,4979,Višnjan,4979,18,Istarska,18
62065,Sveti Ivan Dobrinjski,62065,744,Dobrinj,744,8,Primorsko-goranska,8
62049,Sveti Ivan Zelina,62049,4294,Sveti Ivan Zelina,4294,1,Zagrebačka,1
62057,Sveti Ivan Žabno,62057,4391,Sveti Ivan Žabno,4391,6,Koprivničko-križevačka,6
25275,Sveti Jakov,25275,2526,Mali Lošinj,2526,8,Primorsko-goranska,8
75981,Sveti Josip,75981,124,Bednja,124,5,Varaždinska,5
62073,Sveti Juraj,62073,3875,Senj,3875,9,Ličko-senjska,9
62081,Sveti Juraj U Trnju,62081,825,Donji Kraljevec,825,20,Međimurska,20
62090,Sveti Križ,62090,418,Budinščina,418,2,Krapinsko-zagorska,2
62103,Sveti Križ,62103,2500,Mala Subotica,2500,20,Međimurska,20
32255,Sveti Križ,32255,5398,Marija Gorica,5398,1,Zagrebačka,1
62111,Sveti Križ,62111,4669,Tuhelj,4669,2,Krapinsko-zagorska,2
62120,Sveti Križ Začretje,62120,4308,Sveti Križ Začretje,4308,2,Krapinsko-zagorska,2
10944,Sveti Lovreč Labinski,10944,3689,Raša,3689,18,Istarska,18
62138,Sveti Lovreč Pazenatički,62138,4316,Sveti Lovreč,4316,18,Istarska,18
62146,Sveti Martin,62146,434,Buzet,434,18,Istarska,18
62154,Sveti Martin,62154,2143,Križevci,2143,6,Koprivničko-križevačka,6
76607,Sveti Martin,76592,4324,Sveta Nedelja,4324,18,Istarska,18
62162,Sveti Martin Na Muri,62162,4413,Sveti Martin Na Muri,4413,20,Međimurska,20
62189,Sveti Martin Pod Okićem,62189,3808,Samobor,3808,1,Zagrebačka,1
62197,Sveti Matej,62197,1252,Gornja Stubica,1252,2,Krapinsko-zagorska,2
62219,Sveti Mikula,62219,4880,Vinodolska Općina,4880,8,Primorsko-goranska,8
47643,Sveti Petar,47643,523,Cres,523,8,Primorsko-goranska,8
62235,Sveti Petar,62235,2518,Mali Bukovec,2518,5,Varaždinska,5
74853,Sveti Petar,74853,2976,Ogulin,2976,4,Karlovačka,4
62227,Sveti Petar Čvrstec,62227,4391,Sveti Ivan Žabno,4391,6,Koprivničko-križevačka,6
62243,Sveti Petar Mrežnički,62243,990,Duga Resa,990,4,Karlovačka,4
32522,Sveti Petar Na Moru,32522,4286,Sveti Filip I Jakov,4286,13,Zadarska,13
62251,Sveti Petar Orehovec,62251,4421,Sveti Petar Orehovec,4421,6,Koprivničko-križevačka,6
61786,Sveti Petar u Šumi,61786,4332,Sveti Petar u Šumi,4332,18,Istarska,18
55549,Sveti Rok,55549,2402,Lovinac,2402,9,Ličko-senjska,9
62260,Sveti Urban,62260,4529,Štrigova,4529,20,Međimurska,20
62278,Sveti Vid,62278,4880,Vinodolska Općina,4880,8,Primorsko-goranska,8
62286,Sveti Vid Dobrinjski,62286,744,Dobrinj,744,8,Primorsko-goranska,8
62294,Sveti Vid-Miholjice,62294,2534,Malinska-Dubašnica,2534,8,Primorsko-goranska,8
62308,Svetice,62308,3158,Ozalj,3158,4,Karlovačka,4
62316,Svetičko Hrašće,62316,3158,Ozalj,3158,4,Karlovačka,4
62324,Svetinja,62324,1643,Jakšić,1643,11,Požeško-slavonska,11
62332,Svetoblažje,62332,4618,Trnava,4618,14,Osječko-baranjska,14
62359,Svetojurski Vrh,62359,3522,Pregrada,3522,2,Krapinsko-zagorska,2
42889,Svetonedeljski Breg,42889,4367,Sveta Nedelja,4367,1,Zagrebačka,1
62367,Svetvinčenat,62367,4359,Svetvinčenat,4359,18,Istarska,18
62375,Svib,62375,507,Cista Provo,507,17,Splitsko-dalmatinska,17
62383,Svibje,62383,3760,Rugvica,3760,1,Zagrebačka,1
62391,Svibovec,62391,4731,Varaždinske Toplice,4731,5,Varaždinska,5
62405,Svibovec Podravski,62405,4103,Sračinec,4103,5,Varaždinska,5
62413,Svilaj,62413,3034,Oprisavci,3034,12,Brodsko-posavska,12
62421,Svilna,62421,3344,Pleternica,3344,11,Požeško-slavonska,11
62430,Svinca,62430,2585,Marina,2585,17,Splitsko-dalmatinska,17
62448,Svinica,62448,5550,Majur,5550,3,Sisačko-moslavačka,3
62456,Svinica Krstinjska,62456,5037,Vojnić,5037,4,Karlovačka,4
62464,Svinišće,62464,3000,Omiš,3000,17,Splitsko-dalmatinska,17
62472,Svinjarec,62472,973,Dubrava,973,1,Zagrebačka,1
62499,Svinjarevci,62499,264,Bogdanovci,264,16,Vukovarsko-srijemska,16
62502,Svirče,62502,1716,Jelsa,1716,17,Splitsko-dalmatinska,17
62529,Svojić,62529,78,Barilovići,78,4,Karlovačka,4
62537,Svračica,62537,1210,Glina,1210,3,Sisačko-moslavačka,3
62545,Svračkovo Selo,62545,4677,Udbina,4677,9,Ličko-senjska,9
62553,Svrževo,62553,5339,Krašić,5339,1,Zagrebačka,1
62561,Šag,62561,4715,Valpovo,4715,14,Osječko-baranjska,14
62570,Šagovina Cernička,62570,469,Cernik,469,12,Brodsko-posavska,12
62588,Šagovina Mašićka,62588,2992,Okučani,2992,12,Brodsko-posavska,12
62596,Šagudovec,62596,1252,Gornja Stubica,1252,2,Krapinsko-zagorska,2
62600,Šajini,62600,60,Barban,60,18,Istarska,18
62618,Šakanlije,62618,1023,Dvor,1023,3,Sisačko-moslavačka,3
62626,Šalamunić,62626,4677,Udbina,4677,9,Ličko-senjska,9
62634,Šalamunovec,62634,4421,Sveti Petar Orehovec,4421,6,Koprivničko-križevačka,6
62642,Šalovec,62642,4294,Sveti Ivan Zelina,4294,1,Zagrebačka,1
62669,Šandorovec,62669,604,Čakovec,604,20,Međimurska,20
62677,Šandrovac,62677,5649,Šandrovac,5649,7,Bjelovarsko-bilogorska,7
62685,Šapjane,62685,2615,Matulji,2615,8,Primorsko-goranska,8
62693,Šaptinovci,62693,1066,Đurđenovac,1066,14,Osječko-baranjska,14
62707,Šarari,62707,4880,Vinodolska Općina,4880,8,Primorsko-goranska,8
62715,Šarengrad,62715,1546,Ilok,1546,16,Vukovarsko-srijemska,16
62723,Šarić Struga,62723,3352,Ploče,3352,19,Dubrovačko-neretvanska,19
62731,Šarići,62731,2542,Marčana,2542,18,Istarska,18
62740,Šartovac,62740,2208,Kutina,2208,3,Sisačko-moslavačka,3
62758,Šaš,62758,4260,Sunja,4260,3,Sisačko-moslavačka,3
62766,Šaša,62766,124,Bednja,124,5,Varaždinska,5
62774,Šaševa,62774,1210,Glina,1210,3,Sisačko-moslavačka,3
62782,Šaševo,62782,574,Čađavica,574,10,Virovitičko-podravska,10
62804,Šašinovec,62804,1333,Grad Zagreb,1333,22,Grad Zagreb,22
62812,Šatornja,62812,1210,Glina,1210,3,Sisačko-moslavačka,3
62839,Šćapovec,62839,1937,Kloštar Ivanić,1937,1,Zagrebačka,1
62847,Šćepanje,62847,1511,Breznički Hum,1511,5,Varaždinska,5
62855,Šćitarjevo,62855,5410,Velika Gorica,5410,1,Zagrebačka,1
62863,Šćrbinec,62863,5266,Zlatar,5266,2,Krapinsko-zagorska,2
62871,Šćulac,62871,78,Barilovići,78,4,Karlovačka,4
62880,Šćulci,62880,434,Buzet,434,18,Istarska,18
62898,Šebreki,62898,1791,Karlovac,1791,4,Karlovačka,4
62901,Šećerana,62901,132,Beli Manastir,132,14,Osječko-baranjska,14
62910,Šeganovac,62910,4553,Plitvička Jezera,4553,9,Ličko-senjska,9
62928,Šegestin,62928,1023,Dvor,1023,3,Sisačko-moslavačka,3
62944,Šegotići,62944,2542,Marčana,2542,18,Istarska,18
62952,Šeketino Brdo,62952,990,Duga Resa,990,4,Karlovačka,4
62979,Šelovec,62979,3565,Preseka,3565,1,Zagrebačka,1
62987,Šemovci,62987,4901,Virje,4901,6,Koprivničko-križevačka,6
62995,Šemovec,62995,4626,Trnovec Bartolovečki,4626,5,Varaždinska,5
63002,Šemovec Breški,63002,1589,Ivanić-Grad,1589,1,Zagrebačka,1
63029,Šenkovec,63029,345,Brdovec,345,1,Zagrebačka,1
63037,Šenkovec,63037,6084,Šenkovec,6084,20,Međimurska,20
63045,Šeovci,63045,3514,Požega,3514,11,Požeško-slavonska,11
63053,Šeovica,63053,2313,Lipik,2313,11,Požeško-slavonska,11
63061,Šepci Podstenski,63061,388,Brod Moravice,388,8,Primorsko-goranska,8
63070,Šeraje,63070,3484,Poreč,3484,18,Istarska,18
63088,Šestak Brdo,63088,5444,Pokupsko,5444,1,Zagrebačka,1
63096,Šestanovac,63096,4430,Šestanovac,4430,17,Splitsko-dalmatinska,17
63100,Ševalj,63100,698,Delnice,698,8,Primorsko-goranska,8
63118,Šibenik,63118,4448,Šibenik,4448,15,Šibensko-kninska,15
63126,Šibice,63126,5436,Zaprešić,5436,1,Zagrebačka,1
63134,Šibine,63134,1210,Glina,1210,3,Sisačko-moslavačka,3
63142,Šibovac,63142,3905,Sirač,3905,7,Bjelovarsko-bilogorska,7
63177,Šijanec,63177,4847,Vidovec,4847,5,Varaždinska,5
63185,Šije,63185,3697,Ravna Gora,3697,8,Primorsko-goranska,8
63193,Šijska Kosa,63193,3697,Ravna Gora,3697,8,Primorsko-goranska,8
63215,Šiljakovina,63215,5410,Velika Gorica,5410,1,Zagrebačka,1
63223,Šilješki,63223,1988,Konavle,1988,19,Dubrovačko-neretvanska,19
63231,Šiljki,63231,3158,Ozalj,3158,4,Karlovačka,4
63240,Šiljkovača,63240,493,Cetingrad,493,4,Karlovačka,4
63207,Šilo,63207,744,Dobrinj,744,8,Primorsko-goranska,8
63258,Šimatovo,63258,388,Brod Moravice,388,8,Primorsko-goranska,8
63266,Šimići,63266,4880,Vinodolska Općina,4880,8,Primorsko-goranska,8
63274,Šimljana,63274,183,Berek,183,7,Bjelovarsko-bilogorska,7
63282,Šimljanica,63282,183,Berek,183,7,Bjelovarsko-bilogorska,7
63304,Šimljanik,63304,183,Berek,183,7,Bjelovarsko-bilogorska,7
63312,Šimraki,63312,3808,Samobor,3808,1,Zagrebačka,1
63339,Šimunci,63339,701,Desinić,701,2,Krapinsko-zagorska,2
63347,Šimunčevec,63347,1333,Grad Zagreb,1333,22,Grad Zagreb,22
63355,Šimuni,63355,3166,Pag,3166,13,Zadarska,13
63363,Šinkovica Bednjanska,63363,124,Bednja,124,5,Varaždinska,5
63371,Šinkovica Šaška,63371,124,Bednja,124,5,Varaždinska,5
63380,Šipački Breg,63380,3808,Samobor,3808,1,Zagrebačka,1
63398,Šipanska Luka,63398,981,Dubrovnik,981,19,Dubrovačko-neretvanska,19
63401,Šipki,63401,2364,Lobor,2364,2,Krapinsko-zagorska,2
63410,Šiptari,63410,1767,Kapela,1767,7,Bjelovarsko-bilogorska,7
63428,Širinci,63428,2992,Okučani,2992,12,Brodsko-posavska,12
63436,Širine,63436,3255,Petlovac,3255,14,Osječko-baranjska,14
63444,Širinec,63444,2135,Križ,2135,1,Zagrebačka,1
63452,Širitovci,63452,957,Drniš,957,15,Šibensko-kninska,15
63479,Široka Kula,63479,1309,Gospić,1309,9,Ličko-senjska,9
63487,Široka Rijeka,63487,5037,Vojnić,5037,4,Karlovačka,4
63495,Široke,63495,3573,Primošten,3573,15,Šibensko-kninska,15
63509,Široko Polje,63509,1031,Đakovo,1031,14,Osječko-baranjska,14
63517,Široko Selo,63517,4057,Sokolovac,4057,6,Koprivničko-križevačka,6
63525,Šišan,63525,2356,Ližnjan,2356,18,Istarska,18
63533,Šišinec,63533,2283,Lekenik,2283,3,Sisačko-moslavačka,3
63541,Šiškovci,63541,442,Cerna,442,16,Vukovarsko-srijemska,16
63550,Šišljavić,63550,1791,Karlovac,1791,4,Karlovačka,4
63568,Šivati,63568,5312,Žminj,5312,18,Istarska,18
63576,Škabrnja,63576,4456,Škabrnja,4456,13,Zadarska,13
63584,Škalić Zagorski,63584,701,Desinić,701,2,Krapinsko-zagorska,2
63606,Škaljevica,63606,3158,Ozalj,3158,4,Karlovačka,4
63592,Škalnica,63592,1864,Klana,1864,8,Primorsko-goranska,8
63614,Škare,63614,3131,Otočac,3131,9,Ličko-senjska,9
63622,Škarićevo,63622,2119,Krapina,2119,2,Krapinsko-zagorska,2
63649,Škarnik,63649,4731,Varaždinske Toplice,4731,5,Varaždinska,5
63657,Škodinovac,63657,1058,Đulovac,1058,7,Bjelovarsko-bilogorska,7
63665,Škopljak,63665,1325,Gračišće,1325,18,Istarska,18
63673,Škrabutnik,63673,3514,Požega,3514,11,Požeško-slavonska,11
63681,Škriljevec,63681,1562,Ivanec,1562,5,Varaždinska,5
63690,Škrinjari,63690,4391,Sveti Ivan Žabno,4391,6,Koprivničko-križevačka,6
63703,Škrip,63703,4278,Supetar,4278,17,Splitsko-dalmatinska,17
63711,Škrljevo,63711,43,Bakar,43,8,Primorsko-goranska,8
63720,Škropeti,63720,5967,Karojba,5967,18,Istarska,18
63738,Škuljari,63738,434,Buzet,434,18,Istarska,18
63746,Šlivnjak,63746,4006,Slunj,4006,4,Karlovačka,4
63754,Šljivoševci,63754,5789,Magadenovac,5789,14,Osječko-baranjska,14
63762,Šljivovac,63762,5100,Gvozd,5100,3,Sisačko-moslavačka,3
63789,Šmrika,63789,2097,Kraljevica,2097,8,Primorsko-goranska,8
63797,Šnjegavić,63797,353,Brestovac,353,11,Požeško-slavonska,11
75655,Šodići,75655,5380,Kostrena,5380,8,Primorsko-goranska,8
63819,Šodolovci,63819,6149,Šodolovci,6149,14,Osječko-baranjska,14
75663,Šoići,75663,5380,Kostrena,5380,8,Primorsko-goranska,8
63827,Šopot,63827,175,Benkovac,175,13,Zadarska,13
63835,Šopron,63835,5606,Kalnik,5606,6,Koprivničko-križevačka,6
63843,Šorgi,63843,3042,Oprtalj,3042,18,Istarska,18
63851,Šorići,63851,1759,Kanfanar,1759,18,Istarska,18
63878,Španat,63878,4073,Sopje,4073,10,Virovitičko-podravska,10
63886,Španovica,63886,3182,Pakrac,3182,11,Požeško-slavonska,11
63894,Špehari,63894,302,Bosiljevo,302,4,Karlovačka,4
63908,Špičkovina,63908,5193,Zabok,5193,2,Krapinsko-zagorska,2
63916,Špigelski Breg,63916,1694,Jastrebarsko,1694,1,Zagrebačka,1
63924,Špiranec,63924,2143,Križevci,2143,6,Koprivničko-križevačka,6
63932,Špišić Bukovica,63932,4499,Špišić Bukovica,4499,10,Virovitičko-podravska,10
63959,Štaglinec,63959,2011,Koprivnica,2011,6,Koprivničko-križevačka,6
63967,Štakorovec,63967,337,Brckovljani,337,1,Zagrebačka,1
63975,Štakorovica,63975,5037,Vojnić,5037,4,Karlovačka,4
63983,Štale,63983,4880,Vinodolska Općina,4880,8,Primorsko-goranska,8
63991,Štedrica,63991,5983,Dubrovačko Primorje,5983,19,Dubrovačko-neretvanska,19
64009,Štefanci,64009,5096,Vrbovsko,5096,8,Primorsko-goranska,8
64017,Štefanec,64017,2500,Mala Subotica,2500,20,Međimurska,20
64025,Štefanec,64025,4626,Trnovec Bartolovečki,4626,5,Varaždinska,5
64033,Štefanje,64033,4502,Štefanje,4502,7,Bjelovarsko-bilogorska,7
64041,Šterna,64041,1384,Grožnjan,1384,18,Istarska,18
64050,Štifanići,64050,3484,Poreč,3484,18,Istarska,18
64068,Štikada,64068,2402,Lovinac,2402,9,Ličko-senjska,9
64076,Štikovo,64076,957,Drniš,957,15,Šibensko-kninska,15
64084,Štirkovac,64084,78,Barilovići,78,4,Karlovačka,4
64092,Štitar,64092,5347,Županja,5347,16,Vukovarsko-srijemska,16
64106,Štitnjak,64106,3514,Požega,3514,11,Požeško-slavonska,11
64122,Štivica,64122,4189,Staro Petrovo Selo,4189,12,Brodsko-posavska,12
64149,Štokovci,64149,4359,Svetvinčenat,4359,18,Istarska,18
64157,Štrigova,64157,4529,Štrigova,4529,20,Međimurska,20
64165,Štrigovec,64165,4421,Sveti Petar Orehovec,4421,6,Koprivničko-križevačka,6
60925,Štrmac,60925,4324,Sveta Nedelja,4324,18,Istarska,18
64173,Štrped,64173,434,Buzet,434,18,Istarska,18
64181,Štrucljevo,64181,4308,Sveti Križ Začretje,4308,2,Krapinsko-zagorska,2
64190,Štrukovec,64190,2763,Mursko Središće,2763,20,Međimurska,20
64203,Štuparje,64203,3298,Petrovsko,3298,2,Krapinsko-zagorska,2
64211,Štuti,64211,4979,Višnjan,4979,18,Istarska,18
64220,Šulinec,64220,4294,Sveti Ivan Zelina,4294,1,Zagrebačka,1
64238,Šumanovci,64238,2216,Kutjevo,2216,11,Požeško-slavonska,11
64246,Šumarina,64246,132,Beli Manastir,132,14,Osječko-baranjska,14
64254,Šumber,64254,4324,Sveta Nedelja,4324,18,Istarska,18
64262,Šumećani,64262,1589,Ivanić-Grad,1589,1,Zagrebačka,1
64289,Šumeće,64289,108,Bebrina,108,12,Brodsko-posavska,12
64297,Šumeđe,64297,3077,Orahovica,3077,10,Virovitičko-podravska,10
75205,Šumet,75205,981,Dubrovnik,981,19,Dubrovačko-neretvanska,19
64319,Šumet,64319,884,Proložac,884,17,Splitsko-dalmatinska,17
64327,Šumetlica,64327,469,Cernik,469,12,Brodsko-posavska,12
64335,Šupera,64335,531,Crikvenica,531,8,Primorsko-goranska,8
64343,Šuplja Lipa,64343,1996,Končanica,1996,7,Bjelovarsko-bilogorska,7
64351,Šurdovec,64351,4294,Sveti Ivan Zelina,4294,1,Zagrebačka,1
64360,Šušelj Brijeg,64360,2119,Krapina,2119,2,Krapinsko-zagorska,2
64386,Šušnjari,64386,353,Brestovac,353,11,Požeško-slavonska,11
64378,Šušnjari,64378,2135,Križ,2135,1,Zagrebačka,1
64394,Šušnjevci,64394,1180,Garčin,1180,12,Brodsko-posavska,12
64408,Šušnjevica,64408,2178,Kršan,2178,18,Istarska,18
64416,Šušnjići,64416,3484,Poreč,3484,18,Istarska,18
64424,Švajcarnica,64424,663,Darda,663,14,Osječko-baranjska,14
64432,Švaljkovec,64432,4308,Sveti Križ Začretje,4308,2,Krapinsko-zagorska,2
64459,Švica,64459,3131,Otočac,3131,9,Ličko-senjska,9
64467,Švrakarica,64467,1023,Dvor,1023,3,Sisačko-moslavačka,3
64475,Taborište,64475,3280,Petrinja,3280,3,Sisačko-moslavačka,3
64483,Tadini,64483,5975,Kaštelir - Labinci,5975,18,Istarska,18
64491,Tanac,64491,1686,Jasenovac,1686,3,Sisačko-moslavačka,3
64505,Tar,64505,3484,Poreč,3484,18,Istarska,18
64513,Tarno,64513,1589,Ivanić-Grad,1589,1,Zagrebačka,1
64521,Tatar Varoš,64521,493,Cetingrad,493,4,Karlovačka,4
64530,Tedrovec,64530,337,Brckovljani,337,1,Zagrebačka,1
64548,Tekić,64548,1643,Jakšić,1643,11,Požeško-slavonska,11
64556,Temovec,64556,4308,Sveti Križ Začretje,4308,2,Krapinsko-zagorska,2
64564,Tenja,64564,6157,Tenja,6157,14,Osječko-baranjska,14
64572,Teodorovac,64572,1066,Đurđenovac,1066,14,Osječko-baranjska,14
64599,Tepljuh,64599,957,Drniš,957,15,Šibensko-kninska,15
64602,Terezino Polje,64602,2453,Lukač,2453,10,Virovitičko-podravska,10
64629,Tiborjanci,64629,167,Belišće,167,14,Osječko-baranjska,14
76333,Tićan,76333,4979,Višnjan,4979,18,Istarska,18
64637,Tići,64637,5096,Vrbovsko,5096,8,Primorsko-goranska,8
64645,Tihočaj,64645,1694,Jastrebarsko,1694,1,Zagrebačka,1
75892,Tijarica,75892,4600,Trilj,4600,17,Splitsko-dalmatinska,17
64653,Tikveš,64653,213,Bilje,213,14,Osječko-baranjska,14
64661,Timarci,64661,4260,Sunja,4260,3,Sisačko-moslavačka,3
64670,Tinj,64670,175,Benkovac,175,13,Zadarska,13
64688,Tinjan,64688,4537,Tinjan,4537,18,Istarska,18
64696,Tisanić Jarek,64696,5193,Zabok,5193,2,Krapinsko-zagorska,2
64700,Tisno,64700,4545,Tisno,4545,15,Šibensko-kninska,15
64718,Tisovac,64718,3182,Pakrac,3182,11,Požeško-slavonska,11
64726,Tisovac,64726,4189,Staro Petrovo Selo,4189,12,Brodsko-posavska,12
64734,Tisovac Žumberački,64734,3808,Samobor,3808,1,Zagrebačka,1
64742,Tišina Erdedska,64742,2593,Martinska Ves,2593,3,Sisačko-moslavačka,3
64769,Tišina Kaptolska,64769,2593,Martinska Ves,2593,3,Sisačko-moslavačka,3
64777,Tiškovac Lički,64777,1317,Gračac,1317,13,Zadarska,13
64793,Tkalci,64793,2119,Krapina,2119,2,Krapinsko-zagorska,2
64807,Tkalec Breznički,64807,361,Breznica,361,5,Varaždinska,5
64815,Tkon,64815,5754,Tkon,5754,13,Zadarska,13
64823,Tociljevac,64823,2879,Nova Rača,2879,7,Bjelovarsko-bilogorska,7
64831,Točak,64831,4006,Slunj,4006,4,Karlovačka,4
64840,Točak Perjasički,64840,78,Barilovići,78,4,Karlovačka,4
64858,Točionik,64858,5983,Dubrovačko Primorje,5983,19,Dubrovačko-neretvanska,19
64866,Tolić,64866,4677,Udbina,4677,9,Ličko-senjska,9
64874,Tomaš,64874,248,Bjelovar,248,7,Bjelovarsko-bilogorska,7
64882,Tomašanci,64882,1244,Gorjani,1244,14,Osječko-baranjska,14
64904,Tomaševci,64904,5401,Žumberak,5401,1,Zagrebačka,1
64912,Tomaševec,64912,1872,Klanjec,1872,2,Krapinsko-zagorska,2
64939,Tomaševec,64939,4294,Sveti Ivan Zelina,4294,1,Zagrebačka,1
64947,Tomaševec Biškupečki,64947,4383,Sveti Ilija,4383,5,Varaždinska,5
64955,Tomašica,64955,1198,Garešnica,1198,7,Bjelovarsko-bilogorska,7
64963,Tomašići,64963,1201,Generalski Stol,1201,4,Karlovačka,4
64971,Tomašnica,64971,3158,Ozalj,3158,4,Karlovačka,4
64980,Tomica,64980,3387,Podcrkavlje,3387,12,Brodsko-posavska,12
65005,Tomići,65005,5096,Vrbovsko,5096,8,Primorsko-goranska,8
65013,Tomingaj,65013,1317,Gračac,1317,13,Zadarska,13
65021,Tominovac,65021,2216,Kutjevo,2216,11,Požeško-slavonska,11
65030,Tomislavovac,65030,4197,Ston,4197,19,Dubrovačko-neretvanska,19
65048,Tomišići,65048,5312,Žminj,5312,18,Istarska,18
65056,Tompojevci,65056,4561,Tompojevci,4561,16,Vukovarsko-srijemska,16
65064,Tončići,65064,2810,Netretić,2810,4,Karlovačka,4
65072,Topid,65072,3689,Raša,3689,18,Istarska,18
65099,Toplice,65099,1694,Jastrebarsko,1694,1,Zagrebačka,1
76589,Toplice Sveti Martin,76589,4413,Sveti Martin Na Muri,4413,20,Međimurska,20
65102,Topličica,65102,418,Budinščina,418,2,Krapinsko-zagorska,2
65129,Topličica,65129,2895,Novi Marof,2895,5,Varaždinska,5
65137,Topoline,65137,2054,Koška,2054,14,Osječko-baranjska,14
65200,Topolje,65200,914,Draž,914,14,Osječko-baranjska,14
65218,Topolje,65218,1589,Ivanić-Grad,1589,1,Zagrebačka,1
65145,Topolo,65145,5983,Dubrovačko Primorje,5983,19,Dubrovačko-neretvanska,19
65153,Topolovac,65153,3913,Sisak,3913,3,Sisačko-moslavačka,3
65161,Topolovec,65161,5088,Vrbovec,5088,1,Zagrebačka,1
65170,Topolovec Pisarovinski,65170,3310,Pisarovina,3310,1,Zagrebačka,1
65188,Topolovica,65188,4804,Veliki Grđevac,4804,7,Bjelovarsko-bilogorska,7
65196,Topolovica,65196,5096,Vrbovsko,5096,8,Primorsko-goranska,8
65226,Topusko,65226,4570,Topusko,4570,3,Sisačko-moslavačka,3
65234,Toranj,65234,3182,Pakrac,3182,11,Požeško-slavonska,11
65242,Toranj,65242,4758,Velika,4758,11,Požeško-slavonska,11
65269,Torčec,65269,965,Drnje,965,6,Koprivničko-križevačka,6
65277,Tordinci,65277,4588,Tordinci,4588,16,Vukovarsko-srijemska,16
65285,Torjanci,65285,3255,Petlovac,3255,14,Osječko-baranjska,14
65293,Totovec,65293,604,Čakovec,604,20,Međimurska,20
65307,Tounj,65307,5576,Tounj,5576,4,Karlovačka,4
65315,Tovarnik,65315,4596,Tovarnik,4596,16,Vukovarsko-srijemska,16
65323,Trakošćan,65323,124,Bednja,124,5,Varaždinska,5
65331,Trapari,65331,3344,Pleternica,3344,11,Požeško-slavonska,11
65340,Trbounje,65340,957,Drniš,957,15,Šibensko-kninska,15
65374,Trebež,65374,1686,Jasenovac,1686,3,Sisačko-moslavačka,3
65382,Trebovec,65382,1589,Ivanić-Grad,1589,1,Zagrebačka,1
65404,Treglava,65404,1392,Grubišno Polje,1392,7,Bjelovarsko-bilogorska,7
65412,Trema,65412,4391,Sveti Ivan Žabno,4391,6,Koprivničko-križevačka,6
65439,Tremušnjak,65439,3280,Petrinja,3280,3,Sisačko-moslavačka,3
65447,Trenkovo,65447,4758,Velika,4758,11,Požeško-slavonska,11
65455,Trepča,65455,5100,Gvozd,5100,3,Sisačko-moslavačka,3
65463,Trešćerovac,65463,3158,Ozalj,3158,4,Karlovačka,4
65471,Treštanovci,65471,1643,Jakšić,1643,11,Požeško-slavonska,11
65480,Trg,65480,3158,Ozalj,3158,4,Karlovačka,4
65498,Trget,65498,3689,Raša,3689,18,Istarska,18
65501,Trgetari,65501,3689,Raša,3689,18,Istarska,18
65510,Trgovi,65510,1023,Dvor,1023,3,Sisačko-moslavačka,3
65528,Trgovišće,65528,1465,Hrašćina,1465,2,Krapinsko-zagorska,2
65536,Tribalj,65536,4880,Vinodolska Općina,4880,8,Primorsko-goranska,8
65544,Tribalj Gornji,65544,4880,Vinodolska Općina,4880,8,Primorsko-goranska,8
65552,Triban,65552,426,Buje,426,18,Istarska,18
65579,Tribanj,65579,4162,Starigrad,4162,13,Zadarska,13
65587,Tribulje,65587,744,Dobrinj,744,8,Primorsko-goranska,8
65595,Tribunj,65595,5002,Vodice,5002,15,Šibensko-kninska,15
65609,Trilj,65609,4600,Trilj,4600,17,Splitsko-dalmatinska,17
65617,Trinajstići,65617,1805,Kastav,1805,8,Primorsko-goranska,8
76368,Tripari,76368,4979,Višnjan,4979,18,Istarska,18
65625,Trn,65625,3999,Slivno,3999,19,Dubrovačko-neretvanska,19
65633,Trnakovac,65633,2992,Okučani,2992,12,Brodsko-posavska,12
65641,Trnava,65641,1279,Gornji Bogićevci,1279,12,Brodsko-posavska,12
65650,Trnava,65650,4618,Trnava,4618,14,Osječko-baranjska,14
65668,Trnava Cabunska,65668,4243,Suhopolje,4243,10,Virovitičko-podravska,10
65676,Trnavac,65676,4553,Plitvička Jezera,4553,9,Ličko-senjska,9
65684,Trnbusi,65684,3000,Omiš,3000,17,Splitsko-dalmatinska,17
65838,Trnjani,65838,1180,Garčin,1180,12,Brodsko-posavska,12
65846,Trnjanski Kuti,65846,3034,Oprisavci,3034,12,Brodsko-posavska,12
65854,Trnje,65854,5410,Velika Gorica,5410,1,Zagrebačka,1
65692,Trnova,65692,5983,Dubrovačko Primorje,5983,19,Dubrovačko-neretvanska,19
65706,Trnovac,65706,1309,Gospić,1309,9,Ličko-senjska,9
65714,Trnovac,65714,4758,Velika,4758,11,Požeško-slavonska,11
65722,Trnovac Glinski,65722,1210,Glina,1210,3,Sisačko-moslavačka,3
65749,Trnovac Sokolovački,65749,4057,Sokolovac,4057,6,Koprivničko-križevačka,6
65757,Trnovec,65757,2798,Nedelišće,2798,20,Međimurska,20
65765,Trnovec,65765,4626,Trnovec Bartolovečki,4626,5,Varaždinska,5
65773,Trnovec Desinićki,65773,701,Desinić,701,2,Krapinsko-zagorska,2
65781,Trnovi,65781,493,Cetingrad,493,4,Karlovačka,4
65790,Trnovica,65790,5983,Dubrovačko Primorje,5983,19,Dubrovačko-neretvanska,19
65803,Trnovica,65803,1708,Jelenje,1708,8,Primorsko-goranska,8
65811,Trnovitički Popovac,65811,1198,Garešnica,1198,7,Bjelovarsko-bilogorska,7
65820,Trnovo,65820,1201,Generalski Stol,1201,4,Karlovačka,4
65862,Trogir,65862,4634,Trogir,4634,17,Splitsko-dalmatinska,17
65889,Trojeglava,65889,710,Dežanovac,710,7,Bjelovarsko-bilogorska,7
65897,Trojstveni Markovac,65897,248,Bjelovar,248,7,Bjelovarsko-bilogorska,7
65919,Trojvrh,65919,1724,Josipdol,1724,4,Karlovačka,4
65927,Trolokve,65927,5894,Prgomet,5894,17,Splitsko-dalmatinska,17
65935,Trombal,65935,4987,Vižinada,4987,18,Istarska,18
65943,Tropeti,65943,558,Čabar,558,8,Primorsko-goranska,8
65951,Trošmarija,65951,2976,Ogulin,2976,4,Karlovačka,4
65960,Trpanj,65960,6017,Trpanj,6017,19,Dubrovačko-neretvanska,19
65978,Trpinja,65978,4642,Trpinja,4642,16,Vukovarsko-srijemska,16
65986,Trstenik,65986,2232,Lanišće,2232,18,Istarska,18
65994,Trstenik,65994,3085,Orebić,3085,19,Dubrovačko-neretvanska,19
66001,Trstenik Nartski,66001,3760,Rugvica,3760,1,Zagrebačka,1
66010,Trstenik Pušćanski,66010,5398,Marija Gorica,5398,1,Zagrebačka,1
66028,Trsteno,66028,981,Dubrovnik,981,19,Dubrovačko-neretvanska,19
66036,Trsteno,66036,4669,Tuhelj,4669,2,Krapinsko-zagorska,2
66044,Tršće,66044,558,Čabar,558,8,Primorsko-goranska,8
66052,Trški Lazi,66052,3930,Skrad,3930,8,Primorsko-goranska,8
66079,Trški Vrh,66079,2119,Krapina,2119,2,Krapinsko-zagorska,2
66087,Trtnik Glinski,66087,1210,Glina,1210,3,Sisačko-moslavačka,3
66095,Trupinjak,66095,2160,Krnjak,2160,4,Karlovačka,4
66109,Trviž,66109,3212,Pazin,3212,18,Istarska,18
66117,Tržić,66117,1902,Klinča Sela,1902,1,Zagrebačka,1
66125,Tržić Primišljanski,66125,4006,Slunj,4006,4,Karlovačka,4
66133,Tržić Tounjski,66133,5576,Tounj,5576,4,Karlovačka,4
66141,Tučenik,66141,1350,Gradec,1350,1,Zagrebačka,1
66150,Tučepi,66150,5932,Tučepi,5932,17,Splitsko-dalmatinska,17
66168,Tugare,66168,3000,Omiš,3000,17,Splitsko-dalmatinska,17
66176,Tugonica,66176,2569,Marija Bistrica,2569,2,Krapinsko-zagorska,2
66184,Tuhelj,66184,4669,Tuhelj,4669,2,Krapinsko-zagorska,2
66192,Tuheljske Toplice,66192,4669,Tuhelj,4669,2,Krapinsko-zagorska,2
66206,Tuhovec,66206,4731,Varaždinske Toplice,4731,5,Varaždinska,5
66214,Tuk,66214,3751,Rovišće,3751,7,Bjelovarsko-bilogorska,7
75841,Tuk,75841,3786,Saborsko,3786,4,Karlovačka,4
66222,Tuk,66222,5096,Vrbovsko,5096,8,Primorsko-goranska,8
66249,Tuk Bjelopoljski,66249,4553,Plitvička Jezera,4553,9,Ličko-senjska,9
66257,Tuk Mrkopaljski,66257,2755,Mrkopalj,2755,8,Primorsko-goranska,8
66265,Tuk Vojni,66265,2755,Mrkopalj,2755,8,Primorsko-goranska,8
66273,Tuliševica,66273,2429,Lovran,2429,8,Primorsko-goranska,8
66281,Tulnik,66281,3344,Pleternica,3344,11,Požeško-slavonska,11
66290,Tupčina,66290,5401,Žumberak,5401,1,Zagrebačka,1
66303,Tupkovec,66303,6041,Gornji Mihaljevec,6041,20,Međimurska,20
66311,Tupljak,66311,3301,Pićan,3301,18,Istarska,18
66338,Turanj,66338,4286,Sveti Filip I Jakov,4286,13,Zadarska,13
66320,Turanovac,66320,2453,Lukač,2453,10,Virovitičko-podravska,10
66346,Turčenica,66346,1210,Glina,1210,3,Sisačko-moslavačka,3
66354,Turčević Polje,66354,1392,Grubišno Polje,1392,7,Bjelovarsko-bilogorska,7
66362,Turčić,66362,2534,Malinska-Dubašnica,2534,8,Primorsko-goranska,8
66389,Turčin,66389,1295,Gornji Kneginec,1295,5,Varaždinska,5
66397,Turčišće,66397,752,Domašinec,752,20,Međimurska,20
66419,Turjaci,66419,3891,Sinj,3891,17,Splitsko-dalmatinska,17
66427,Turjanski,66427,5126,Vrhovine,5126,9,Ličko-senjska,9
66435,Turke,66435,698,Delnice,698,8,Primorsko-goranska,8
66443,Turkovčina,66443,5509,Bedenica,5509,1,Zagrebačka,1
66451,Turkovići Ogulinski,66451,2976,Ogulin,2976,4,Karlovačka,4
66460,Turnašica,66460,3328,Pitomača,3328,10,Virovitičko-podravska,10
66478,Turnić,66478,3514,Požega,3514,11,Požeško-slavonska,11
66486,Turnišće,66486,2003,Konjščina,2003,2,Krapinsko-zagorska,2
66494,Turnišće Desinićko,66494,701,Desinić,701,2,Krapinsko-zagorska,2
66508,Turnišće Klanječko,66508,4812,Veliko Trgovišće,4812,2,Krapinsko-zagorska,2
66516,Turnovo,66516,701,Desinić,701,2,Krapinsko-zagorska,2
66524,Turopolje,66524,5410,Velika Gorica,5410,1,Zagrebačka,1
66532,Tusti Vrh,66532,3930,Skrad,3930,8,Primorsko-goranska,8
66559,Tušilović,66559,1791,Karlovac,1791,4,Karlovačka,4
66567,Tuškani,66567,1791,Karlovac,1791,4,Karlovačka,4
66575,Tuštevac,66575,3999,Slivno,3999,19,Dubrovačko-neretvanska,19
66583,Tužno,66583,4847,Vidovec,4847,5,Varaždinska,5
66591,Tvrda Reka,66591,1767,Kapela,1767,7,Bjelovarsko-bilogorska,7
66605,Tvrđavica,66605,3123,Osijek,3123,14,Osječko-baranjska,14
66613,Uble,66613,2267,Lastovo,2267,19,Dubrovačko-neretvanska,19
66621,Udbina,66621,4677,Udbina,4677,9,Ličko-senjska,9
66630,Udbinja,66630,1791,Karlovac,1791,4,Karlovačka,4
66648,Udetin,66648,1023,Dvor,1023,3,Sisačko-moslavačka,3
66656,Udovičić,66656,3140,Otok,3140,17,Splitsko-dalmatinska,17
66664,Ugarci,66664,3514,Požega,3514,11,Požeško-slavonska,11
66672,Ugljan,66672,3549,Preko,3549,13,Zadarska,13
66699,Ugljane,66699,4600,Trilj,4600,17,Splitsko-dalmatinska,17
66702,Uglješ,66702,663,Darda,663,14,Osječko-baranjska,14
66729,Ugrini,66729,434,Buzet,434,18,Istarska,18
66737,Ugrini,66737,4880,Vinodolska Općina,4880,8,Primorsko-goranska,8
66745,Uljanički Brijeg,66745,1198,Garešnica,1198,7,Bjelovarsko-bilogorska,7
66753,Uljanik,66753,1198,Garešnica,1198,7,Bjelovarsko-bilogorska,7
66761,Umag,66761,4685,Umag,4685,18,Istarska,18
66770,Umčani,66770,5118,Vrgorac,5118,17,Splitsko-dalmatinska,17
66788,Umetić,66788,833,Donji Kukuruzari,833,3,Sisačko-moslavačka,3
66796,Umljanović,66796,3778,Ružić,3778,15,Šibensko-kninska,15
66800,Umol,66800,302,Bosiljevo,302,4,Karlovačka,4
66818,Unčani,66818,1023,Dvor,1023,3,Sisačko-moslavačka,3
66826,Unešić,66826,4693,Unešić,4693,15,Šibensko-kninska,15
66834,Unije,66834,2526,Mali Lošinj,2526,8,Primorsko-goranska,8
75671,Urinj,75671,5380,Kostrena,5380,8,Primorsko-goranska,8
66842,Uskoci,66842,4120,Stara Gradiška,4120,12,Brodsko-posavska,12
66869,Uskoplje,66869,1988,Konavle,1988,19,Dubrovačko-neretvanska,19
66877,Ustrine,66877,2526,Mali Lošinj,2526,8,Primorsko-goranska,8
66885,Uštica,66885,1686,Jasenovac,1686,3,Sisačko-moslavačka,3
66893,Utinja,66893,1791,Karlovac,1791,4,Karlovačka,4
66907,Utinja Vrelo,66907,5037,Vojnić,5037,4,Karlovačka,4
66915,Utiskani,66915,1619,Ivanska,1619,7,Bjelovarsko-bilogorska,7
66923,Utolica,66923,1503,Hrvatska Kostajnica,1503,3,Sisačko-moslavačka,3
66931,Uzdolje,66931,3107,Orlić,3107,15,Šibensko-kninska,15
66940,Vabriga,66940,3484,Poreč,3484,18,Istarska,18
66958,Vaćani,66958,3948,Skradin,3948,15,Šibensko-kninska,15
66966,Vadalj,66966,3573,Primošten,3573,15,Šibensko-kninska,15
66974,Vadediji,66974,5312,Žminj,5312,18,Istarska,18
66982,Vadina,66982,5487,Luka,5487,1,Zagrebačka,1
67008,Vadreš,67008,60,Barban,60,18,Istarska,18
67016,Vaganac,67016,1309,Gospić,1309,9,Ličko-senjska,9
67024,Vagovina,67024,639,Čazma,639,7,Bjelovarsko-bilogorska,7
67032,Vajin Vrh,67032,1724,Josipdol,1724,4,Karlovačka,4
76384,Valbandon,76384,6190,Fažana - Fasana,6190,18,Istarska,18
75027,Valbonaša,75027,2631,Medulin,2631,18,Istarska,18
67059,Valenovac,67059,1163,Feričanci,1163,14,Osječko-baranjska,14
67067,Valentići,67067,5975,Kaštelir - Labinci,5975,18,Istarska,18
67075,Valentinovo,67075,3522,Pregrada,3522,2,Krapinsko-zagorska,2
67083,Valetić,67083,5363,Rakovec,5363,1,Zagrebačka,1
67091,Valica,67091,4685,Umag,4685,18,Istarska,18
67105,Valići,67105,1708,Jelenje,1708,8,Primorsko-goranska,8
67113,Valkarin,67113,3484,Poreč,3484,18,Istarska,18
67121,Valpovo,67121,4715,Valpovo,4715,14,Osječko-baranjska,14
67130,Valtura,67130,2356,Ližnjan,2356,18,Istarska,18
67148,Valun,67148,523,Cres,523,8,Primorsko-goranska,8
67156,Vanići,67156,1023,Dvor,1023,3,Sisačko-moslavačka,3
67164,Vantačići,67164,2534,Malinska-Dubašnica,2534,8,Primorsko-goranska,8
67172,Varaštovac,67172,3158,Ozalj,3158,4,Karlovačka,4
67199,Varaždin,67199,4723,Varaždin,4723,5,Varaždinska,5
67202,Varaždin Breg,67202,1295,Gornji Kneginec,1295,5,Varaždinska,5
67229,Varaždinske Toplice,67229,4731,Varaždinske Toplice,4731,5,Varaždinska,5
67237,Vardarac,67237,213,Bilje,213,14,Osječko-baranjska,14
67245,Vardica,67245,4685,Umag,4685,18,Istarska,18
67253,Varivode,67253,1848,Kistanje,1848,15,Šibensko-kninska,15
67261,Varoš,67261,60,Barban,60,18,Istarska,18
75825,Varoš,75825,3786,Saborsko,3786,4,Karlovačka,4
67270,Varoš Bosiljevski,67270,302,Bosiljevo,302,4,Karlovačka,4
67288,Vasine Laze,67288,3514,Požega,3514,11,Požeško-slavonska,11
67296,Vaška,67296,4073,Sopje,4073,10,Virovitičko-podravska,10
67300,Važminec,67300,523,Cres,523,8,Primorsko-goranska,8
67318,Većeslavec,67318,2143,Križevci,2143,6,Koprivničko-križevačka,6
67326,Vedašić,67326,4677,Udbina,4677,9,Ličko-senjska,9
67334,Vedrine,67334,4600,Trilj,4600,17,Splitsko-dalmatinska,17
67342,Vedro Polje,67342,4260,Sunja,4260,3,Sisačko-moslavačka,3
67369,Vejaki,67369,4979,Višnjan,4979,18,Istarska,18
67377,Vela Luka,67377,4740,Vela Luka,4740,19,Dubrovačko-neretvanska,19
67385,Vela Traba,67385,3212,Pazin,3212,18,Istarska,18
67393,Vela Učka,67393,3026,Opatija,3026,8,Primorsko-goranska,8
67407,Vela Voda,67407,698,Delnice,698,8,Primorsko-goranska,8
67415,Vele Drage,67415,388,Brod Moravice,388,8,Primorsko-goranska,8
67423,Vele Mune,67423,2615,Matulji,2615,8,Primorsko-goranska,8
67431,Vele Srakane,67431,2526,Mali Lošinj,2526,8,Primorsko-goranska,8
67440,Veleniki,67440,3484,Poreč,3484,18,Istarska,18
67458,Veleševec,67458,5428,Orle,5428,1,Zagrebačka,1
67466,Veleškovec,67466,5274,Zlatar-Bistrica,5274,2,Krapinsko-zagorska,2
67474,Veli Brgud,67474,2615,Matulji,2615,8,Primorsko-goranska,8
67482,Veli Dol,67482,2097,Kraljevica,2097,8,Primorsko-goranska,8
67504,Veli Golji,67504,4324,Sveta Nedelja,4324,18,Istarska,18
67512,Veli Iž,67512,5207,Zadar,5207,13,Zadarska,13
67539,Veli Lošinj,67539,2526,Mali Lošinj,2526,8,Primorsko-goranska,8
67555,Veli Mlun,67555,434,Buzet,434,18,Istarska,18
67563,Veli Rat,67563,3794,Sali,3794,13,Zadarska,13
67571,Veli Turini,67571,4324,Sveta Nedelja,4324,18,Istarska,18
67580,Velić,67580,4600,Trilj,4600,17,Splitsko-dalmatinska,17
67598,Velići,67598,4987,Vižinada,4987,18,Istarska,18
67601,Velika,67601,4758,Velika,4758,11,Požeško-slavonska,11
67610,Velika Babina Gora,67610,1058,Đulovac,1058,7,Bjelovarsko-bilogorska,7
67628,Velika Barna,67628,1392,Grubišno Polje,1392,7,Bjelovarsko-bilogorska,7
67636,Velika Branjska,67636,4057,Sokolovac,4057,6,Koprivničko-križevačka,6
67644,Velika Bršljanica,67644,1198,Garešnica,1198,7,Bjelovarsko-bilogorska,7
67652,Velika Buna,67652,5410,Velika Gorica,5410,1,Zagrebačka,1
67687,Velika Crkvina,67687,2160,Krnjak,2160,4,Karlovačka,4
67695,Velika Črešnjevica,67695,3328,Pitomača,3328,10,Virovitičko-podravska,10
67709,Velika Dapčevica,67709,1392,Grubišno Polje,1392,7,Bjelovarsko-bilogorska,7
67717,Velika Erpenja,67717,4812,Veliko Trgovišće,4812,2,Krapinsko-zagorska,2
67725,Velika Glava,67725,3948,Skradin,3948,15,Šibensko-kninska,15
67733,Velika Gora,67733,3522,Pregrada,3522,2,Krapinsko-zagorska,2
67741,Velika Gora,67741,4294,Sveti Ivan Zelina,4294,1,Zagrebačka,1
67750,Velika Gorica,67750,5410,Velika Gorica,5410,1,Zagrebačka,1
67768,Velika Gradusa,67768,4260,Sunja,4260,3,Sisačko-moslavačka,3
67776,Velika Horvatska,67776,701,Desinić,701,2,Krapinsko-zagorska,2
67784,Velika Hrastilnica,67784,2135,Križ,2135,1,Zagrebačka,1
67792,Velika Jamnička,67792,3310,Pisarovina,3310,1,Zagrebačka,1
67806,Velika Jasenovača,67806,1392,Grubišno Polje,1392,7,Bjelovarsko-bilogorska,7
67814,Velika Jazbina,67814,3808,Samobor,3808,1,Zagrebačka,1
67822,Velika Klisa,67822,1058,Đulovac,1058,7,Bjelovarsko-bilogorska,7
67849,Velika Kopanica,67849,4766,Velika Kopanica,4766,12,Brodsko-posavska,12
67857,Velika Kosnica,67857,5410,Velika Gorica,5410,1,Zagrebačka,1
67865,Velika Lešnica,67865,698,Delnice,698,8,Primorsko-goranska,8
67873,Velika Ludina,67873,4774,Velika Ludina,4774,3,Sisačko-moslavačka,3
67890,Velika Milešina,67890,876,Muć,876,17,Splitsko-dalmatinska,17
67903,Velika Mlaka,67903,5410,Velika Gorica,5410,1,Zagrebačka,1
67911,Velika Mlinska,67911,5657,Velika Trnovitica,5657,7,Bjelovarsko-bilogorska,7
67920,Velika Mučna,67920,4057,Sokolovac,4057,6,Koprivničko-križevačka,6
67938,Velika Ostrna,67938,1015,Dugo Selo,1015,1,Zagrebačka,1
67946,Velika Paka,67946,5304,Žakanje,5304,4,Karlovačka,4
67954,Velika Peratovica,67954,1392,Grubišno Polje,1392,7,Bjelovarsko-bilogorska,7
67962,Velika Petrovagorska,67962,2364,Lobor,2364,2,Krapinsko-zagorska,2
67989,Velika Pisanica,67989,4782,Velika Pisanica,4782,7,Bjelovarsko-bilogorska,7
67997,Velika Plana,67997,1309,Gospić,1309,9,Ličko-senjska,9
68004,Velika Popina,68004,1317,Gračac,1317,13,Zadarska,13
68012,Velika Rakovica,68012,3808,Samobor,3808,1,Zagrebačka,1
68039,Velika Rasinjica,68039,3662,Rasinja,3662,6,Koprivničko-križevačka,6
68047,Velika Solina,68047,1210,Glina,1210,3,Sisačko-moslavačka,3
68055,Velika Trapinska,68055,4243,Suhopolje,4243,10,Virovitičko-podravska,10
68063,Velika Trnava,68063,1449,Hercegovac,1449,7,Bjelovarsko-bilogorska,7
68071,Velika Trnovitica,68071,5657,Velika Trnovitica,5657,7,Bjelovarsko-bilogorska,7
68080,Velika Ves,68080,2119,Krapina,2119,2,Krapinsko-zagorska,2
68098,Velika Veternička,68098,5541,Novi Golubovec,5541,2,Krapinsko-zagorska,2
68101,Velika Vranovina,68101,4570,Topusko,4570,3,Sisačko-moslavačka,3
68110,Velike Brisnice,68110,3875,Senj,3875,9,Ličko-senjska,9
68128,Velike Sesvete,68128,2143,Križevci,2143,6,Koprivničko-križevačka,6
68136,Veliki Banovac,68136,3182,Pakrac,3182,11,Požeško-slavonska,11
68144,Veliki Bastaji,68144,1058,Đulovac,1058,7,Bjelovarsko-bilogorska,7
68152,Veliki Bilač,68152,582,Čaglin,582,11,Požeško-slavonska,11
68179,Veliki Botinovac,68179,4057,Sokolovac,4057,6,Koprivničko-križevačka,6
68187,Veliki Brezovec,68187,1350,Gradec,1350,1,Zagrebačka,1
68195,Veliki Bročanac,68195,1929,Klis,1929,17,Splitsko-dalmatinska,17
68209,Veliki Budići,68209,3182,Pakrac,3182,11,Požeško-slavonska,11
68217,Veliki Bukovec,68217,2488,Mače,2488,2,Krapinsko-zagorska,2
68225,Veliki Bukovec,68225,5584,Veliki Bukovec,5584,5,Varaždinska,5
68233,Veliki Erjavec,68233,3158,Ozalj,3158,4,Karlovačka,4
68241,Veliki Gorenec,68241,124,Bednja,124,5,Varaždinska,5
68250,Veliki Grabičani,68250,3662,Rasinja,3662,6,Koprivničko-križevačka,6
68268,Veliki Gradac,68268,1210,Glina,1210,3,Sisačko-moslavačka,3
68276,Veliki Grđevac,68276,4804,Veliki Grđevac,4804,7,Bjelovarsko-bilogorska,7
68284,Veliki Jadrč,68284,5096,Vrbovsko,5096,8,Primorsko-goranska,8
68292,Veliki Komor,68292,2488,Mače,2488,2,Krapinsko-zagorska,2
68306,Veliki Kozinac,68306,78,Barilovići,78,4,Karlovačka,4
68314,Veliki Lipovec,68314,3808,Samobor,3808,1,Zagrebačka,1
68322,Veliki Lovrečan,68322,485,Cestica,485,5,Varaždinska,5
68349,Veliki Miletinac,68349,1058,Đulovac,1058,7,Bjelovarsko-bilogorska,7
68357,Veliki Modruš Potok,68357,2810,Netretić,2810,4,Karlovačka,4
68365,Veliki Obljaj,68365,1210,Glina,1210,3,Sisačko-moslavačka,3
68373,Veliki Otok,68373,2275,Legrad,2275,6,Koprivničko-križevačka,6
68381,Veliki Pašijan,68381,1198,Garešnica,1198,7,Bjelovarsko-bilogorska,7
68390,Veliki Poganac,68390,3662,Rasinja,3662,6,Koprivničko-križevačka,6
68403,Veliki Potočec,68403,2143,Križevci,2143,6,Koprivničko-križevačka,6
68411,Veliki Prokop,68411,1198,Garešnica,1198,7,Bjelovarsko-bilogorska,7
68420,Veliki Prolog,68420,5118,Vrgorac,5118,17,Splitsko-dalmatinska,17
68438,Veliki Rastovac,68438,540,Crnac,540,10,Virovitičko-podravska,10
68446,Veliki Raven,68446,2143,Križevci,2143,6,Koprivničko-križevačka,6
68454,Veliki Šušnjar,68454,3280,Petrinja,3280,3,Sisačko-moslavačka,3
68462,Veliki Vareški,68462,2542,Marčana,2542,18,Istarska,18
68489,Veliki Vrh,68489,5401,Žumberak,5401,1,Zagrebačka,1
68497,Veliki Vrh Kamanjski,68497,5304,Žakanje,5304,4,Karlovačka,4
68519,Veliki Zdenci,68519,1392,Grubišno Polje,1392,7,Bjelovarsko-bilogorska,7
68527,Veliki Žitnik,68527,1309,Gospić,1309,9,Ličko-senjska,9
68535,Veliko Brdo,68535,2496,Makarska,2496,17,Splitsko-dalmatinska,17
68543,Veliko Korenovo,68543,248,Bjelovar,248,7,Bjelovarsko-bilogorska,7
68551,Veliko Krčevo,68551,5550,Majur,5550,3,Sisačko-moslavačka,3
68560,Veliko Polje,68560,1333,Grad Zagreb,1333,22,Grad Zagreb,22
68578,Veliko Polje,68578,2453,Lukač,2453,10,Virovitičko-podravska,10
68586,Veliko Selce,68586,3930,Skrad,3930,8,Primorsko-goranska,8
68594,Veliko Svinjičko,68594,3913,Sisak,3913,3,Sisačko-moslavačka,3
68608,Veliko Trgovišće,68608,4812,Veliko Trgovišće,4812,2,Krapinsko-zagorska,2
68616,Veliko Trojstvo,68616,4839,Veliko Trojstvo,4839,7,Bjelovarsko-bilogorska,7
68624,Veliko Vukovje,68624,1198,Garešnica,1198,7,Bjelovarsko-bilogorska,7
68632,Velim,68632,4111,Stankovci,4111,13,Zadarska,13
68659,Velimirovac,68659,2780,Našice,2780,14,Osječko-baranjska,14
68667,Velinci,68667,5533,Kumrovec,5533,2,Krapinsko-zagorska,2
68675,Veliškovci,68675,167,Belišće,167,14,Osječko-baranjska,14
68705,Veljaki,68705,2178,Kršan,2178,18,Istarska,18
68713,Veljun,68713,4006,Slunj,4006,4,Karlovačka,4
68721,Veljun Primorski,68721,3875,Senj,3875,9,Ličko-senjska,9
68730,Veljunska Glina,68730,4006,Slunj,4006,4,Karlovačka,4
68748,Veljunski Ponorac,68748,4006,Slunj,4006,4,Karlovačka,4
68683,Velo Grablje,68683,1538,Hvar,1538,17,Splitsko-dalmatinska,17
68691,Velušić,68691,957,Drniš,957,15,Šibensko-kninska,15
68756,Venac Mrežnički,68756,990,Duga Resa,990,4,Karlovačka,4
68764,Venje,68764,2216,Kutjevo,2216,11,Požeško-slavonska,11
68772,Veprinac,68772,3026,Opatija,3026,8,Primorsko-goranska,8
68799,Vera,68799,4642,Trpinja,4642,16,Vukovarsko-srijemska,16
76104,Verunić,76104,3794,Sali,3794,13,Zadarska,13
68802,Vesela,68802,3344,Pleternica,3344,11,Požeško-slavonska,11
68829,Veselići,68829,5568,Ribnik,5568,4,Karlovačka,4
68837,Veternica,68837,5541,Novi Golubovec,5541,2,Krapinsko-zagorska,2
68845,Vetovo,68845,2216,Kutjevo,2216,11,Požeško-slavonska,11
68853,Vezac,68853,3573,Primošten,3573,15,Šibensko-kninska,15
68861,Vezišće,68861,2135,Križ,2135,1,Zagrebačka,1
75884,Vezmari,75884,3786,Saborsko,3786,4,Karlovačka,4
68888,Viča Sela,68888,2127,Krapinske Toplice,2127,2,Krapinsko-zagorska,2
68896,Vid,68896,2640,Metković,2640,19,Dubrovačko-neretvanska,19
68900,Vidalići,68900,2887,Novalja,2887,9,Ličko-senjska,9
68918,Videkić Selo,68918,4006,Slunj,4006,4,Karlovačka,4
68926,Vidonje,68926,5231,Zažablje,5231,19,Dubrovačko-neretvanska,19
68934,Vidovac Cesarički,68934,1783,Karlobag,1783,9,Ličko-senjska,9
68942,Vidovci,68942,3514,Požega,3514,11,Požeško-slavonska,11
68969,Vidovec,68969,4847,Vidovec,4847,5,Varaždinska,5
68977,Vidovec Krapinski,68977,2119,Krapina,2119,2,Krapinsko-zagorska,2
68985,Vidovec Petrovski,68985,2119,Krapina,2119,2,Krapinsko-zagorska,2
68993,Vidovići,68993,523,Cres,523,8,Primorsko-goranska,8
69019,Vidrenjak,69019,4774,Velika Ludina,4774,3,Sisačko-moslavačka,3
69027,Vidulini,69027,5312,Žminj,5312,18,Istarska,18
69035,Viganj,69035,3085,Orebić,3085,19,Dubrovačko-neretvanska,19
69043,Vijenac Barilovićki,69043,78,Barilovići,78,4,Karlovačka,4
69051,Vilanci,69051,4812,Veliko Trgovišće,4812,2,Krapinsko-zagorska,2
69060,Vilanija,69060,4685,Umag,4685,18,Istarska,18
69078,Viletinec,69078,124,Bednja,124,5,Varaždinska,5
69086,Vilić Selo,69086,353,Brestovac,353,11,Požeško-slavonska,11
69094,Viljevo,69094,4855,Viljevo,4855,14,Osječko-baranjska,14
69108,Vina,69108,5118,Vrgorac,5118,17,Splitsko-dalmatinska,17
69116,Vinagora,69116,3522,Pregrada,3522,2,Krapinsko-zagorska,2
69124,Vinalić,69124,5134,Vrlika,5134,17,Splitsko-dalmatinska,17
69132,Vinarec,69132,4421,Sveti Petar Orehovec,4421,6,Koprivničko-križevačka,6
69159,Vinež,69159,2224,Labin,2224,18,Istarska,18
69221,Vini Vrh,69221,3158,Ozalj,3158,4,Karlovačka,4
69167,Vinica,69167,4863,Vinica,4863,5,Varaždinska,5
69175,Vinica Breg,69175,4863,Vinica,4863,5,Varaždinska,5
69183,Vinično,69183,4936,Visoko,4936,5,Varaždinska,5
69191,Vinine,69191,4600,Trilj,4600,17,Splitsko-dalmatinska,17
69205,Vinipotok,69205,2364,Lobor,2364,2,Krapinsko-zagorska,2
69213,Vinišće,69213,2585,Marina,2585,17,Splitsko-dalmatinska,17
69329,Vinjerac,69329,3492,Posedarje,3492,13,Zadarska,13
69230,Vinkovački Banovci,69230,2950,Nijemci,2950,16,Vukovarsko-srijemska,16
69248,Vinkovci,69248,4871,Vinkovci,4871,16,Vukovarsko-srijemska,16
69256,Vinkovec,69256,3565,Preseka,3565,1,Zagrebačka,1
75035,Vinkuran,75035,2631,Medulin,2631,18,Istarska,18
69264,Vinogradci,69264,167,Belišće,167,14,Osječko-baranjska,14
69272,Vinogradi Ludbreški,69272,2445,Ludbreg,2445,5,Varaždinska,5
74764,Vinovac,74764,2585,Marina,2585,17,Splitsko-dalmatinska,17
69299,Vinski Vrh,69299,2810,Netretić,2810,4,Karlovačka,4
69302,Vinterovec,69302,1252,Gornja Stubica,1252,2,Krapinsko-zagorska,2
75043,Vintijan,75043,2631,Medulin,2631,18,Istarska,18
69337,Vir,69337,4898,Vir,4898,13,Zadarska,13
69345,Virje,69345,4901,Virje,4901,6,Koprivničko-križevačka,6
69353,Virje Križovljansko,69353,485,Cestica,485,5,Varaždinska,5
69361,Virovitica,69361,4910,Virovitica,4910,10,Virovitičko-podravska,10
69370,Vis,69370,4928,Vis,4928,17,Splitsko-dalmatinska,17
69388,Visočane,69388,3450,Poličnik,3450,13,Zadarska,13
69396,Visočani,69396,5983,Dubrovačko Primorje,5983,19,Dubrovačko-neretvanska,19
69400,Visoće,69400,5401,Žumberak,5401,1,Zagrebačka,1
69418,Visoka,69418,4693,Unešić,4693,15,Šibensko-kninska,15
69426,Visoka Greda,69426,5061,Vrbje,5061,12,Brodsko-posavska,12
69434,Visoko,69434,4936,Visoko,4936,5,Varaždinska,5
69442,Visovi,69442,1767,Kapela,1767,7,Bjelovarsko-bilogorska,7
69469,Visuć,69469,4677,Udbina,4677,9,Ličko-senjska,9
69477,Višći Vrh,69477,5401,Žumberak,5401,1,Zagrebačka,1
69485,Viškovci,69485,3344,Pleternica,3344,11,Požeško-slavonska,11
69493,Viškovci,69493,4944,Viškovci,4944,14,Osječko-baranjska,14
69507,Viškovići,69507,3689,Raša,3689,18,Istarska,18
69515,Viškovo,69515,4952,Viškovo,4952,8,Primorsko-goranska,8
69523,Višnjan,69523,4979,Višnjan,4979,18,Istarska,18
69531,Višnjevac,69531,3123,Osijek,3123,14,Osječko-baranjska,14
69540,Višnjevac,69540,4839,Veliko Trojstvo,4839,7,Bjelovarsko-bilogorska,7
69558,Višnjevec,69558,3522,Pregrada,3522,2,Krapinsko-zagorska,2
69566,Višnjevec Podvrški,69566,3808,Samobor,3808,1,Zagrebačka,1
69604,Višnjica,69604,1686,Jasenovac,1686,3,Sisačko-moslavačka,3
69574,Višnjica,69574,4073,Sopje,4073,10,Virovitičko-podravska,10
69582,Višnjica,69582,5118,Vrgorac,5118,17,Splitsko-dalmatinska,17
69639,Vitaljina,69639,1988,Konavle,1988,19,Dubrovačko-neretvanska,19
69647,Vitešinec,69647,1562,Ivanec,1562,5,Varaždinska,5
69655,Vitunj,69655,2976,Ogulin,2976,4,Karlovačka,4
69663,Vivodina,69663,3158,Ozalj,3158,4,Karlovačka,4
69671,Vižanovec,69671,5266,Zlatar,5266,2,Krapinsko-zagorska,2
69680,Vižinada,69680,4987,Vižinada,4987,18,Istarska,18
69698,Vižintini,69698,3042,Oprtalj,3042,18,Istarska,18
69701,Vižintini Vrhi,69701,3042,Oprtalj,3042,18,Istarska,18
69710,Vižovlje,69710,4812,Veliko Trgovišće,4812,2,Krapinsko-zagorska,2
58823,Vladimirovac,58823,1368,Gradina,1368,10,Virovitičko-podravska,10
69728,Vladislavci,69728,5797,Vladislavci,5797,14,Osječko-baranjska,14
69736,Vladisovo,69736,4189,Staro Petrovo Selo,4189,12,Brodsko-posavska,12
69744,Vlahović,69744,1210,Glina,1210,3,Sisačko-moslavačka,3
69752,Vlaislav,69752,2925,Novigrad Podravski,2925,6,Koprivničko-križevačka,6
69787,Vlaka,69787,3999,Slivno,3999,19,Dubrovačko-neretvanska,19
69779,Vlaka,69779,5118,Vrgorac,5118,17,Splitsko-dalmatinska,17
69795,Vlašić Brdo,69795,5401,Žumberak,5401,1,Zagrebačka,1
69809,Vlašići,69809,3166,Pag,3166,13,Zadarska,13
69817,Vlaškovec,69817,1694,Jastrebarsko,1694,1,Zagrebačka,1
69825,Vlatkovac,69825,582,Čaglin,582,11,Požeško-slavonska,11
69833,Voćarica,69833,2933,Novska,2933,3,Sisačko-moslavačka,3
69841,Voćin,69841,4995,Voćin,4995,10,Virovitičko-podravska,10
69850,Vode,69850,558,Čabar,558,8,Primorsko-goranska,8
69868,Vodena Draga,69868,302,Bosiljevo,302,4,Karlovačka,4
69876,Vodice,69876,523,Cres,523,8,Primorsko-goranska,8
69884,Vodice,69884,2232,Lanišće,2232,18,Istarska,18
69892,Vodice,69892,5002,Vodice,5002,15,Šibensko-kninska,15
69906,Vodnjan,69906,5029,Vodnjan,5029,18,Istarska,18
69914,Vodostaj,69914,1791,Karlovac,1791,4,Karlovačka,4
69922,Vodoteč,69922,370,Brinje,370,9,Ličko-senjska,9
69949,Vodovađa,69949,1988,Konavle,1988,19,Dubrovačko-neretvanska,19
69957,Vođinci,69957,5843,Vođinci,5843,16,Vukovarsko-srijemska,16
69965,Vojakovac,69965,2143,Križevci,2143,6,Koprivničko-križevačka,6
69973,Vojišnica,69973,5037,Vojnić,5037,4,Karlovačka,4
69981,Vojlovica,69981,566,Čačinci,566,10,Virovitičko-podravska,10
69990,Vojnić,69990,5037,Vojnić,5037,4,Karlovačka,4
70009,Vojnić Sinjski,70009,4600,Trilj,4600,17,Splitsko-dalmatinska,17
70017,Vojnić-Breg,70017,116,Bedekovčina,116,2,Krapinsko-zagorska,2
70025,Vojnovac,70025,1724,Josipdol,1724,4,Karlovačka,4
70033,Vojnovec Kalnički,70033,5606,Kalnik,5606,6,Koprivničko-križevačka,6
70041,Vojnovec Loborski,70041,2364,Lobor,2364,2,Krapinsko-zagorska,2
70050,Vojnović Brdo,70050,2160,Krnjak,2160,4,Karlovačka,4
70068,Vojsak,70068,3522,Pregrada,3522,2,Krapinsko-zagorska,2
70076,Vojvodinec,70076,3662,Rasinja,3662,6,Koprivničko-križevačka,6
70084,Volarice,70084,3875,Senj,3875,9,Ličko-senjska,9
70092,Volavec,70092,1252,Gornja Stubica,1252,2,Krapinsko-zagorska,2
70106,Volavje,70106,1694,Jastrebarsko,1694,1,Zagrebačka,1
70114,Volinja,70114,1023,Dvor,1023,3,Sisačko-moslavačka,3
70149,Voljavec Riječki,70149,4421,Sveti Petar Orehovec,4421,6,Koprivničko-križevačka,6
70122,Voloder,70122,3476,Popovača,3476,3,Sisačko-moslavačka,3
70157,Vorkapić,70157,4570,Topusko,4570,3,Sisačko-moslavačka,3
70165,Voštane,70165,4600,Trilj,4600,17,Splitsko-dalmatinska,17
70173,Vošteni,70173,4316,Sveti Lovreč,4316,18,Istarska,18
70181,Vozilići,70181,2178,Kršan,2178,18,Istarska,18
70190,Vrabač,70190,4600,Trilj,4600,17,Splitsko-dalmatinska,17
70220,Vran Dolac,70220,4600,Trilj,4600,17,Splitsko-dalmatinska,17
70203,Vrana,70203,523,Cres,523,8,Primorsko-goranska,8
70211,Vrana,70211,3174,Pakoštane,3174,13,Zadarska,13
70238,Vraneševci,70238,574,Čađavica,574,10,Virovitičko-podravska,10
70246,Vranić,70246,353,Brestovac,353,11,Požeško-slavonska,11
70262,Vranići Kod Višnjana,70262,4979,Višnjan,4979,18,Istarska,18
70289,Vranići Kod Vižinade,70289,4987,Vižinada,4987,18,Istarska,18
70297,Vranik,70297,2402,Lovinac,2402,9,Ličko-senjska,9
70378,Vranja,70378,2461,Lupoglav,2461,18,Istarska,18
70386,Vranjak Žumberački,70386,5339,Krašić,5339,1,Zagrebačka,1
70394,Vranje Selo,70394,4987,Vižinada,4987,18,Istarska,18
70408,Vranjic,70408,4065,Solin,4065,17,Splitsko-dalmatinska,17
70319,Vrankovec,70319,4308,Sveti Križ Začretje,4308,2,Krapinsko-zagorska,2
70327,Vranojelje,70327,124,Bednja,124,5,Varaždinska,5
70335,Vranov Dol,70335,1694,Jastrebarsko,1694,1,Zagrebačka,1
70343,Vranovača,70343,4553,Plitvička Jezera,4553,9,Ličko-senjska,9
70351,Vranovci,70351,5673,Bukovlje,5673,12,Brodsko-posavska,12
70360,Vranovine,70360,1309,Gospić,1309,9,Ličko-senjska,9
70424,Vrata,70424,1171,Fužine,1171,8,Primorsko-goranska,8
70432,Vrataruša,70432,3875,Senj,3875,9,Ličko-senjska,9
70459,Vratečko,70459,3280,Petrinja,3280,3,Sisačko-moslavačka,3
70467,Vratišinec,70467,5045,Vratišinec,5045,20,Međimurska,20
70475,Vratnik,70475,3875,Senj,3875,9,Ličko-senjska,9
70483,Vratnik Samoborski,70483,3808,Samobor,3808,1,Zagrebačka,1
70491,Vratno Otok,70491,485,Cestica,485,5,Varaždinska,5
70513,Vrbani,70513,4987,Vižinada,4987,18,Istarska,18
70548,Vrbanj,70548,4138,Stari Grad,4138,17,Splitsko-dalmatinska,17
70556,Vrbanja,70556,5053,Vrbanja,5053,16,Vukovarsko-srijemska,16
70521,Vrbanovec,70521,850,Donji Martijanec,850,5,Varaždinska,5
70530,Vrbanska Draga,70530,3158,Ozalj,3158,4,Karlovačka,4
70564,Vrbica,70564,3867,Semeljci,3867,14,Osječko-baranjska,14
70572,Vrbica,70572,4839,Veliko Trojstvo,4839,7,Bjelovarsko-bilogorska,7
70599,Vrbišnica,70599,1520,Hum Na Sutli,1520,2,Krapinsko-zagorska,2
70602,Vrbje,70602,5061,Vrbje,5061,12,Brodsko-posavska,12
70629,Vrbnik,70629,3107,Orlić,3107,15,Šibensko-kninska,15
70637,Vrbnik,70637,5070,Vrbnik,5070,8,Primorsko-goranska,8
70645,Vrbno,70645,124,Bednja,124,5,Varaždinska,5
70653,Vrboska,70653,1716,Jelsa,1716,17,Splitsko-dalmatinska,17
70661,Vrbova,70661,4189,Staro Petrovo Selo,4189,12,Brodsko-posavska,12
70670,Vrbovac,70670,671,Daruvar,671,7,Bjelovarsko-bilogorska,7
70688,Vrbovec,70688,5088,Vrbovec,5088,1,Zagrebačka,1
70696,Vrbovec Samoborski,70696,3808,Samobor,3808,1,Zagrebačka,1
70700,Vrbovečki Pavlovec,70700,5088,Vrbovec,5088,1,Zagrebačka,1
70718,Vrbovljani,70718,2992,Okučani,2992,12,Brodsko-posavska,12
70726,Vrbovo,70726,1465,Hrašćina,1465,2,Krapinsko-zagorska,2
70734,Vrbovo Posavsko,70734,5428,Orle,5428,1,Zagrebačka,1
70742,Vrbovsko,70742,5096,Vrbovsko,5096,8,Primorsko-goranska,8
70769,Vrčići,70769,3166,Pag,3166,13,Zadarska,13
70777,Vrčin Dol,70777,3344,Pleternica,3344,11,Požeško-slavonska,11
70785,Vrebac,70785,1309,Gospić,1309,9,Ličko-senjska,9
70793,Vrećari,70793,4324,Sveta Nedelja,4324,18,Istarska,18
70807,Vrelo Koreničko,70807,4553,Plitvička Jezera,4553,9,Ličko-senjska,9
70815,Vrgada,70815,3174,Pakoštane,3174,13,Zadarska,13
70823,Vrginmost,70823,5100,Gvozd,5100,3,Sisačko-moslavačka,3
70831,Vrgorac,70831,5118,Vrgorac,5118,17,Splitsko-dalmatinska,17
70840,Vrh,70840,434,Buzet,434,18,Istarska,18
70858,Vrh,70858,2151,Krk,2151,8,Primorsko-goranska,8
70866,Vrh Brodski,70866,3930,Skrad,3930,8,Primorsko-goranska,8
70882,Vrh Lašići,70882,4987,Vižinada,4987,18,Istarska,18
70904,Vrh Letovanićki,70904,2283,Lekenik,2283,3,Sisačko-moslavačka,3
75680,Vrh Martinšćice,75680,5380,Kostrena,5380,8,Primorsko-goranska,8
70912,Vrh Visočki,70912,4936,Visoko,4936,5,Varaždinska,5
70939,Vrhi Pregradski,70939,3522,Pregrada,3522,2,Krapinsko-zagorska,2
70947,Vrhi Vinagorski,70947,3522,Pregrada,3522,2,Krapinsko-zagorska,2
70955,Vrhjani,70955,4979,Višnjan,4979,18,Istarska,18
70963,Vrhova Gorica,70963,302,Bosiljevo,302,4,Karlovačka,4
70971,Vrhovac,70971,3158,Ozalj,3158,4,Karlovačka,4
70980,Vrhovac Sokolovački,70980,4057,Sokolovac,4057,6,Koprivničko-križevačka,6
70998,Vrhovački Sopot,70998,3158,Ozalj,3158,4,Karlovačka,4
71005,Vrhovci,71005,558,Čabar,558,8,Primorsko-goranska,8
71013,Vrhovčak,71013,3808,Samobor,3808,1,Zagrebačka,1
71021,Vrhovec,71021,5088,Vrbovec,5088,1,Zagrebačka,1
71030,Vrhovec Bednjanski,71030,124,Bednja,124,5,Varaždinska,5
71048,Vrhovina,71048,1180,Garčin,1180,12,Brodsko-posavska,12
71056,Vrhovine,71056,5126,Vrhovine,5126,9,Ličko-senjska,9
71064,Vrhovljan,71064,4413,Sveti Martin Na Muri,4413,20,Međimurska,20
71072,Vrisnik,71072,1716,Jelsa,1716,17,Splitsko-dalmatinska,17
71099,Vrlika,71099,5134,Vrlika,5134,17,Splitsko-dalmatinska,17
71102,Vrnjak,71102,1384,Grožnjan,1384,18,Istarska,18
71129,Vrpile,71129,4553,Plitvička Jezera,4553,9,Ličko-senjska,9
71137,Vrpolje,71137,1961,Knin,1961,15,Šibensko-kninska,15
71145,Vrpolje,71145,4448,Šibenik,4448,15,Šibensko-kninska,15
71153,Vrpolje,71153,4600,Trilj,4600,17,Splitsko-dalmatinska,17
71161,Vrpolje,71161,5142,Vrpolje,5142,12,Brodsko-posavska,12
71188,Vrsar,71188,5169,Vrsar,5169,18,Istarska,18
71196,Vrsi,71196,2828,Nin,2828,13,Zadarska,13
71200,Vrsine,71200,2585,Marina,2585,17,Splitsko-dalmatinska,17
71218,Vrsno,71218,4448,Šibenik,4448,15,Šibensko-kninska,15
71226,Vrškovac,71226,3158,Ozalj,3158,4,Karlovačka,4
71234,Vrtlinovec,71234,4731,Varaždinske Toplice,4731,5,Varaždinska,5
71242,Vrtlinska,71242,639,Čazma,639,7,Bjelovarsko-bilogorska,7
71269,Vrtnjakovec,71269,2127,Krapinske Toplice,2127,2,Krapinsko-zagorska,2
71285,Vrvari,71285,3484,Poreč,3484,18,Istarska,18
71293,Vrzići,71293,3875,Senj,3875,9,Ličko-senjska,9
71307,Vržnaveri,71307,3484,Poreč,3484,18,Istarska,18
71323,Vučak,71323,795,Donja Stubica,795,2,Krapinsko-zagorska,2
71331,Vučani,71331,639,Čazma,639,7,Bjelovarsko-bilogorska,7
71340,Vučetinec,71340,4405,Sveti Juraj Na Bregu,4405,20,Međimurska,20
71358,Vučevci,71358,4944,Viškovci,4944,14,Osječko-baranjska,14
71366,Vučevica,71366,1929,Klis,1929,17,Splitsko-dalmatinska,17
71374,Vučilčevo,71374,5495,Dubravica,5495,1,Zagrebačka,1
71382,Vučinići,71382,5096,Vrbovsko,5096,8,Primorsko-goranska,8
71404,Vučipolje,71404,1317,Gračac,1317,13,Zadarska,13
71412,Vučipolje,71412,1481,Hrvace,1481,17,Splitsko-dalmatinska,17
71439,Vučjak Feričanački,71439,1163,Feričanci,1163,14,Osječko-baranjska,14
71455,Vučnik,71455,5096,Vrbovsko,5096,8,Primorsko-goranska,8
71463,Vuger Selo,71463,1333,Grad Zagreb,1333,22,Grad Zagreb,22
71471,Vuglovec,71471,1562,Ivanec,1562,5,Varaždinska,5
71480,Vugrišinec,71480,6041,Gornji Mihaljevec,6041,20,Međimurska,20
71498,Vugrovec Donji,71498,1333,Grad Zagreb,1333,22,Grad Zagreb,22
71501,Vugrovec Gornji,71501,1333,Grad Zagreb,1333,22,Grad Zagreb,22
71510,Vujići Vojakovački,71510,2143,Križevci,2143,6,Koprivničko-križevačka,6
71528,Vujnovići,71528,5096,Vrbovsko,5096,8,Primorsko-goranska,8
71536,Vuka,71536,5177,Vuka,5177,14,Osječko-baranjska,14
71544,Vukanci,71544,2488,Mače,2488,2,Krapinsko-zagorska,2
71552,Vukanovec,71552,6041,Gornji Mihaljevec,6041,20,Međimurska,20
75868,Vukelić Poljana,75868,3786,Saborsko,3786,4,Karlovačka,4
71587,Vukelići,71587,5096,Vrbovsko,5096,8,Primorsko-goranska,8
71595,Vuketić,71595,3158,Ozalj,3158,4,Karlovačka,4
71609,Vukmanić,71609,1791,Karlovac,1791,4,Karlovačka,4
71617,Vukoder,71617,1791,Karlovac,1791,4,Karlovačka,4
71625,Vukojevci,71625,2780,Našice,2780,14,Osječko-baranjska,14
71633,Vukojevica,71633,582,Čaglin,582,11,Požeško-slavonska,11
71641,Vukomerić,71641,5410,Velika Gorica,5410,1,Zagrebačka,1
71650,Vukosavljevica,71650,4499,Špišić Bukovica,4499,10,Virovitičko-podravska,10
71668,Vukoševac,71668,4260,Sunja,4260,3,Sisačko-moslavačka,3
71676,Vukova Gorica,71676,2810,Netretić,2810,4,Karlovačka,4
71684,Vukovar,71684,5185,Vukovar,5185,16,Vukovarsko-srijemska,16
71692,Vukovec,71692,4421,Sveti Petar Orehovec,4421,6,Koprivničko-križevačka,6
71706,Vukovije,71706,1058,Đulovac,1058,7,Bjelovarsko-bilogorska,7
71714,Vukovina,71714,5410,Velika Gorica,5410,1,Zagrebačka,1
71722,Vukovje Zelinsko,71722,4294,Sveti Ivan Zelina,4294,1,Zagrebačka,1
71749,Vukovo Brdo,71749,5401,Žumberak,5401,1,Zagrebačka,1
71757,Vukovo Selo,71757,345,Brdovec,345,1,Zagrebačka,1
71765,Vukovoj,71765,1899,Klenovnik,1899,5,Varaždinska,5
71773,Vuksani,71773,3158,Ozalj,3158,4,Karlovačka,4
71781,Vukšić,71781,175,Benkovac,175,13,Zadarska,13
71790,Vukšin Šipak,71790,1694,Jastrebarsko,1694,1,Zagrebačka,1
71803,Vukšinec Riječki,71803,4421,Sveti Petar Orehovec,4421,6,Koprivničko-križevačka,6
71811,Vularija,71811,6050,Orehovica,6050,20,Međimurska,20
71820,Vulišinec,71820,2291,Lepoglava,2291,5,Varaždinska,5
71838,Vurnovec,71838,1333,Grad Zagreb,1333,22,Grad Zagreb,22
71846,Vurot,71846,3913,Sisak,3913,3,Sisačko-moslavačka,3
71854,Zablatje,71854,2275,Legrad,2275,6,Koprivničko-križevačka,6
71862,Zablatje Posavsko,71862,5410,Velika Gorica,5410,1,Zagrebačka,1
71889,Zabok,71889,5193,Zabok,5193,2,Krapinsko-zagorska,2
71897,Zaborsko Selo,71897,2810,Netretić,2810,4,Karlovačka,4
71919,Zabrđe,71919,1350,Gradec,1350,1,Zagrebačka,1
71927,Zabrđe,71927,4197,Ston,4197,19,Dubrovačko-neretvanska,19
71935,Zabrežani,71935,3212,Pazin,3212,18,Istarska,18
71943,Zabukovac,71943,2909,Novi Vinodolski,2909,8,Primorsko-goranska,8
71951,Zadar,71951,5207,Zadar,5207,13,Zadarska,13
71960,Zadobarje,71960,1791,Karlovac,1791,4,Karlovačka,4
71978,Zadravec,71978,116,Bedekovčina,116,2,Krapinsko-zagorska,2
71986,Zadrkovec,71986,4294,Sveti Ivan Zelina,4294,1,Zagrebačka,1
71994,Zadubravlje,71994,1180,Garčin,1180,12,Brodsko-posavska,12
72001,Zadvarje,72001,5959,Zadvarje,5959,17,Splitsko-dalmatinska,17
72010,Zadvorsko,72010,1333,Grad Zagreb,1333,22,Grad Zagreb,22
72028,Zaglav,72028,3794,Sali,3794,13,Zadarska,13
72036,Zagolik,72036,698,Delnice,698,8,Primorsko-goranska,8
72044,Zagora,72044,2119,Krapina,2119,2,Krapinsko-zagorska,2
72052,Zagore,72052,2739,Mošćenička Draga,2739,8,Primorsko-goranska,8
72079,Zagorje,72079,2160,Krnjak,2160,4,Karlovačka,4
72087,Zagorje,72087,2178,Kršan,2178,18,Istarska,18
72095,Zagorje,72095,2976,Ogulin,2976,4,Karlovačka,4
72109,Zagorska Sela,72109,5215,Zagorska Sela,5215,2,Krapinsko-zagorska,2
72117,Zagrad,72117,175,Benkovac,175,13,Zadarska,13
72125,Zagradci,72125,2810,Netretić,2810,4,Karlovačka,4
72133,Zagrađe,72133,3344,Pleternica,3344,11,Požeško-slavonska,11
72141,Zagraj,72141,1791,Karlovac,1791,4,Karlovačka,4
72150,Zagreb,72150,1333,Grad Zagreb,1333,22,Grad Zagreb,22
72168,Zagvozd,72168,5223,Zagvozd,5223,17,Splitsko-dalmatinska,17
72176,Zahrt,72176,388,Brod Moravice,388,8,Primorsko-goranska,8
72192,Zaistovec,72192,4421,Sveti Petar Orehovec,4421,6,Koprivničko-križevačka,6
72206,Zajačko Selo,72206,3158,Ozalj,3158,4,Karlovačka,4
72214,Zajci,72214,3301,Pićan,3301,18,Istarska,18
72222,Zajezda,72222,418,Budinščina,418,2,Krapinsko-zagorska,2
72249,Zaklepica,72249,1589,Ivanić-Grad,1589,1,Zagrebačka,1
72257,Zaklopac,72257,1317,Gračac,1317,13,Zadarska,13
72265,Zaklopača,72265,4553,Plitvička Jezera,4553,9,Ličko-senjska,9
72273,Zaklopatica,72273,2267,Lastovo,2267,19,Dubrovačko-neretvanska,19
72281,Zakopa,72281,1023,Dvor,1023,3,Sisačko-moslavačka,3
72290,Zakorenje,72290,353,Brestovac,353,11,Požeško-slavonska,11
72303,Zakrajc Brodski,72303,3930,Skrad,3930,8,Primorsko-goranska,8
72311,Zakrajc Turkovski,72311,698,Delnice,698,8,Primorsko-goranska,8
72320,Zakučac,72320,3000,Omiš,3000,17,Splitsko-dalmatinska,17
72338,Zalesina,72338,698,Delnice,698,8,Primorsko-goranska,8
72346,Zaloj,72346,1210,Glina,1210,3,Sisačko-moslavačka,3
72354,Zalug,72354,1520,Hum Na Sutli,1520,2,Krapinsko-zagorska,2
72362,Zaluka,72362,3158,Ozalj,3158,4,Karlovačka,4
72389,Zaluka Lipnička,72389,5304,Žakanje,5304,4,Karlovačka,4
72397,Zaluki,72397,2615,Matulji,2615,8,Primorsko-goranska,8
72419,Zalužje,72419,2291,Lepoglava,2291,5,Varaždinska,5
72427,Zalužnica,72427,5126,Vrhovine,5126,9,Ličko-senjska,9
72435,Zamask,72435,3212,Pazin,3212,18,Istarska,18
72443,Zamaski Dol,72443,3212,Pazin,3212,18,Istarska,18
76309,Zamaslina,76309,4197,Ston,4197,19,Dubrovačko-neretvanska,19
72451,Zambratija,72451,4685,Umag,4685,18,Istarska,18
72460,Zamlača,72460,1023,Dvor,1023,3,Sisačko-moslavačka,3
72478,Zamlača,72478,4847,Vidovec,4847,5,Varaždinska,5
72486,Zamladinec,72486,4421,Sveti Petar Orehovec,4421,6,Koprivničko-križevačka,6
72494,Zamlaka,72494,4626,Trnovec Bartolovečki,4626,5,Varaždinska,5
72508,Zamost,72508,558,Čabar,558,8,Primorsko-goranska,8
72516,Zamost Brodski,72516,698,Delnice,698,8,Primorsko-goranska,8
72524,Zamršje,72524,1791,Karlovac,1791,4,Karlovačka,4
72532,Zankovci,72532,2178,Kršan,2178,18,Istarska,18
72559,Zaostrog,72559,1341,Gradac,1341,17,Splitsko-dalmatinska,17
72567,Zapeć,72567,5096,Vrbovsko,5096,8,Primorsko-goranska,8
72575,Zapoljak,72575,4006,Slunj,4006,4,Karlovačka,4
72583,Zapolje,72583,3727,Rešetari,3727,12,Brodsko-posavska,12
72591,Zapolje Brodsko,72591,698,Delnice,698,8,Primorsko-goranska,8
72605,Zaprešić,72605,5436,Zaprešić,5436,1,Zagrebačka,1
72613,Zapuntel,72613,5207,Zadar,5207,13,Zadarska,13
72621,Zapužane,72621,175,Benkovac,175,13,Zadarska,13
72630,Zaraće,72630,1538,Hvar,1538,17,Splitsko-dalmatinska,17
72648,Zarečje,72648,3212,Pazin,3212,18,Istarska,18
72656,Zarilac,72656,3344,Pleternica,3344,11,Požeško-slavonska,11
72664,Zasadbreg,72664,4405,Sveti Juraj Na Bregu,4405,20,Međimurska,20
72672,Zasiok,72672,1481,Hrvace,1481,17,Splitsko-dalmatinska,17
72699,Zastenice,72699,612,Čavle,612,8,Primorsko-goranska,8
72702,Zastolje,72702,1988,Konavle,1988,19,Dubrovačko-neretvanska,19
72729,Zastražišće,72729,1716,Jelsa,1716,17,Splitsko-dalmatinska,17
72737,Zatka Čepić,72737,2178,Kršan,2178,18,Istarska,18
76457,Zatoglav,76457,5827,Rogoznica,5827,15,Šibensko-kninska,15
72745,Zaton,72745,981,Dubrovnik,981,19,Dubrovačko-neretvanska,19
72753,Zaton,72753,2828,Nin,2828,13,Zadarska,13
72761,Zaton,72761,4448,Šibenik,4448,15,Šibensko-kninska,15
72770,Zaton Doli,72770,4197,Ston,4197,19,Dubrovačko-neretvanska,19
72788,Zaton Obrovački,72788,1678,Jasenice,1678,13,Zadarska,13
72796,Zaumol,72796,5096,Vrbovsko,5096,8,Primorsko-goranska,8
72800,Zavala,72800,1716,Jelsa,1716,17,Splitsko-dalmatinska,17
76066,Zavala,76066,3999,Slivno,3999,19,Dubrovačko-neretvanska,19
72818,Zaveščak,72818,3859,Selnica,3859,20,Međimurska,20
72826,Zavođe,72826,1309,Gospić,1309,9,Ličko-senjska,9
72834,Zavojane,72834,5118,Vrgorac,5118,17,Splitsko-dalmatinska,17
75396,Zavrelje,75396,6025,Župa Dubrovačka,6025,19,Dubrovačko-neretvanska,19
72842,Zavrh,72842,388,Brod Moravice,388,8,Primorsko-goranska,8
72869,Završje,72869,353,Brestovac,353,11,Požeško-slavonska,11
72877,Završje,72877,388,Brod Moravice,388,8,Primorsko-goranska,8
72885,Završje,72885,1384,Grožnjan,1384,18,Istarska,18
72893,Završje,72893,3883,Sibinj,3883,12,Brodsko-posavska,12
72907,Završje Belečko,72907,5266,Zlatar,5266,2,Krapinsko-zagorska,2
72915,Završje Loborsko,72915,2364,Lobor,2364,2,Krapinsko-zagorska,2
72923,Završje Netretićko,72923,2810,Netretić,2810,4,Karlovačka,4
72931,Završje Podbelsko,72931,2895,Novi Marof,2895,5,Varaždinska,5
72940,Završje Začretsko,72940,4308,Sveti Križ Začretje,4308,2,Krapinsko-zagorska,2
72958,Zbelava,72958,4723,Varaždin,4723,5,Varaždinska,5
72966,Zbičina,72966,523,Cres,523,8,Primorsko-goranska,8
72974,Zbišina,72974,523,Cres,523,8,Primorsko-goranska,8
72982,Zbjeg,72982,108,Bebrina,108,12,Brodsko-posavska,12
73008,Zbjegovača,73008,2208,Kutina,2208,3,Sisačko-moslavačka,3
73016,Zdenac,73016,5576,Tounj,5576,4,Karlovačka,4
73024,Zdenci,73024,5240,Zdenci,5240,10,Virovitičko-podravska,10
73032,Zdenci Brdovečki,73032,345,Brdovec,345,1,Zagrebačka,1
73059,Zdenčac,73059,1198,Garešnica,1198,7,Bjelovarsko-bilogorska,7
73067,Zdenčec,73067,639,Čazma,639,7,Bjelovarsko-bilogorska,7
73075,Zdihovo,73075,1694,Jastrebarsko,1694,1,Zagrebačka,1
73083,Zdihovo,73083,5096,Vrbovsko,5096,8,Primorsko-goranska,8
73091,Zebanec Selo,73091,3859,Selnica,3859,20,Međimurska,20
73105,Zeci,73105,5312,Žminj,5312,18,Istarska,18
73113,Zečev Varoš,73113,4006,Slunj,4006,4,Karlovačka,4
73121,Zečevo,73121,1848,Kistanje,1848,15,Šibensko-kninska,15
73130,Zečevo Rogozničko,73130,5827,Rogoznica,5827,15,Šibensko-kninska,15
73156,Zelčin,73156,4715,Valpovo,4715,14,Osječko-baranjska,14
75973,Zelendvor,75973,3263,Petrijanec,3263,5,Varaždinska,5
73164,Zelengrad,73164,2968,Obrovac,2968,13,Zadarska,13
73172,Zeleno Polje,73172,3255,Petlovac,3255,14,Osječko-baranjska,14
73199,Zelin Crnoluški,73199,698,Delnice,698,8,Primorsko-goranska,8
73202,Zelin Mrzlovodički,73202,2372,Lokve,2372,8,Primorsko-goranska,8
73229,Zelina Breška,73229,1589,Ivanić-Grad,1589,1,Zagrebačka,1
73237,Zelovo,73237,3891,Sinj,3891,17,Splitsko-dalmatinska,17
73245,Zelovo Sutinsko,73245,876,Muć,876,17,Splitsko-dalmatinska,17
73253,Zemunik Donji,73253,5258,Zemunik Donji,5258,13,Zadarska,13
73261,Zemunik Gornji,73261,5258,Zemunik Donji,5258,13,Zadarska,13
73270,Zetkan,73270,973,Dubrava,973,1,Zagrebačka,1
73288,Zgališće,73288,973,Dubrava,973,1,Zagrebačka,1
73296,Zgrabljići,73296,4316,Sveti Lovreč,4316,18,Istarska,18
73300,Zgurić Brdo,73300,5444,Pokupsko,5444,1,Zagrebačka,1
73318,Zidarići,73318,2534,Malinska-Dubašnica,2534,8,Primorsko-goranska,8
73326,Zimić,73326,2160,Krnjak,2160,4,Karlovačka,4
73334,Zinajevac,73334,78,Barilovići,78,4,Karlovačka,4
73342,Zirčica,73342,2593,Martinska Ves,2593,3,Sisačko-moslavačka,3
73369,Zlarin,73369,4448,Šibenik,4448,15,Šibensko-kninska,15
73377,Zlatar,73377,5266,Zlatar,5266,2,Krapinsko-zagorska,2
73385,Zlatar-Bistrica,73385,5274,Zlatar-Bistrica,5274,2,Krapinsko-zagorska,2
73393,Zlatna Greda,73393,213,Bilje,213,14,Osječko-baranjska,14
73407,Zleć,73407,4308,Sveti Križ Začretje,4308,2,Krapinsko-zagorska,2
73415,Zlobin,73415,43,Bakar,43,8,Primorsko-goranska,8
73423,Zlogonje,73423,2291,Lepoglava,2291,5,Varaždinska,5
73431,Zmajevac,73431,1953,Kneževi Vinogradi,1953,14,Osječko-baranjska,14
73440,Zmijavci,73440,5282,Zmijavci,5282,17,Splitsko-dalmatinska,17
73458,Znož,73458,5266,Zlatar,5266,2,Krapinsko-zagorska,2
73466,Zokov Gaj,73466,5240,Zdenci,5240,10,Virovitičko-podravska,10
73474,Zoljan,73474,2780,Našice,2780,14,Osječko-baranjska,14
73482,Zoljani,73482,3034,Oprisavci,3034,12,Brodsko-posavska,12
73504,Zoretići,73504,1708,Jelenje,1708,8,Primorsko-goranska,8
73512,Zoričići,73512,531,Crikvenica,531,8,Primorsko-goranska,8
73539,Zoričići,73539,4979,Višnjan,4979,18,Istarska,18
73547,Zorkovac,73547,3158,Ozalj,3158,4,Karlovačka,4
73555,Zorkovac Na Kupi,73555,3158,Ozalj,3158,4,Karlovačka,4
73563,Zorkovac Vivodinski,73563,3158,Ozalj,3158,4,Karlovačka,4
73571,Zrenj,73571,3042,Oprtalj,3042,18,Istarska,18
73580,Zrin,73580,1023,Dvor,1023,3,Sisačko-moslavačka,3
73628,Zrinj Lukački,73628,2453,Lukač,2453,10,Virovitičko-podravska,10
73598,Zrinska,73598,4804,Veliki Grđevac,4804,7,Bjelovarsko-bilogorska,7
14311,Zrinska Draga,14311,1023,Dvor,1023,3,Sisačko-moslavačka,3
4952,Zrinski Brđani,4952,1023,Dvor,1023,3,Sisačko-moslavačka,3
73601,Zrinski Topolovac,73601,5665,Zrinski Topolovac,5665,7,Bjelovarsko-bilogorska,7
73610,Zrinšćina,73610,4294,Sveti Ivan Zelina,4294,1,Zagrebačka,1
73636,Zrmanja,73636,1317,Gračac,1317,13,Zadarska,13
73644,Zrmanja Vrelo,73644,1317,Gračac,1317,13,Zadarska,13
73679,Zubovići,73679,2887,Novalja,2887,9,Ličko-senjska,9
73687,Zut,73687,1023,Dvor,1023,3,Sisačko-moslavačka,3
73695,Zvečaj,73695,990,Duga Resa,990,4,Karlovačka,4
73709,Zvečanje,73709,3000,Omiš,3000,17,Splitsko-dalmatinska,17
73717,Zvekovac,73717,973,Dubrava,973,1,Zagrebačka,1
73725,Zvekovica,73725,1988,Konavle,1988,19,Dubrovačko-neretvanska,19
73733,Zverinac,73733,3794,Sali,3794,13,Zadarska,13
73741,Zvijerci,73741,248,Bjelovar,248,7,Bjelovarsko-bilogorska,7
73750,Zvjerinac,73750,3107,Orlić,3107,15,Šibensko-kninska,15
73768,Zvoneće,73768,2615,Matulji,2615,8,Primorsko-goranska,8
73776,Zvonik,73776,1147,Farkaševac,1147,1,Zagrebačka,1
73784,Zvonimirovac,73784,574,Čađavica,574,10,Virovitičko-podravska,10
73792,Zvonimirovo,73792,4243,Suhopolje,4243,10,Virovitičko-podravska,10
73806,Žabica,73806,1309,Gospić,1309,9,Ličko-senjska,9
73814,Žabjak,73814,3751,Rovišće,3751,7,Bjelovarsko-bilogorska,7
73822,Žabljak,73822,78,Barilovići,78,4,Karlovačka,4
73849,Žabnica,73849,1147,Farkaševac,1147,1,Zagrebačka,1
73857,Žabnik,73857,4413,Sveti Martin Na Muri,4413,20,Međimurska,20
73865,Žabnik,73865,4626,Trnovec Bartolovečki,4626,5,Varaždinska,5
73881,Žabnjača,73881,540,Crnac,540,10,Virovitičko-podravska,10
73890,Žabnjak,73890,3565,Preseka,3565,1,Zagrebačka,1
73873,Žabno,73873,3913,Sisak,3913,3,Sisačko-moslavačka,3
75957,Žaborić,75957,4448,Šibenik,4448,15,Šibensko-kninska,15
73903,Žagrići,73903,5312,Žminj,5312,18,Istarska,18
73911,Žagrović,73911,1961,Knin,1961,15,Šibensko-kninska,15
73920,Žakanje,73920,5304,Žakanje,5304,4,Karlovačka,4
73938,Žakule,73938,5096,Vrbovsko,5096,8,Primorsko-goranska,8
73946,Žamarija,73946,5401,Žumberak,5401,1,Zagrebačka,1
73954,Žarovnica,73954,2291,Lepoglava,2291,5,Varaždinska,5
73962,Žažina,73962,2283,Lekenik,2283,3,Sisačko-moslavačka,3
73989,Žažvić,73989,3948,Skradin,3948,15,Šibensko-kninska,15
73997,Žbandaj,73997,3484,Poreč,3484,18,Istarska,18
74004,Ždala,74004,1228,Gola,1228,6,Koprivničko-križevačka,6
74012,Ždralovi,74012,248,Bjelovar,248,7,Bjelovarsko-bilogorska,7
74039,Ždrapanj,74039,3948,Skradin,3948,15,Šibensko-kninska,15
74047,Ždrelac,74047,3204,Pašman,3204,13,Zadarska,13
76620,Ždrilo,76605,3492,Posedarje,3492,13,Zadarska,13
74055,Žedno,74055,4634,Trogir,4634,17,Splitsko-dalmatinska,17
74063,Žejane,74063,2615,Matulji,2615,8,Primorsko-goranska,8
74071,Žejinci,74071,5487,Luka,5487,1,Zagrebačka,1
74080,Železna Gora,74080,4529,Štrigova,4529,20,Međimurska,20
74098,Želiski,74098,60,Barban,60,18,Istarska,18
74101,Željava,74101,4553,Plitvička Jezera,4553,9,Ličko-senjska,9
74110,Željeznica,74110,1562,Ivanec,1562,5,Varaždinska,5
74128,Željezno Žumberačko,74128,5401,Žumberak,5401,1,Zagrebačka,1
74136,Žena Glava,74136,1970,Komiža,1970,17,Splitsko-dalmatinska,17
74144,Ženodraga,74144,4979,Višnjan,4979,18,Istarska,18
76201,Žerava,76201,2828,Nin,2828,13,Zadarska,13
74179,Žerjavinec,74179,1333,Grad Zagreb,1333,22,Grad Zagreb,22
74187,Žestilac,74187,744,Dobrinj,744,8,Primorsko-goranska,8
74195,Žeževica,74195,4430,Šestanovac,4430,17,Splitsko-dalmatinska,17
74209,Žgaljići,74209,2151,Krk,2151,8,Primorsko-goranska,8
74217,Žgombići,74217,2534,Malinska-Dubašnica,2534,8,Primorsko-goranska,8
74225,Žibrinovec,74225,2143,Križevci,2143,6,Koprivničko-križevačka,6
74233,Židovinjak,74233,116,Bedekovčina,116,2,Krapinsko-zagorska,2
74241,Žigerovci,74241,353,Brestovac,353,11,Požeško-slavonska,11
74250,Žigrovec,74250,4383,Sveti Ilija,4383,5,Varaždinska,5
74268,Žikovići,74268,4979,Višnjan,4979,18,Istarska,18
74276,Žirje,74276,4448,Šibenik,4448,15,Šibensko-kninska,15
74284,Žiroslavje,74284,4243,Suhopolje,4243,10,Virovitičko-podravska,10
74292,Žiškovec,74292,604,Čakovec,604,20,Međimurska,20
74306,Žitarka,74306,4367,Sveta Nedelja,4367,1,Zagrebačka,1
74314,Žitkovčica,74314,5452,Kravarsko,5452,1,Zagrebačka,1
74322,Žitnić,74322,957,Drniš,957,15,Šibensko-kninska,15
74349,Žitomir,74349,4294,Sveti Ivan Zelina,4294,1,Zagrebačka,1
74357,Živaja,74357,1490,Hrvatska Dubica,1490,3,Sisačko-moslavačka,3
74365,Živike,74365,3093,Oriovac,3093,12,Brodsko-posavska,12
74373,Živković Kosa,74373,5037,Vojnić,5037,4,Karlovačka,4
74381,Živogošće,74381,3395,Podgora,3395,17,Splitsko-dalmatinska,17
74390,Žlebec Gorički,74390,5398,Marija Gorica,5398,1,Zagrebačka,1
74403,Žlebec Pušćanski,74403,3620,Pušća,3620,1,Zagrebačka,1
74411,Žlebina,74411,1368,Gradina,1368,10,Virovitičko-podravska,10
74420,Žman,74420,3794,Sali,3794,13,Zadarska,13
74438,Žminj,74438,5312,Žminj,5312,18,Istarska,18
74446,Žnjidarići,74446,3042,Oprtalj,3042,18,Istarska,18
74454,Žonti,74454,434,Buzet,434,18,Istarska,18
74462,Žreme,74462,4260,Sunja,4260,3,Sisačko-moslavačka,3
74489,Žrnovac,74489,3930,Skrad,3930,8,Primorsko-goranska,8
74497,Žrnovnica,74497,4090,Split,4090,17,Splitsko-dalmatinska,17
74519,Žrnovo,74519,2046,Korčula,2046,19,Dubrovačko-neretvanska,19
74527,Žuberkovac,74527,2992,Okučani,2992,12,Brodsko-posavska,12
74535,Žubrica,74535,4243,Suhopolje,4243,10,Virovitičko-podravska,10
74543,Žubrinci,74543,302,Bosiljevo,302,4,Karlovačka,4
74551,Žudetići,74551,4987,Vižinada,4987,18,Istarska,18
75698,Žuknica,75698,5380,Kostrena,5380,8,Primorsko-goranska,8
74560,Žukovec,74560,973,Dubrava,973,1,Zagrebačka,1
74578,Žuljana,74578,4197,Ston,4197,19,Dubrovačko-neretvanska,19
74586,Žumberak,74586,5401,Žumberak,5401,1,Zagrebačka,1
74594,Žunci,74594,5088,Vrbovec,5088,1,Zagrebačka,1
74608,Žuntići,74608,1759,Kanfanar,1759,18,Istarska,18
74616,Župa,74616,5223,Zagvozd,5223,17,Splitsko-dalmatinska,17
74624,Župa Srednja,74624,5223,Zagvozd,5223,17,Splitsko-dalmatinska,17
74632,Županec,74632,2518,Mali Bukovec,2518,5,Varaždinska,5
74659,Županići,74659,4324,Sveta Nedelja,4324,18,Istarska,18
74667,Županja,74667,5347,Županja,5347,16,Vukovarsko-srijemska,16
74675,Županje,74675,744,Dobrinj,744,8,Primorsko-goranska,8
74683,Župić,74683,3280,Petrinja,3280,3,Sisačko-moslavačka,3
75701,Žurkovo,75701,5380,Kostrena,5380,8,Primorsko-goranska,8
74691,Žuta Lokva,74691,370,Brinje,370,9,Ličko-senjska,9
74705,Žutnica,74705,2119,Krapina,2119,2,Krapinsko-zagorska,2
74713,Žužići,74713,4537,Tinjan,4537,18,Istarska,18
74721,Žužići,74721,4979,Višnjan,4979,18,Istarska,18
